mese,codice_cn8,dichiarante,origine,valore_eur,quantita_t,eur_per_kg,fuori_banda
2019-01,27090090,IT,AL,4946242.0,18153.367,0.2725,no
2019-01,27090090,IT,AZ,384415143.0,992691.334,0.3872,no
2019-01,27090090,IT,CA,26715919.0,71129.976,0.3756,no
2019-01,27090090,IT,CM,36189263.0,103488.192,0.3497,no
2019-01,27090090,IT,DE,9540.0,6.621,1.4409,no
2019-01,27090090,IT,DZ,69312611.0,165214.096,0.4195,no
2019-01,27090090,IT,EG,54333001.0,145705.97,0.3729,no
2019-01,27090090,IT,GB,243.0,0.006,40.5,no
2019-01,27090090,IT,IQ,415473613.0,1235781.012,0.3362,no
2019-01,27090090,IT,KZ,21460985.0,55256.881,0.3884,no
2019-01,27090090,IT,LY,196450952.0,531456.72,0.3696,no
2019-01,27090090,IT,NG,136121886.0,358257.245,0.38,no
2019-01,27090090,IT,RU,180053997.0,504896.947,0.3566,no
2019-01,27090090,IT,SA,113530998.0,299249.592,0.3794,no
2019-01,27090090,IT,US,32785240.0,87707.625,0.3738,no
2019-01,27090090,IT,VE,14741968.0,50102.563,0.2942,no
2019-02,27090090,IT,AZ,321543908.0,739321.658,0.4349,no
2019-02,27090090,IT,CA,37458604.0,90898.078,0.4121,no
2019-02,27090090,IT,CM,36407379.0,95669.1,0.3806,no
2019-02,27090090,IT,DE,6148.0,3.762,1.6342,no
2019-02,27090090,IT,EG,56118258.0,129612.365,0.433,no
2019-02,27090090,IT,GB,240.0,0.002,120.0,no
2019-02,27090090,IT,GH,55532518.0,134440.11,0.4131,no
2019-02,27090090,IT,IQ,295227801.0,802613.753,0.3678,no
2019-02,27090090,IT,KZ,130084982.0,314037.942,0.4142,no
2019-02,27090090,IT,LY,262436724.0,652049.042,0.4025,no
2019-02,27090090,IT,NG,152034587.0,363804.145,0.4179,no
2019-02,27090090,IT,NL,579883.0,29906.858,0.0194,no
2019-02,27090090,IT,QV,84958.0,270.6,0.314,no
2019-02,27090090,IT,RU,171130575.0,419706.99,0.4077,no
2019-02,27090090,IT,SA,181009843.0,448339.424,0.4037,no
2019-02,27090090,IT,TN,7439987.0,21073.574,0.353,no
2019-02,27090090,IT,US,30404836.0,75366.071,0.4034,no
2019-02,27090090,IT,VE,30506671.0,118742.242,0.2569,no
2019-03,27090090,IT,AO,110820227.0,260459.272,0.4255,no
2019-03,27090090,IT,AZ,378763090.0,851994.791,0.4446,no
2019-03,27090090,IT,CA,34883933.0,81425.0,0.4284,no
2019-03,27090090,IT,CM,38913034.0,98220.34,0.3962,no
2019-03,27090090,IT,CZ,17.0,0.001,17.0,no
2019-03,27090090,IT,DE,19624.0,10.962,1.7902,no
2019-03,27090090,IT,DZ,36672815.0,81961.503,0.4474,no
2019-03,27090090,IT,EG,58009775.0,133058.536,0.436,no
2019-03,27090090,IT,ES,501.0,0.017,29.4706,no
2019-03,27090090,IT,FR,608.0,0.04,15.2,no
2019-03,27090090,IT,GA,55171527.0,130396.712,0.4231,no
2019-03,27090090,IT,GB,4179.0,0.326,12.819,no
2019-03,27090090,IT,IQ,538235545.0,1363729.316,0.3947,no
2019-03,27090090,IT,KZ,77115464.0,174906.0,0.4409,no
2019-03,27090090,IT,LY,212804386.0,484596.014,0.4391,no
2019-03,27090090,IT,NG,110245359.0,244452.538,0.451,no
2019-03,27090090,IT,NL,5074.0,0.447,11.3512,no
2019-03,27090090,IT,NO,30858755.0,90373.0,0.3415,no
2019-03,27090090,IT,RU,181109319.0,423461.582,0.4277,no
2019-03,27090090,IT,SA,99243458.0,238801.428,0.4156,no
2019-03,27090090,IT,TM,31242112.0,70044.219,0.446,no
2019-03,27090090,IT,TN,17400622.0,42601.19,0.4085,no
2019-03,27090090,IT,US,37493096.0,84032.142,0.4462,no
2019-03,27090090,IT,VE,11727131.0,43837.525,0.2675,no
2019-04,27090090,IT,AL,5506973.0,18581.56,0.2964,no
2019-04,27090090,IT,AO,57648082.0,137828.887,0.4183,no
2019-04,27090090,IT,AZ,469822963.0,997127.777,0.4712,no
2019-04,27090090,IT,CA,43584222.0,91509.097,0.4763,no
2019-04,27090090,IT,DE,7734.0,7.522,1.0282,no
2019-04,27090090,IT,DZ,75062695.0,159578.108,0.4704,no
2019-04,27090090,IT,EG,29888762.0,64759.271,0.4615,no
2019-04,27090090,IT,GB,264.0,0.005,52.8,no
2019-04,27090090,IT,IQ,394112785.0,935988.775,0.4211,no
2019-04,27090090,IT,KZ,145800151.0,309063.458,0.4717,no
2019-04,27090090,IT,LY,271787572.0,596138.744,0.4559,no
2019-04,27090090,IT,NG,160807916.0,349729.908,0.4598,no
2019-04,27090090,IT,NL,95.0,0.001,95.0,no
2019-04,27090090,IT,NO,82940706.0,176123.205,0.4709,no
2019-04,27090090,IT,RU,379189570.0,838066.138,0.4525,no
2019-04,27090090,IT,SA,103052226.0,231983.201,0.4442,no
2019-04,27090090,IT,TM,22076177.0,49868.348,0.4427,no
2019-04,27090090,IT,TN,13481729.0,30377.073,0.4438,no
2019-05,27090090,IT,AL,6771507.0,22000.0,0.3078,no
2019-05,27090090,IT,AO,63045630.0,127956.206,0.4927,no
2019-05,27090090,IT,AZ,373094317.0,741483.929,0.5032,no
2019-05,27090090,IT,CW,6002182.0,15183.133,0.3953,no
2019-05,27090090,IT,DE,19091.0,11.034,1.7302,no
2019-05,27090090,IT,EG,9534214.0,21333.893,0.4469,no
2019-05,27090090,IT,GA,41668587.0,90827.562,0.4588,no
2019-05,27090090,IT,GB,311.0,0.008,38.875,no
2019-05,27090090,IT,IQ,502320095.0,1096055.229,0.4583,no
2019-05,27090090,IT,KZ,209728543.0,426105.8,0.4922,no
2019-05,27090090,IT,LY,282043939.0,594390.778,0.4745,no
2019-05,27090090,IT,NG,126213382.0,259062.572,0.4872,no
2019-05,27090090,IT,NO,118630968.0,243455.942,0.4873,no
2019-05,27090090,IT,RU,208229886.0,444571.111,0.4684,no
2019-05,27090090,IT,SA,288893218.0,627669.716,0.4603,no
2019-05,27090090,IT,TN,20004523.0,44863.135,0.4459,no
2019-06,27090090,IT,AO,54571053.0,122307.854,0.4462,no
2019-06,27090090,IT,AZ,399694516.0,858987.62,0.4653,no
2019-06,27090090,IT,CM,35480771.0,89089.9,0.3983,no
2019-06,27090090,IT,DE,10871.0,7.473,1.4547,no
2019-06,27090090,IT,DZ,35358701.0,76585.72,0.4617,no
2019-06,27090090,IT,EG,29629404.0,65107.396,0.4551,no
2019-06,27090090,IT,FR,121.0,0.002,60.5,no
2019-06,27090090,IT,GB,144.0,0.001,144.0,no
2019-06,27090090,IT,IQ,441066184.0,1084317.728,0.4068,no
2019-06,27090090,IT,KZ,215803199.0,474243.657,0.455,no
2019-06,27090090,IT,LY,163725444.0,358068.899,0.4572,no
2019-06,27090090,IT,NG,164188054.0,362069.434,0.4535,no
2019-06,27090090,IT,QV,78753.0,269.17,0.2926,no
2019-06,27090090,IT,RU,349898080.0,801264.513,0.4367,no
2019-06,27090090,IT,SA,228657020.0,532770.988,0.4292,no
2019-06,27090090,IT,TN,8791596.0,22339.129,0.3936,no
2019-06,27090090,IT,US,146534786.0,322432.21,0.4545,no
2019-07,27090090,IT,AO,60316750.0,144356.408,0.4178,no
2019-07,27090090,IT,AZ,284840386.0,642126.348,0.4436,no
2019-07,27090090,IT,CA,59562207.0,140203.281,0.4248,no
2019-07,27090090,IT,CM,35774832.0,89934.1,0.3978,no
2019-07,27090090,IT,DE,11428.0,7.563,1.511,no
2019-07,27090090,IT,GB,83.0,0.001,83.0,no
2019-07,27090090,IT,IQ,433328738.0,1086938.947,0.3987,no
2019-07,27090090,IT,KZ,202784662.0,456819.538,0.4439,no
2019-07,27090090,IT,LY,317429160.0,718049.372,0.4421,no
2019-07,27090090,IT,NG,220785734.0,486124.735,0.4542,no
2019-07,27090090,IT,RU,546802717.0,1331334.045,0.4107,no
2019-07,27090090,IT,SA,173781763.0,408220.223,0.4257,no
2019-07,27090090,IT,TN,25723188.0,63241.438,0.4067,no
2019-07,27090090,IT,US,90425396.0,215160.597,0.4203,no
2019-08,27090090,IT,AZ,293505093.0,697391.35,0.4209,no
2019-08,27090090,IT,CA,18965333.0,43504.313,0.4359,no
2019-08,27090090,IT,CM,38041800.0,93833.4,0.4054,no
2019-08,27090090,IT,DE,7047.0,4.663,1.5113,no
2019-08,27090090,IT,DZ,68337719.0,153445.264,0.4454,no
2019-08,27090090,IT,EG,80634962.0,198705.929,0.4058,no
2019-08,27090090,IT,GB,36036333.0,87241.001,0.4131,no
2019-08,27090090,IT,GH,54285803.0,129346.52,0.4197,no
2019-08,27090090,IT,IQ,393508649.0,1064731.516,0.3696,no
2019-08,27090090,IT,KZ,289504306.0,703893.045,0.4113,no
2019-08,27090090,IT,LY,382157752.0,922613.244,0.4142,no
2019-08,27090090,IT,MX,27801318.0,88121.211,0.3155,no
2019-08,27090090,IT,NG,112641404.0,271941.496,0.4142,no
2019-08,27090090,IT,NO,37585371.0,87132.292,0.4314,no
2019-08,27090090,IT,RU,273740670.0,699667.651,0.3912,no
2019-08,27090090,IT,SA,169950432.0,399654.868,0.4252,no
2019-08,27090090,IT,TN,5085628.0,11433.157,0.4448,no
2019-08,27090090,IT,TR,63558584.0,161617.546,0.3933,no
2019-08,27090090,IT,US,37874343.0,82146.02,0.4611,no
2019-09,27090090,IT,AO,118032124.0,276861.016,0.4263,no
2019-09,27090090,IT,AT,18.0,0.001,18.0,no
2019-09,27090090,IT,AZ,393829776.0,904767.211,0.4353,no
2019-09,27090090,IT,CG,56171285.0,123648.178,0.4543,no
2019-09,27090090,IT,CM,34140484.0,93045.8,0.3669,no
2019-09,27090090,IT,DE,10114.0,6.45,1.5681,no
2019-09,27090090,IT,DZ,68031114.0,153544.54,0.4431,no
2019-09,27090090,IT,EG,56777637.0,133128.307,0.4265,no
2019-09,27090090,IT,GA,54002891.0,133688.096,0.4039,no
2019-09,27090090,IT,GB,108.0,0.001,108.0,no
2019-09,27090090,IT,IQ,351782407.0,939639.654,0.3744,no
2019-09,27090090,IT,KZ,178062344.0,396805.163,0.4487,no
2019-09,27090090,IT,LY,300872462.0,724229.208,0.4154,no
2019-09,27090090,IT,NG,102712065.0,244096.058,0.4208,no
2019-09,27090090,IT,NO,21787800.0,50457.748,0.4318,no
2019-09,27090090,IT,QV,72563.0,294.61,0.2463,no
2019-09,27090090,IT,RU,480193906.0,1206548.344,0.398,no
2019-09,27090090,IT,SA,233846648.0,576160.242,0.4059,no
2019-09,27090090,IT,TM,18425430.0,44095.301,0.4179,no
2019-09,27090090,IT,US,34778072.0,81728.709,0.4255,no
2019-10,27090090,IT,AZ,538678709.0,1234447.978,0.4364,no
2019-10,27090090,IT,CM,40878778.0,98216.82,0.4162,no
2019-10,27090090,IT,DE,18920.0,12.682,1.4919,no
2019-10,27090090,IT,DZ,67200110.0,153609.472,0.4375,no
2019-10,27090090,IT,EG,27048897.0,65175.946,0.415,no
2019-10,27090090,IT,GB,5847698.0,14776.46,0.3957,no
2019-10,27090090,IT,GQ,34790945.0,85506.654,0.4069,no
2019-10,27090090,IT,IQ,261038465.0,689066.01,0.3788,no
2019-10,27090090,IT,KZ,228286526.0,546239.304,0.4179,no
2019-10,27090090,IT,LY,292551367.0,716919.689,0.4081,no
2019-10,27090090,IT,NG,39951634.0,91216.709,0.438,no
2019-10,27090090,IT,NO,15042588.0,34676.997,0.4338,no
2019-10,27090090,IT,RU,362841027.0,918219.596,0.3952,no
2019-10,27090090,IT,SA,111710935.0,280171.724,0.3987,no
2019-10,27090090,IT,US,22496563.0,52300.0,0.4301,no
2019-10,27090090,IT,VE,11382480.0,29899.665,0.3807,no
2019-11,27090090,IT,AZ,479772820.0,1084064.148,0.4426,no
2019-11,27090090,IT,CM,41462657.0,98017.17,0.423,no
2019-11,27090090,IT,DE,6496.0,4.693,1.3842,no
2019-11,27090090,IT,DZ,34222735.0,76553.224,0.447,no
2019-11,27090090,IT,EG,30304084.0,68073.045,0.4452,no
2019-11,27090090,IT,GB,31202801.0,77069.387,0.4049,no
2019-11,27090090,IT,GH,57492565.0,129114.821,0.4453,no
2019-11,27090090,IT,IQ,329196982.0,897169.31,0.3669,no
2019-11,27090090,IT,KZ,45220098.0,104390.0,0.4332,no
2019-11,27090090,IT,LY,270945455.0,650670.32,0.4164,no
2019-11,27090090,IT,NG,27390081.0,59339.716,0.4616,no
2019-11,27090090,IT,RU,370302415.0,928648.896,0.3988,no
2019-11,27090090,IT,SA,215208024.0,530331.311,0.4058,no
2019-11,27090090,IT,US,99437709.0,230886.888,0.4307,no
2019-11,27090090,IT,VE,13679174.0,33086.857,0.4134,no
2019-12,27090090,IT,AZ,489421223.0,1036813.542,0.472,no
2019-12,27090090,IT,CA,84902709.0,185351.0,0.4581,no
2019-12,27090090,IT,CM,38130096.0,93387.5,0.4083,no
2019-12,27090090,IT,DE,14121.0,11.956,1.1811,no
2019-12,27090090,IT,DZ,83086724.0,174751.711,0.4755,no
2019-12,27090090,IT,EG,31997649.0,67863.987,0.4715,no
2019-12,27090090,IT,GB,34795683.0,91279.0,0.3812,no
2019-12,27090090,IT,IQ,377900101.0,966629.6,0.3909,no
2019-12,27090090,IT,KZ,65658750.0,150776.842,0.4355,no
2019-12,27090090,IT,LY,373654332.0,836395.78,0.4467,no
2019-12,27090090,IT,NG,68631708.0,147867.012,0.4641,no
2019-12,27090090,IT,NO,37283188.0,88342.0,0.422,no
2019-12,27090090,IT,QV,112619.0,320.79,0.3511,no
2019-12,27090090,IT,RU,269583023.0,615932.147,0.4377,no
2019-12,27090090,IT,SA,144068767.0,332442.053,0.4334,no
2019-12,27090090,IT,TN,76764968.0,174446.984,0.44,no
2019-12,27090090,IT,TR,7670526.0,16861.859,0.4549,no
2019-12,27090090,IT,US,20191035.0,42167.88,0.4788,no
2019-12,27090090,IT,VE,45975299.0,163009.374,0.282,no
2020-01,27090090,IT,AO,162767805.0,363088.188,0.4483,no
2020-01,27090090,IT,AZ,577827820.0,1233523.286,0.4684,no
2020-01,27090090,IT,CA,39080594.0,87320.0,0.4476,no
2020-01,27090090,IT,CM,3869179.0,8952.975,0.4322,no
2020-01,27090090,IT,DE,15218.0,10.583,1.438,no
2020-01,27090090,IT,DZ,78670246.0,159750.726,0.4925,no
2020-01,27090090,IT,EG,66929165.0,148806.329,0.4498,no
2020-01,27090090,IT,GB,26.0,0.001,26.0,no
2020-01,27090090,IT,GQ,33022942.0,69559.2,0.4747,no
2020-01,27090090,IT,IQ,371710209.0,937361.142,0.3965,no
2020-01,27090090,IT,KZ,250887195.0,545218.404,0.4602,no
2020-01,27090090,IT,LY,219059354.0,489342.088,0.4477,no
2020-01,27090090,IT,NG,66420368.0,151124.927,0.4395,no
2020-01,27090090,IT,NO,30002723.0,65442.0,0.4585,no
2020-01,27090090,IT,QV,41978.0,91.938,0.4566,no
2020-01,27090090,IT,RU,243908472.0,573098.125,0.4256,no
2020-01,27090090,IT,SA,204781186.0,469507.758,0.4362,no
2020-01,27090090,IT,TN,9228611.0,21890.047,0.4216,no
2020-01,27090090,IT,US,103839380.0,223289.009,0.465,no
2020-02,27090090,IT,AL,5418692.0,21538.712,0.2516,no
2020-02,27090090,IT,AZ,414626450.0,972230.225,0.4265,no
2020-02,27090090,IT,BR,49573109.0,129368.11,0.3832,no
2020-02,27090090,IT,CA,77548560.0,184402.07,0.4205,no
2020-02,27090090,IT,CM,61462145.0,167027.388,0.368,no
2020-02,27090090,IT,DE,5832.0,4.054,1.4386,no
2020-02,27090090,IT,DZ,32274065.0,80125.047,0.4028,no
2020-02,27090090,IT,EG,26543285.0,64705.299,0.4102,no
2020-02,27090090,IT,GB,114.0,0.009,12.6667,no
2020-02,27090090,IT,IQ,224538800.0,670765.856,0.3347,no
2020-02,27090090,IT,KZ,145523468.0,401614.625,0.3623,no
2020-02,27090090,IT,LY,31402729.0,89913.25,0.3493,no
2020-02,27090090,IT,NG,162271803.0,371019.967,0.4374,no
2020-02,27090090,IT,RU,168115628.0,457202.473,0.3677,no
2020-02,27090090,IT,SA,202455012.0,543494.1,0.3725,no
2020-02,27090090,IT,TN,8117532.0,21148.244,0.3838,no
2020-02,27090090,IT,VE,45004147.0,148409.968,0.3032,no
2020-03,27090090,IT,AZ,289992405.0,832041.45,0.3485,no
2020-03,27090090,IT,CA,65172873.0,191484.887,0.3404,no
2020-03,27090090,IT,CM,4583547.0,11851.952,0.3867,no
2020-03,27090090,IT,DE,13074.0,9.263,1.4114,no
2020-03,27090090,IT,DZ,22561241.0,79848.511,0.2826,no
2020-03,27090090,IT,GA,14892462.0,39225.04,0.3797,no
2020-03,27090090,IT,GB,123.0,0.007,17.5714,no
2020-03,27090090,IT,IQ,318841333.0,1118451.696,0.2851,no
2020-03,27090090,IT,KZ,144197216.0,547377.866,0.2634,no
2020-03,27090090,IT,LY,19555337.0,88807.8,0.2202,no
2020-03,27090090,IT,NG,144407331.0,366626.275,0.3939,no
2020-03,27090090,IT,PL,48.0,0.005,9.6,no
2020-03,27090090,IT,RU,124051337.0,414633.001,0.2992,no
2020-03,27090090,IT,SA,141117104.0,427857.513,0.3298,no
2020-03,27090090,IT,SD,20637173.0,82193.547,0.2511,no
2020-03,27090090,IT,TN,18225789.0,79596.416,0.229,no
2020-03,27090090,IT,US,37870864.0,132479.292,0.2859,no
2020-04,27090090,IT,AZ,95985871.0,520975.571,0.1842,no
2020-04,27090090,IT,DE,3647.0,1.837,1.9853,no
2020-04,27090090,IT,DZ,8032449.0,78576.371,0.1022,no
2020-04,27090090,IT,GB,49.0,0.005,9.8,no
2020-04,27090090,IT,IQ,94244618.0,605622.396,0.1556,no
2020-04,27090090,IT,KZ,28727729.0,269386.674,0.1066,no
2020-04,27090090,IT,LY,13542562.0,88934.1,0.1523,no
2020-04,27090090,IT,NG,104109943.0,412870.655,0.2522,no
2020-04,27090090,IT,RU,80190056.0,536999.432,0.1493,no
2020-04,27090090,IT,SA,146312650.0,1037973.548,0.141,no
2020-04,27090090,IT,TN,6683640.0,46236.726,0.1446,no
2020-04,27090090,IT,US,35896557.0,147357.276,0.2436,no
2020-04,27090090,IT,VE,2144437.0,12874.811,0.1666,no
2020-05,27090090,IT,AE,17807931.0,140822.14,0.1265,no
2020-05,27090090,IT,AZ,43267217.0,294658.409,0.1468,no
2020-05,27090090,IT,CA,7858851.0,94328.0,0.0833,no
2020-05,27090090,IT,CM,16714493.0,141503.775,0.1181,no
2020-05,27090090,IT,DE,1612.0,1.248,1.2917,no
2020-05,27090090,IT,EG,25736259.0,222060.567,0.1159,no
2020-05,27090090,IT,GB,8.0,0.001,8.0,no
2020-05,27090090,IT,IQ,100704747.0,796234.626,0.1265,no
2020-05,27090090,IT,KZ,38436180.0,259940.402,0.1479,no
2020-05,27090090,IT,LY,28551514.0,167943.561,0.17,no
2020-05,27090090,IT,NG,16539988.0,130479.783,0.1268,no
2020-05,27090090,IT,PL,2745.0,0.29,9.4655,no
2020-05,27090090,IT,RU,53646108.0,400204.994,0.134,no
2020-05,27090090,IT,SA,103693693.0,722227.817,0.1436,no
2020-05,27090090,IT,VE,3046967.0,23934.966,0.1273,no
2020-06,27090090,IT,AE,25925480.0,95893.519,0.2704,no
2020-06,27090090,IT,AZ,203889037.0,733676.819,0.2779,no
2020-06,27090090,IT,CM,21024174.0,146912.859,0.1431,no
2020-06,27090090,IT,DE,7823.0,5.156,1.5173,no
2020-06,27090090,IT,EG,66505070.0,263914.44,0.252,no
2020-06,27090090,IT,ES,466.0,0.045,10.3556,no
2020-06,27090090,IT,GB,327.0,0.028,11.6786,no
2020-06,27090090,IT,GH,20487921.0,121405.441,0.1688,no
2020-06,27090090,IT,IQ,153480262.0,705186.112,0.2176,no
2020-06,27090090,IT,KZ,73686366.0,290808.391,0.2534,no
2020-06,27090090,IT,LY,20342417.0,87694.945,0.232,no
2020-06,27090090,IT,NG,16477992.0,59731.693,0.2759,no
2020-06,27090090,IT,PL,511.0,0.05,10.22,no
2020-06,27090090,IT,RU,153258353.0,636269.619,0.2409,no
2020-06,27090090,IT,SA,122471681.0,562246.532,0.2178,no
2020-06,27090090,IT,TM,24665262.0,86289.935,0.2858,no
2020-06,27090090,IT,TN,4763205.0,19383.756,0.2457,no
2020-07,27090090,IT,AE,2007892.0,7816.055,0.2569,no
2020-07,27090090,IT,AL,3833138.0,20000.0,0.1917,no
2020-07,27090090,IT,AZ,277066786.0,923791.066,0.2999,no
2020-07,27090090,IT,CA,27151350.0,91687.0,0.2961,no
2020-07,27090090,IT,CM,40072.0,185.987,0.2155,no
2020-07,27090090,IT,CZ,13.0,0.002,6.5,no
2020-07,27090090,IT,DE,9682.0,7.484,1.2937,no
2020-07,27090090,IT,EG,57359157.0,195131.841,0.294,no
2020-07,27090090,IT,ES,246.0,0.023,10.6957,no
2020-07,27090090,IT,GB,48623028.0,181684.024,0.2676,no
2020-07,27090090,IT,IQ,164246803.0,640857.028,0.2563,no
2020-07,27090090,IT,KZ,90412203.0,303469.476,0.2979,no
2020-07,27090090,IT,LY,58412608.0,228657.54,0.2555,no
2020-07,27090090,IT,NG,24333521.0,88421.463,0.2752,no
2020-07,27090090,IT,NO,41607686.0,147263.0,0.2825,no
2020-07,27090090,IT,QV,55181.0,297.73,0.1853,no
2020-07,27090090,IT,RU,180239522.0,629738.727,0.2862,no
2020-07,27090090,IT,SA,83508837.0,288530.951,0.2894,no
2020-07,27090090,IT,US,102545003.0,347747.994,0.2949,no
2020-07,27090090,IT,VE,23233422.0,131570.875,0.1766,no
2020-08,27090090,IT,AE,21275314.0,78136.396,0.2723,no
2020-08,27090090,IT,AZ,215743134.0,727914.649,0.2964,no
2020-08,27090090,IT,CA,28501674.0,96673.831,0.2948,no
2020-08,27090090,IT,CM,25750849.0,94354.7,0.2729,no
2020-08,27090090,IT,DE,4731.0,3.815,1.2401,no
2020-08,27090090,IT,EG,19648667.0,65146.003,0.3016,no
2020-08,27090090,IT,GB,25385377.0,83179.634,0.3052,no
2020-08,27090090,IT,IQ,160639073.0,601309.417,0.2671,no
2020-08,27090090,IT,KZ,79967571.0,263473.154,0.3035,no
2020-08,27090090,IT,LY,35188411.0,127846.707,0.2752,no
2020-08,27090090,IT,MT,1369931.0,4518.821,0.3032,no
2020-08,27090090,IT,NG,39853671.0,139360.815,0.286,no
2020-08,27090090,IT,NO,81156831.0,293997.003,0.276,no
2020-08,27090090,IT,RU,109974849.0,385586.088,0.2852,no
2020-08,27090090,IT,SA,110335392.0,377767.282,0.2921,no
2020-08,27090090,IT,TM,22406985.0,79495.357,0.2819,no
2020-08,27090090,IT,TN,5624047.0,20742.622,0.2711,no
2020-08,27090090,IT,US,55897831.0,191218.444,0.2923,no
2020-08,27090090,IT,VE,42641212.0,195072.568,0.2186,no
2020-09,27090090,IT,AO,37753312.0,138048.184,0.2735,no
2020-09,27090090,IT,AZ,264272650.0,965831.986,0.2736,no
2020-09,27090090,IT,DE,13751.0,10.772,1.2766,no
2020-09,27090090,IT,DZ,12051264.0,40097.969,0.3005,no
2020-09,27090090,IT,EG,18399254.0,78048.073,0.2357,no
2020-09,27090090,IT,GB,22216003.0,78628.079,0.2825,no
2020-09,27090090,IT,IL,8853195.0,34319.713,0.258,no
2020-09,27090090,IT,IQ,71712659.0,296368.791,0.242,no
2020-09,27090090,IT,KZ,83227408.0,316866.08,0.2627,no
2020-09,27090090,IT,LY,44152378.0,168329.658,0.2623,no
2020-09,27090090,IT,MT,9106809.0,36277.889,0.251,no
2020-09,27090090,IT,NG,116157381.0,391829.578,0.2964,no
2020-09,27090090,IT,NO,52513319.0,200431.041,0.262,no
2020-09,27090090,IT,RU,177153234.0,665497.353,0.2662,no
2020-09,27090090,IT,SA,138703029.0,534849.476,0.2593,no
2020-09,27090090,IT,SI,6.0,0.005,1.2,no
2020-09,27090090,IT,SS,21279198.0,78231.26,0.272,no
2020-09,27090090,IT,TM,22576669.0,80773.369,0.2795,no
2020-09,27090090,IT,US,62816065.0,219232.856,0.2865,no
2020-09,27090090,IT,VE,21384443.0,107169.335,0.1995,no
2020-10,27090090,IT,AZ,272864670.0,1015091.581,0.2688,no
2020-10,27090090,IT,CA,22368460.0,91991.0,0.2432,no
2020-10,27090090,IT,DE,4386.0,3.484,1.2589,no
2020-10,27090090,IT,DZ,21781216.0,76480.022,0.2848,no
2020-10,27090090,IT,EG,17380448.0,64872.148,0.2679,no
2020-10,27090090,IT,GB,248.0,0.027,9.1852,no
2020-10,27090090,IT,IL,1793406.0,7432.478,0.2413,no
2020-10,27090090,IT,IQ,185948745.0,797102.236,0.2333,no
2020-10,27090090,IT,KZ,29291965.0,116806.911,0.2508,no
2020-10,27090090,IT,LY,64917353.0,258052.719,0.2516,no
2020-10,27090090,IT,NG,88085710.0,325622.213,0.2705,no
2020-10,27090090,IT,NO,22700133.0,88024.145,0.2579,no
2020-10,27090090,IT,RU,64921984.0,245101.924,0.2649,no
2020-10,27090090,IT,SA,137240364.0,536476.577,0.2558,no
2020-10,27090090,IT,SD,20040170.0,78257.375,0.2561,no
2020-10,27090090,IT,SI,22.0,0.014,1.5714,no
2020-10,27090090,IT,TM,72882.0,255.501,0.2853,no
2020-10,27090090,IT,TN,5671380.0,23504.102,0.2413,no
2020-10,27090090,IT,TR,25525989.0,94850.939,0.2691,no
2020-10,27090090,IT,US,49801522.0,186224.416,0.2674,no
2020-10,27090090,IT,VE,10877865.0,55961.121,0.1944,no
2020-11,27090090,IT,AL,3396970.0,20000.0,0.1698,no
2020-11,27090090,IT,AZ,245199427.0,933501.454,0.2627,no
2020-11,27090090,IT,CM,22019709.0,91962.514,0.2394,no
2020-11,27090090,IT,DE,7858.0,6.296,1.2481,no
2020-11,27090090,IT,DZ,3523926.0,14654.589,0.2405,no
2020-11,27090090,IT,EG,55683106.0,210930.174,0.264,no
2020-11,27090090,IT,GB,36.0,0.003,12.0,no
2020-11,27090090,IT,IQ,221583276.0,898177.988,0.2467,no
2020-11,27090090,IT,KZ,20470626.0,77402.431,0.2645,no
2020-11,27090090,IT,LY,100191934.0,396072.6,0.253,no
2020-11,27090090,IT,NG,29340723.0,127833.517,0.2295,no
2020-11,27090090,IT,RU,23728559.0,99889.234,0.2375,no
2020-11,27090090,IT,SA,143488857.0,574378.381,0.2498,no
2020-11,27090090,IT,SD,20028197.0,78190.486,0.2561,no
2020-11,27090090,IT,TN,10341828.0,41177.609,0.2512,no
2020-11,27090090,IT,US,22883466.0,89497.65,0.2557,no
2020-11,27090090,IT,VE,5319885.0,31880.886,0.1669,no
2020-12,27090090,IT,AO,38075825.0,144589.415,0.2633,no
2020-12,27090090,IT,AZ,274771638.0,870138.556,0.3158,no
2020-12,27090090,IT,CM,793023.0,2735.928,0.2899,no
2020-12,27090090,IT,DE,9888.0,8.03,1.2314,no
2020-12,27090090,IT,DZ,29635946.0,90902.518,0.326,no
2020-12,27090090,IT,EG,39030705.0,130183.788,0.2998,no
2020-12,27090090,IT,GB,24.0,0.001,24.0,no
2020-12,27090090,IT,IQ,154335567.0,545522.39,0.2829,no
2020-12,27090090,IT,KZ,46051967.0,150081.058,0.3068,no
2020-12,27090090,IT,LY,394970941.0,1305162.562,0.3026,no
2020-12,27090090,IT,NG,21379394.0,95182.0,0.2246,no
2020-12,27090090,IT,NO,24482439.0,81385.331,0.3008,no
2020-12,27090090,IT,RU,26618080.0,100436.632,0.265,no
2020-12,27090090,IT,SA,137793450.0,454832.603,0.303,no
2020-12,27090090,IT,TM,26009519.0,82489.138,0.3153,no
2020-12,27090090,IT,TN,5664484.0,17825.391,0.3178,no
2020-12,27090090,IT,US,56332520.0,189263.359,0.2976,no
2021-01,27090090,IT,AZ,399041041.0,1175436.326,0.3395,no
2021-01,27090090,IT,CM,27733562.0,94916.37,0.2922,no
2021-01,27090090,IT,DE,7258.0,4.992,1.4539,no
2021-01,27090090,IT,DZ,27744419.0,75879.978,0.3656,no
2021-01,27090090,IT,IQ,165909233.0,546785.362,0.3034,no
2021-01,27090090,IT,LY,183951507.0,559374.201,0.3289,no
2021-01,27090090,IT,NG,87071481.0,273282.523,0.3186,no
2021-01,27090090,IT,NO,27198460.0,84557.0,0.3217,no
2021-01,27090090,IT,QV,27422.0,92.618,0.2961,no
2021-01,27090090,IT,RU,113800418.0,365851.671,0.3111,no
2021-01,27090090,IT,SA,204016502.0,630915.329,0.3234,no
2021-01,27090090,IT,TM,17981968.0,57985.792,0.3101,no
2021-01,27090090,IT,US,49013479.0,146215.771,0.3352,no
2021-02,27090090,IT,AZ,514307112.0,1347580.485,0.3817,no
2021-02,27090090,IT,CM,32654646.0,99391.606,0.3285,no
2021-02,27090090,IT,DE,8438.0,5.779,1.4601,no
2021-02,27090090,IT,IQ,141618601.0,431002.447,0.3286,no
2021-02,27090090,IT,KZ,31911847.0,84899.0,0.3759,no
2021-02,27090090,IT,LY,246224633.0,683077.219,0.3605,no
2021-02,27090090,IT,NG,95784670.0,285754.046,0.3352,no
2021-02,27090090,IT,RO,12619104.0,30359.6,0.4157,no
2021-02,27090090,IT,RU,14023095.0,46040.922,0.3046,no
2021-02,27090090,IT,SA,126851323.0,362458.543,0.35,no
2021-02,27090090,IT,TR,37266243.0,90738.409,0.4107,no
2021-02,27090090,IT,US,13084803.0,36743.51,0.3561,no
2021-03,27090090,IT,AT,1296.0,2.84,0.4563,no
2021-03,27090090,IT,AZ,395660426.0,948622.127,0.4171,no
2021-03,27090090,IT,CM,38762152.0,99466.807,0.3897,no
2021-03,27090090,IT,DE,7525.0,4.932,1.5258,no
2021-03,27090090,IT,DK,40160798.0,96003.227,0.4183,no
2021-03,27090090,IT,DZ,43012640.0,99260.786,0.4333,no
2021-03,27090090,IT,GB,88083785.0,209011.307,0.4214,no
2021-03,27090090,IT,GH,34404677.0,81023.816,0.4246,no
2021-03,27090090,IT,IE,28833440.0,82417.241,0.3498,no
2021-03,27090090,IT,IQ,239677186.0,637451.969,0.376,no
2021-03,27090090,IT,KZ,108220837.0,273193.522,0.3961,no
2021-03,27090090,IT,LY,344195512.0,852851.486,0.4036,no
2021-03,27090090,IT,NG,50335417.0,139675.604,0.3604,no
2021-03,27090090,IT,NO,63186428.0,159456.0,0.3963,no
2021-03,27090090,IT,PL,14.0,0.001,14.0,no
2021-03,27090090,IT,RU,97732485.0,244584.143,0.3996,no
2021-03,27090090,IT,SA,220005861.0,545550.46,0.4033,no
2021-03,27090090,IT,SD,31412940.0,78196.84,0.4017,no
2021-03,27090090,IT,TR,32787709.0,80197.127,0.4088,no
2021-03,27090090,IT,US,35971844.0,91213.906,0.3944,no
2021-04,27090090,IT,AZ,431107946.0,1039020.35,0.4149,no
2021-04,27090090,IT,BR,51403528.0,131872.527,0.3898,no
2021-04,27090090,IT,CM,36182721.0,97716.716,0.3703,no
2021-04,27090090,IT,DE,9792.0,17.703,0.5531,no
2021-04,27090090,IT,DZ,68795104.0,157262.566,0.4375,no
2021-04,27090090,IT,GH,22736587.0,51940.624,0.4377,no
2021-04,27090090,IT,IQ,268289926.0,716195.336,0.3746,no
2021-04,27090090,IT,KZ,40552057.0,98286.0,0.4126,no
2021-04,27090090,IT,LY,358125016.0,879538.01,0.4072,no
2021-04,27090090,IT,NG,66426525.0,171866.399,0.3865,no
2021-04,27090090,IT,RU,177565878.0,462344.109,0.3841,no
2021-04,27090090,IT,SA,203550299.0,517017.101,0.3937,no
2021-04,27090090,IT,SD,31214258.0,78301.137,0.3986,no
2021-04,27090090,IT,US,118683029.0,280504.506,0.4231,no
2021-05,27090090,IT,AL,6908796.0,19000.0,0.3636,no
2021-05,27090090,IT,AZ,376237508.0,872061.055,0.4314,no
2021-05,27090090,IT,CG,25568225.0,117141.618,0.2183,no
2021-05,27090090,IT,CM,34655122.0,90439.49,0.3832,no
2021-05,27090090,IT,DE,14931.0,17.317,0.8622,no
2021-05,27090090,IT,DK,40396764.0,95165.565,0.4245,no
2021-05,27090090,IT,DZ,78735366.0,178562.602,0.4409,no
2021-05,27090090,IT,GB,111357232.0,257806.342,0.4319,no
2021-05,27090090,IT,GH,52994499.0,127325.0,0.4162,no
2021-05,27090090,IT,IQ,211987113.0,542780.179,0.3906,no
2021-05,27090090,IT,KZ,91254415.0,219262.255,0.4162,no
2021-05,27090090,IT,LY,395579429.0,948152.926,0.4172,no
2021-05,27090090,IT,NG,79816299.0,197160.526,0.4048,no
2021-05,27090090,IT,NL,31152199.0,74961.629,0.4156,no
2021-05,27090090,IT,NO,63194410.0,163248.837,0.3871,no
2021-05,27090090,IT,RU,156848756.0,402727.31,0.3895,no
2021-05,27090090,IT,SA,171441828.0,418554.286,0.4096,no
2021-05,27090090,IT,SS,33066614.0,77612.364,0.426,no
2021-05,27090090,IT,TN,49504.0,130.074,0.3806,no
2021-05,27090090,IT,TR,25341426.0,59500.0,0.4259,no
2021-05,27090090,IT,US,82917609.0,184389.572,0.4497,no
2021-05,27090090,IT,VE,29622.0,179.827,0.1647,no
2021-06,27090090,IT,AO,50981463.0,131475.282,0.3878,no
2021-06,27090090,IT,AZ,314639981.0,699117.333,0.4501,no
2021-06,27090090,IT,BR,113564843.0,268785.466,0.4225,no
2021-06,27090090,IT,DE,9025.0,8.009,1.1269,no
2021-06,27090090,IT,DZ,76291500.0,170752.373,0.4468,no
2021-06,27090090,IT,EG,55467029.0,133617.156,0.4151,no
2021-06,27090090,IT,FR,654.0,0.068,9.6176,no
2021-06,27090090,IT,GB,59996058.0,138868.785,0.432,no
2021-06,27090090,IT,IQ,319953707.0,825668.176,0.3875,no
2021-06,27090090,IT,KZ,79873545.0,190732.032,0.4188,no
2021-06,27090090,IT,LY,340149236.0,789862.664,0.4306,no
2021-06,27090090,IT,NG,71182335.0,179542.778,0.3965,no
2021-06,27090090,IT,NO,81316636.0,178894.0,0.4546,no
2021-06,27090090,IT,QV,30158.0,95.104,0.3171,no
2021-06,27090090,IT,RU,236981399.0,580813.622,0.408,no
2021-06,27090090,IT,SA,164508703.0,389884.976,0.4219,no
2021-06,27090090,IT,TR,16289590.0,38899.887,0.4188,no
2021-06,27090090,IT,US,83717450.0,190039.777,0.4405,no
2021-07,27090090,IT,AZ,481045553.0,977019.014,0.4924,no
2021-07,27090090,IT,DE,16492.0,10.852,1.5197,no
2021-07,27090090,IT,DK,41539973.0,90708.606,0.4579,no
2021-07,27090090,IT,DZ,49218232.0,97017.759,0.5073,no
2021-07,27090090,IT,FR,307.0,0.033,9.303,no
2021-07,27090090,IT,GB,38958772.0,79992.886,0.487,no
2021-07,27090090,IT,IQ,308256360.0,707913.205,0.4354,no
2021-07,27090090,IT,KZ,86692608.0,175235.306,0.4947,no
2021-07,27090090,IT,LY,468801459.0,1004931.501,0.4665,no
2021-07,27090090,IT,NG,179002685.0,383590.068,0.4667,no
2021-07,27090090,IT,NO,80321372.0,180332.0,0.4454,no
2021-07,27090090,IT,RU,266959147.0,597621.132,0.4467,no
2021-07,27090090,IT,SA,242334668.0,532366.465,0.4552,no
2021-07,27090090,IT,SD,72629185.0,156803.995,0.4632,no
2021-07,27090090,IT,SI,509.0,0.088,5.7841,no
2021-07,27090090,IT,TN,10295050.0,21520.236,0.4784,no
2021-07,27090090,IT,US,82902569.0,173644.036,0.4774,no
2021-08,27090090,IT,AF,42766303.0,86028.062,0.4971,no
2021-08,27090090,IT,AO,6719.0,0.014,479.9286,no
2021-08,27090090,IT,AZ,479508214.0,1013704.634,0.473,no
2021-08,27090090,IT,DE,8933.0,16.308,0.5478,no
2021-08,27090090,IT,DZ,39967138.0,83725.556,0.4774,no
2021-08,27090090,IT,EG,30246292.0,72047.0,0.4198,no
2021-08,27090090,IT,ES,7400.0,15.0,0.4933,no
2021-08,27090090,IT,GA,60218522.0,124877.725,0.4822,no
2021-08,27090090,IT,GB,59334671.0,139180.475,0.4263,no
2021-08,27090090,IT,IQ,219730715.0,527945.718,0.4162,no
2021-08,27090090,IT,KZ,78875586.0,168638.096,0.4677,no
2021-08,27090090,IT,LY,453817349.0,1007742.432,0.4503,no
2021-08,27090090,IT,NG,125391194.0,268536.735,0.4669,no
2021-08,27090090,IT,RU,174169778.0,381137.564,0.457,no
2021-08,27090090,IT,SA,198308519.0,446020.094,0.4446,no
2021-08,27090090,IT,US,43314074.0,93818.4,0.4617,no
2021-09,27090090,IT,AL,7856511.0,21878.79,0.3591,no
2021-09,27090090,IT,AZ,608396615.0,1279236.453,0.4756,no
2021-09,27090090,IT,DE,10295.0,17.463,0.5895,no
2021-09,27090090,IT,DZ,19300100.0,41492.282,0.4651,no
2021-09,27090090,IT,EG,28086526.0,60789.605,0.462,no
2021-09,27090090,IT,GB,18246515.0,44723.657,0.408,no
2021-09,27090090,IT,IQ,391745623.0,940642.932,0.4165,no
2021-09,27090090,IT,LY,516038031.0,1127858.042,0.4575,no
2021-09,27090090,IT,NG,212018123.0,482558.134,0.4394,no
2021-09,27090090,IT,NO,81723079.0,174461.358,0.4684,no
2021-09,27090090,IT,RU,202767570.0,466488.658,0.4347,no
2021-09,27090090,IT,SA,197161649.0,444888.399,0.4432,no
2021-09,27090090,IT,US,43393285.0,89940.52,0.4825,no
2021-10,27090090,IT,AO,62433371.0,138079.521,0.4522,no
2021-10,27090090,IT,AZ,386372166.0,723817.867,0.5338,no
2021-10,27090090,IT,CA,45869032.0,92052.639,0.4983,no
2021-10,27090090,IT,DE,9636.0,16.524,0.5832,no
2021-10,27090090,IT,DZ,81247811.0,156070.651,0.5206,no
2021-10,27090090,IT,EG,67272874.0,128296.381,0.5244,no
2021-10,27090090,IT,GA,31756520.0,62256.831,0.5101,no
2021-10,27090090,IT,GB,145193177.0,279676.655,0.5191,no
2021-10,27090090,IT,IQ,451523177.0,981361.13,0.4601,no
2021-10,27090090,IT,KZ,82459249.0,161720.447,0.5099,no
2021-10,27090090,IT,LY,409409669.0,813519.447,0.5033,no
2021-10,27090090,IT,NG,178781840.0,366110.48,0.4883,no
2021-10,27090090,IT,NO,79064071.0,159877.702,0.4945,no
2021-10,27090090,IT,RU,181539255.0,366167.005,0.4958,no
2021-10,27090090,IT,SA,302721658.0,601854.863,0.503,no
2021-10,27090090,IT,TN,47520210.0,86602.621,0.5487,no
2021-10,27090090,IT,US,76651169.0,135658.94,0.565,no
2021-11,27090090,IT,AO,4448.0,0.015,296.5333,no
2021-11,27090090,IT,AZ,646613745.0,1152642.951,0.561,no
2021-11,27090090,IT,DE,10323.0,16.57,0.623,no
2021-11,27090090,IT,DZ,91565900.0,159571.874,0.5738,no
2021-11,27090090,IT,EG,35560083.0,64741.66,0.5493,no
2021-11,27090090,IT,FR,3013.0,0.27,11.1593,no
2021-11,27090090,IT,GB,199220908.0,368983.469,0.5399,no
2021-11,27090090,IT,GQ,51487644.0,94227.21,0.5464,no
2021-11,27090090,IT,IQ,371262892.0,745145.8,0.4982,no
2021-11,27090090,IT,KZ,28045903.0,51876.253,0.5406,no
2021-11,27090090,IT,LY,408549753.0,766025.181,0.5333,no
2021-11,27090090,IT,MZ,2889.0,0.001,2889.0,no
2021-11,27090090,IT,NG,168166844.0,314898.167,0.534,no
2021-11,27090090,IT,NO,89300518.0,163012.397,0.5478,no
2021-11,27090090,IT,RU,345603934.0,669034.239,0.5166,no
2021-11,27090090,IT,SA,148894424.0,289888.119,0.5136,no
2021-11,27090090,IT,SS,41891902.0,78574.689,0.5331,no
2021-11,27090090,IT,TN,7725535.0,14793.063,0.5222,no
2021-11,27090090,IT,US,133695548.0,237305.206,0.5634,no
2021-12,27090090,IT,AL,7978747.0,19500.0,0.4092,no
2021-12,27090090,IT,AO,3425.0,0.025,137.0,no
2021-12,27090090,IT,AZ,762466768.0,1471134.93,0.5183,no
2021-12,27090090,IT,BR,34763334.0,66462.46,0.5231,no
2021-12,27090090,IT,CM,42349757.0,99286.9,0.4265,no
2021-12,27090090,IT,DE,10502.0,6.465,1.6244,no
2021-12,27090090,IT,DZ,19338952.0,39195.55,0.4934,no
2021-12,27090090,IT,EG,32364188.0,64737.644,0.4999,no
2021-12,27090090,IT,GA,19301201.0,40402.054,0.4777,no
2021-12,27090090,IT,GB,26425687.0,53121.395,0.4975,no
2021-12,27090090,IT,GQ,43422099.0,90209.94,0.4813,no
2021-12,27090090,IT,IL,16218215.0,32994.318,0.4915,no
2021-12,27090090,IT,IQ,265022647.0,590618.556,0.4487,no
2021-12,27090090,IT,KZ,163754600.0,307890.162,0.5319,no
2021-12,27090090,IT,LY,545388910.0,1101428.276,0.4952,no
2021-12,27090090,IT,NG,152938092.0,281259.503,0.5438,no
2021-12,27090090,IT,NO,1404252.0,2546.386,0.5515,no
2021-12,27090090,IT,QV,33628.0,96.645,0.348,no
2021-12,27090090,IT,RU,262123828.0,556854.686,0.4707,no
2021-12,27090090,IT,SA,140748506.0,290230.104,0.485,no
2021-12,27090090,IT,TN,17280003.0,34178.22,0.5056,no
2021-12,27090090,IT,US,134053292.0,242429.611,0.553,no
2022-01,27090090,IT,AO,66725312.0,138128.253,0.4831,no
2022-01,27090090,IT,AZ,440971300.0,774946.801,0.569,no
2022-01,27090090,IT,DE,9053.0,6.789,1.3335,no
2022-01,27090090,IT,DZ,54533657.0,90392.526,0.6033,no
2022-01,27090090,IT,GH,14728355.0,25400.038,0.5799,no
2022-01,27090090,IT,IQ,231857300.0,475754.849,0.4873,no
2022-01,27090090,IT,KZ,170210197.0,323828.941,0.5256,no
2022-01,27090090,IT,LY,350587244.0,630706.818,0.5559,no
2022-01,27090090,IT,NG,177146190.0,361795.604,0.4896,no
2022-01,27090090,IT,NO,45754904.0,80089.814,0.5713,no
2022-01,27090090,IT,RU,390873005.0,787661.82,0.4962,no
2022-01,27090090,IT,SA,136951213.0,255237.154,0.5366,no
2022-01,27090090,IT,SD,54021341.0,78252.879,0.6903,no
2022-01,27090090,IT,US,211852001.0,376813.041,0.5622,no
2022-02,27090090,IT,AZ,773619050.0,1200117.967,0.6446,no
2022-02,27090090,IT,CA,64039425.0,96311.544,0.6649,no
2022-02,27090090,IT,CU,5847631.0,10975.837,0.5328,no
2022-02,27090090,IT,DE,11278.0,7.088,1.5911,no
2022-02,27090090,IT,GH,139110128.0,225575.163,0.6167,no
2022-02,27090090,IT,IQ,195784429.0,352846.676,0.5549,no
2022-02,27090090,IT,KZ,119185031.0,198906.695,0.5992,no
2022-02,27090090,IT,LY,525455511.0,828055.006,0.6346,no
2022-02,27090090,IT,NG,6183415.0,12571.836,0.4918,no
2022-02,27090090,IT,RU,367516319.0,600056.831,0.6125,no
2022-02,27090090,IT,SA,137589808.0,237858.178,0.5785,no
2022-02,27090090,IT,US,287372859.0,450608.807,0.6377,no
2022-03,27090090,IT,AZ,597151753.0,774421.032,0.7711,no
2022-03,27090090,IT,DE,13096.0,7.913,1.655,no
2022-03,27090090,IT,DZ,101845559.0,156394.302,0.6512,no
2022-03,27090090,IT,FR,776.0,1.5,0.5173,no
2022-03,27090090,IT,GB,54554720.0,91233.0,0.598,no
2022-03,27090090,IT,GQ,71190310.0,89957.26,0.7914,no
2022-03,27090090,IT,IQ,733398221.0,1093404.415,0.6707,no
2022-03,27090090,IT,KZ,280014025.0,372262.1,0.7522,no
2022-03,27090090,IT,LY,668900385.0,935755.447,0.7148,no
2022-03,27090090,IT,NG,116481182.0,181802.245,0.6407,no
2022-03,27090090,IT,RU,247705016.0,386105.404,0.6415,no
2022-03,27090090,IT,SA,71172112.0,101032.98,0.7044,no
2022-03,27090090,IT,SD,44083466.0,78753.876,0.5598,no
2022-03,27090090,IT,TN,16569319.0,22348.765,0.7414,no
2022-03,27090090,IT,TR,45131479.0,69814.795,0.6464,no
2022-03,27090090,IT,US,292195021.0,424871.175,0.6877,no
2022-04,27090090,IT,AO,197983936.0,271270.638,0.7298,no
2022-04,27090090,IT,AZ,565692743.0,706573.298,0.8006,no
2022-04,27090090,IT,CG,89339353.0,122246.804,0.7308,no
2022-04,27090090,IT,DE,13349.0,7.795,1.7125,no
2022-04,27090090,IT,DZ,61326081.0,76075.911,0.8061,no
2022-04,27090090,IT,GB,73226159.0,97224.22,0.7532,no
2022-04,27090090,IT,IQ,433688907.0,625792.364,0.693,no
2022-04,27090090,IT,KZ,227838649.0,274495.256,0.83,no
2022-04,27090090,IT,LY,601605844.0,774463.972,0.7768,no
2022-04,27090090,IT,NG,233388497.0,282178.884,0.8271,no
2022-04,27090090,IT,RU,843279110.0,1261649.401,0.6684,no
2022-04,27090090,IT,SA,218988178.0,301740.828,0.7257,no
2022-04,27090090,IT,SD,89108607.0,130572.8,0.6824,no
2022-04,27090090,IT,TN,25516414.0,32717.269,0.7799,no
2022-04,27090090,IT,US,143676269.0,179123.686,0.8021,no
2022-05,27090090,IT,AO,94441623.0,138059.441,0.6841,no
2022-05,27090090,IT,AZ,806359030.0,1016264.86,0.7935,no
2022-05,27090090,IT,CG,95593154.0,135855.15,0.7036,no
2022-05,27090090,IT,DE,11498.0,6.909,1.6642,no
2022-05,27090090,IT,DZ,73752227.0,93447.605,0.7892,no
2022-05,27090090,IT,GB,109282846.0,145222.799,0.7525,no
2022-05,27090090,IT,IQ,499415816.0,733453.192,0.6809,no
2022-05,27090090,IT,KZ,220711592.0,303803.755,0.7265,no
2022-05,27090090,IT,LY,640064768.0,825304.319,0.7756,no
2022-05,27090090,IT,NG,105186298.0,139508.928,0.754,no
2022-05,27090090,IT,RU,701342803.0,1302087.82,0.5386,no
2022-05,27090090,IT,SA,98927043.0,132134.699,0.7487,no
2022-05,27090090,IT,TN,15276863.0,22162.326,0.6893,no
2022-05,27090090,IT,US,287454924.0,362179.831,0.7937,no
2022-05,27090090,IT,YE,58790400.0,74736.565,0.7866,no
2022-06,27090090,IT,AL,7685288.0,10198.27,0.7536,no
2022-06,27090090,IT,AO,291140101.0,361381.511,0.8056,no
2022-06,27090090,IT,AZ,587104388.0,638974.926,0.9188,no
2022-06,27090090,IT,CM,81479878.0,98419.029,0.8279,no
2022-06,27090090,IT,DE,15126.0,8.674,1.7438,no
2022-06,27090090,IT,DZ,370691387.0,390701.911,0.9488,no
2022-06,27090090,IT,EG,61401737.0,64309.357,0.9548,no
2022-06,27090090,IT,GB,71826088.0,85235.447,0.8427,no
2022-06,27090090,IT,IQ,557489738.0,714423.16,0.7803,no
2022-06,27090090,IT,KZ,335881757.0,402243.848,0.835,no
2022-06,27090090,IT,LY,610491682.0,695859.705,0.8773,no
2022-06,27090090,IT,NG,142619516.0,180712.992,0.7892,no
2022-06,27090090,IT,NO,80334381.0,84669.0,0.9488,no
2022-06,27090090,IT,QV,91736.0,181.455,0.5056,no
2022-06,27090090,IT,RU,1004358046.0,1564043.737,0.6422,no
2022-06,27090090,IT,SA,342180361.0,400090.828,0.8553,no
2022-06,27090090,IT,SS,67395525.0,78509.038,0.8584,no
2022-06,27090090,IT,US,355457674.0,399825.92,0.889,no
2022-07,27090090,IT,AO,222228063.0,276221.458,0.8045,no
2022-07,27090090,IT,AZ,821576064.0,906475.978,0.9063,no
2022-07,27090090,IT,DE,7361.0,3.83,1.9219,no
2022-07,27090090,IT,DZ,23088504.0,26335.38,0.8767,no
2022-07,27090090,IT,GA,170168082.0,198405.18,0.8577,no
2022-07,27090090,IT,GY,104593770.0,128956.15,0.8111,no
2022-07,27090090,IT,IQ,639664822.0,881958.62,0.7253,no
2022-07,27090090,IT,KZ,228402480.0,282388.937,0.8088,no
2022-07,27090090,IT,LY,276559515.0,336349.728,0.8222,no
2022-07,27090090,IT,NG,195952156.0,230099.475,0.8516,no
2022-07,27090090,IT,RU,746951710.0,1239875.529,0.6024,no
2022-07,27090090,IT,SA,390034914.0,486007.627,0.8025,no
2022-07,27090090,IT,SS,66715040.0,78260.848,0.8525,no
2022-07,27090090,IT,US,449677675.0,515270.45,0.8727,no
2022-07,27090090,IT,VE,48689569.0,77573.557,0.6277,no
2022-08,27090090,IT,AE,113985564.0,131724.833,0.8653,no
2022-08,27090090,IT,AL,4302394.0,6282.949,0.6848,no
2022-08,27090090,IT,AO,95720458.0,138024.294,0.6935,no
2022-08,27090090,IT,AZ,423424811.0,486518.532,0.8703,no
2022-08,27090090,IT,CM,25770249.0,37273.586,0.6914,no
2022-08,27090090,IT,DZ,45437445.0,52229.021,0.87,no
2022-08,27090090,IT,GA,93246510.0,109185.739,0.854,no
2022-08,27090090,IT,GH,103604074.0,123416.846,0.8395,no
2022-08,27090090,IT,GQ,77412297.0,94582.44,0.8185,no
2022-08,27090090,IT,GY,6942101.0,8229.845,0.8435,no
2022-08,27090090,IT,IE,141.0,0.1,1.41,no
2022-08,27090090,IT,IQ,488273013.0,733914.815,0.6653,no
2022-08,27090090,IT,KZ,306427623.0,410429.42,0.7466,no
2022-08,27090090,IT,LY,692959374.0,868142.286,0.7982,no
2022-08,27090090,IT,NG,78233782.0,108551.627,0.7207,no
2022-08,27090090,IT,NO,67451961.0,81256.017,0.8301,no
2022-08,27090090,IT,RU,380211482.0,671772.04,0.566,no
2022-08,27090090,IT,SA,309191253.0,413074.14,0.7485,no
2022-08,27090090,IT,SD,71130173.0,86980.826,0.8178,no
2022-08,27090090,IT,US,505582155.0,641946.681,0.7876,no
2022-08,27090090,IT,VE,16031533.0,24749.171,0.6478,no
2022-09,27090090,IT,AO,95138440.0,138434.345,0.6872,no
2022-09,27090090,IT,AZ,532165127.0,699609.701,0.7607,no
2022-09,27090090,IT,CM,31481134.0,46396.483,0.6785,no
2022-09,27090090,IT,GA,100106831.0,150222.448,0.6664,no
2022-09,27090090,IT,GB,84553783.0,118022.256,0.7164,no
2022-09,27090090,IT,GH,105234097.0,128015.909,0.822,no
2022-09,27090090,IT,GY,87389478.0,112941.315,0.7738,no
2022-09,27090090,IT,IQ,187229992.0,333783.006,0.5609,no
2022-09,27090090,IT,KZ,233463051.0,368908.768,0.6328,no
2022-09,27090090,IT,LY,676292591.0,929412.5,0.7277,no
2022-09,27090090,IT,NG,203000137.0,242815.232,0.836,no
2022-09,27090090,IT,NO,70822591.0,103714.0,0.6829,no
2022-09,27090090,IT,RU,731288975.0,1314465.571,0.5563,no
2022-09,27090090,IT,SA,312888378.0,436534.496,0.7168,no
2022-09,27090090,IT,SD,87424606.0,131407.283,0.6653,no
2022-09,27090090,IT,US,87449427.0,113731.785,0.7689,no
2022-10,27090090,IT,AO,84364629.0,135044.552,0.6247,no
2022-10,27090090,IT,AZ,396535236.0,524563.421,0.7559,no
2022-10,27090090,IT,BR,49304637.0,73404.245,0.6717,no
2022-10,27090090,IT,CM,7877624.0,10897.934,0.7229,no
2022-10,27090090,IT,DE,105385.0,70.351,1.498,no
2022-10,27090090,IT,DZ,61216296.0,80679.805,0.7588,no
2022-10,27090090,IT,ES,528.0,0.321,1.6449,no
2022-10,27090090,IT,GA,58005049.0,77342.078,0.75,no
2022-10,27090090,IT,GB,148755774.0,200667.485,0.7413,no
2022-10,27090090,IT,GY,30881318.0,45479.0,0.679,no
2022-10,27090090,IT,IQ,455584789.0,772302.53,0.5899,no
2022-10,27090090,IT,KZ,163050044.0,239823.142,0.6799,no
2022-10,27090090,IT,LY,577246523.0,800578.747,0.721,no
2022-10,27090090,IT,NG,136870990.0,198091.429,0.6909,no
2022-10,27090090,IT,RU,666787873.0,1230601.529,0.5418,no
2022-10,27090090,IT,SA,271423848.0,382477.071,0.7096,no
2022-10,27090090,IT,US,128419597.0,168042.667,0.7642,no
2022-11,27090090,IT,AE,99375610.0,130911.032,0.7591,no
2022-11,27090090,IT,AO,219244943.0,303540.54,0.7223,no
2022-11,27090090,IT,AR,50178111.0,65284.135,0.7686,no
2022-11,27090090,IT,AZ,454055271.0,582179.606,0.7799,no
2022-11,27090090,IT,CM,63310221.0,94168.85,0.6723,no
2022-11,27090090,IT,DE,34628.0,22.48,1.5404,no
2022-11,27090090,IT,DZ,52060057.0,62699.689,0.8303,no
2022-11,27090090,IT,EG,51848134.0,65185.312,0.7954,no
2022-11,27090090,IT,GA,26720463.0,39470.758,0.677,no
2022-11,27090090,IT,GQ,67216838.0,90148.32,0.7456,no
2022-11,27090090,IT,GY,132447172.0,192570.151,0.6878,no
2022-11,27090090,IT,IQ,423205639.0,688551.287,0.6146,no
2022-11,27090090,IT,KZ,110118838.0,152660.349,0.7213,no
2022-11,27090090,IT,LY,459469538.0,629634.587,0.7297,no
2022-11,27090090,IT,NG,12738249.0,19240.837,0.662,no
2022-11,27090090,IT,NL,5159.0,12.3,0.4194,no
2022-11,27090090,IT,RU,795973124.0,1359133.903,0.5856,no
2022-11,27090090,IT,SA,298467243.0,417741.561,0.7145,no
2022-11,27090090,IT,SD,54934487.0,78433.293,0.7004,no
2022-11,27090090,IT,TN,6837586.0,10942.375,0.6249,no
2022-11,27090090,IT,US,218147884.0,282038.105,0.7735,no
2022-12,27090090,IT,AO,51395530.0,87974.99,0.5842,no
2022-12,27090090,IT,AZ,491502152.0,742488.811,0.662,no
2022-12,27090090,IT,BR,83757752.0,151666.695,0.5522,no
2022-12,27090090,IT,CM,60388648.0,94219.352,0.6409,no
2022-12,27090090,IT,DE,83608.0,57.721,1.4485,no
2022-12,27090090,IT,DZ,292931795.0,429293.713,0.6824,no
2022-12,27090090,IT,EG,40958422.0,64761.607,0.6324,no
2022-12,27090090,IT,ES,1.0,0.001,1.0,no
2022-12,27090090,IT,GA,106684703.0,186215.748,0.5729,no
2022-12,27090090,IT,GQ,58622551.0,92426.29,0.6343,no
2022-12,27090090,IT,GY,6499133.0,9913.199,0.6556,no
2022-12,27090090,IT,IQ,225980063.0,468036.128,0.4828,no
2022-12,27090090,IT,KZ,442672862.0,698324.924,0.6339,no
2022-12,27090090,IT,LY,436255251.0,726264.268,0.6007,no
2022-12,27090090,IT,NG,112109531.0,171195.589,0.6549,no
2022-12,27090090,IT,NL,9145.0,0.001,9145.0,no
2022-12,27090090,IT,QV,82884.0,244.332,0.3392,no
2022-12,27090090,IT,SA,335931765.0,557082.824,0.603,no
2022-12,27090090,IT,TN,33962133.0,54384.034,0.6245,no
2022-12,27090090,IT,US,239849633.0,362082.581,0.6624,no
2023-01,27090090,IT,AO,72271949.0,138233.221,0.5228,no
2023-01,27090090,IT,AZ,556209082.0,889497.138,0.6253,no
2023-01,27090090,IT,BR,24502361.0,41778.791,0.5865,no
2023-01,27090090,IT,DE,63512.0,40.438,1.5706,no
2023-01,27090090,IT,DZ,36246318.0,57108.866,0.6347,no
2023-01,27090090,IT,FR,424262.0,1000.0,0.4243,no
2023-01,27090090,IT,GA,54691454.0,90589.315,0.6037,no
2023-01,27090090,IT,GB,45186077.0,77961.959,0.5796,no
2023-01,27090090,IT,GH,75189709.0,125565.861,0.5988,no
2023-01,27090090,IT,GY,28677934.0,54454.915,0.5266,no
2023-01,27090090,IT,IQ,525955201.0,1122885.499,0.4684,no
2023-01,27090090,IT,KZ,350073634.0,629368.269,0.5562,no
2023-01,27090090,IT,LY,401881313.0,704701.379,0.5703,no
2023-01,27090090,IT,NG,106159420.0,174505.932,0.6083,no
2023-01,27090090,IT,NO,51871934.0,82791.485,0.6265,no
2023-01,27090090,IT,SA,206259386.0,368299.439,0.56,no
2023-01,27090090,IT,TN,12272109.0,22930.517,0.5352,no
2023-01,27090090,IT,US,273105064.0,447420.145,0.6104,no
2023-02,27090090,IT,AO,64473915.0,132090.332,0.4881,no
2023-02,27090090,IT,AZ,388991682.0,632684.692,0.6148,no
2023-02,27090090,IT,CM,1826275.0,3700.0,0.4936,no
2023-02,27090090,IT,DE,10300.0,6.789,1.5172,no
2023-02,27090090,IT,EG,38970104.0,65169.454,0.598,no
2023-02,27090090,IT,GA,21778458.0,39835.527,0.5467,no
2023-02,27090090,IT,GB,151270379.0,239698.056,0.6311,no
2023-02,27090090,IT,GQ,48743945.0,90153.34,0.5407,no
2023-02,27090090,IT,GY,10901126.0,20094.594,0.5425,no
2023-02,27090090,IT,IQ,301897651.0,631282.87,0.4782,no
2023-02,27090090,IT,KZ,259658139.0,466713.434,0.5564,no
2023-02,27090090,IT,LY,550185897.0,939509.763,0.5856,no
2023-02,27090090,IT,NG,165947943.0,287113.669,0.578,no
2023-02,27090090,IT,NO,54236870.0,93041.0,0.5829,no
2023-02,27090090,IT,SA,204868475.0,368133.16,0.5565,no
2023-02,27090090,IT,SD,49211497.0,82610.008,0.5957,no
2023-02,27090090,IT,TN,41580753.0,81397.719,0.5108,no
2023-02,27090090,IT,TR,17924922.0,36242.812,0.4946,no
2023-02,27090090,IT,US,275749245.0,444873.226,0.6198,no
2023-03,27090090,IT,AE,107578132.0,175592.622,0.6127,no
2023-03,27090090,IT,AO,47688377.0,83016.601,0.5744,no
2023-03,27090090,IT,AZ,470878363.0,777821.957,0.6054,no
2023-03,27090090,IT,BR,68371775.0,144425.42,0.4734,no
2023-03,27090090,IT,CI,29650482.0,51647.0,0.5741,no
2023-03,27090090,IT,CM,42386078.0,80246.245,0.5282,no
2023-03,27090090,IT,DE,27073.0,18.874,1.4344,no
2023-03,27090090,IT,DZ,95485767.0,160762.96,0.594,no
2023-03,27090090,IT,EG,38921283.0,64707.093,0.6015,no
2023-03,27090090,IT,GB,47811633.0,91319.0,0.5236,no
2023-03,27090090,IT,GQ,52219381.0,90445.13,0.5774,no
2023-03,27090090,IT,GY,65110110.0,118298.22,0.5504,no
2023-03,27090090,IT,IQ,409867573.0,838629.095,0.4887,no
2023-03,27090090,IT,KZ,295747207.0,511306.329,0.5784,no
2023-03,27090090,IT,LY,447452473.0,782466.708,0.5718,no
2023-03,27090090,IT,NG,284984416.0,473104.767,0.6024,no
2023-03,27090090,IT,SA,406810822.0,718914.04,0.5659,no
2023-03,27090090,IT,SD,82730625.0,137961.577,0.5997,no
2023-03,27090090,IT,US,272879732.0,467106.403,0.5842,no
2023-04,27090090,IT,AE,54509902.0,93324.903,0.5841,no
2023-04,27090090,IT,AO,107065257.0,194770.829,0.5497,no
2023-04,27090090,IT,AZ,819111693.0,1391548.12,0.5886,no
2023-04,27090090,IT,CG,1096.0,0.025,43.84,no
2023-04,27090090,IT,CM,4639912.0,9531.706,0.4868,no
2023-04,27090090,IT,DE,209.0,0.135,1.5481,no
2023-04,27090090,IT,DZ,106732044.0,164370.442,0.6493,no
2023-04,27090090,IT,GA,53122432.0,84802.924,0.6264,no
2023-04,27090090,IT,GB,70094119.0,116226.537,0.6031,no
2023-04,27090090,IT,GY,79878670.0,134861.937,0.5923,no
2023-04,27090090,IT,IQ,295456877.0,555106.849,0.5323,no
2023-04,27090090,IT,KZ,517389394.0,929547.422,0.5566,no
2023-04,27090090,IT,LY,396293382.0,673462.942,0.5884,no
2023-04,27090090,IT,NG,78577896.0,122037.903,0.6439,no
2023-04,27090090,IT,NO,51292598.0,83856.0,0.6117,no
2023-04,27090090,IT,SA,183898590.0,314807.113,0.5842,no
2023-04,27090090,IT,US,228969725.0,387113.761,0.5915,no
2023-05,27090090,IT,AO,65842447.0,138386.911,0.4758,no
2023-05,27090090,IT,AZ,502048943.0,897542.763,0.5594,no
2023-05,27090090,IT,DE,357.0,0.224,1.5937,no
2023-05,27090090,IT,DZ,66988364.0,115047.84,0.5823,no
2023-05,27090090,IT,GB,1438127.0,2252.893,0.6383,no
2023-05,27090090,IT,GQ,49261688.0,90123.76,0.5466,no
2023-05,27090090,IT,GY,78400421.0,136943.365,0.5725,no
2023-05,27090090,IT,IQ,288125972.0,589678.693,0.4886,no
2023-05,27090090,IT,KZ,304610802.0,562241.454,0.5418,no
2023-05,27090090,IT,LY,363769363.0,666351.247,0.5459,no
2023-05,27090090,IT,NG,77721123.0,128288.742,0.6058,no
2023-05,27090090,IT,QV,69161.0,88.212,0.784,no
2023-05,27090090,IT,SA,283286189.0,537900.654,0.5267,no
2023-05,27090090,IT,SD,41298416.0,82166.233,0.5026,no
2023-05,27090090,IT,TN,46745230.0,79705.458,0.5865,no
2023-05,27090090,IT,US,315015309.0,546697.05,0.5762,no
2023-06,27090090,IT,AL,11460667.0,21457.933,0.5341,no
2023-06,27090090,IT,AO,137632019.0,283212.437,0.486,no
2023-06,27090090,IT,AZ,637746267.0,1149950.718,0.5546,no
2023-06,27090090,IT,DZ,95691883.0,173940.88,0.5501,no
2023-06,27090090,IT,GY,1056687.0,1725.561,0.6124,no
2023-06,27090090,IT,IL,15864806.0,32932.836,0.4817,no
2023-06,27090090,IT,IQ,133057096.0,290841.873,0.4575,no
2023-06,27090090,IT,KZ,390613941.0,733752.013,0.5324,no
2023-06,27090090,IT,LY,549392901.0,1039422.252,0.5286,no
2023-06,27090090,IT,NG,142843732.0,256877.89,0.5561,no
2023-06,27090090,IT,NL,34192.0,47.0,0.7275,no
2023-06,27090090,IT,NO,149891298.0,292618.907,0.5122,no
2023-06,27090090,IT,SA,140111900.0,264711.983,0.5293,no
2023-06,27090090,IT,TN,122984598.0,220141.125,0.5587,no
2023-06,27090090,IT,US,256908433.0,460742.895,0.5576,no
2023-07,27090090,IT,AZ,632313526.0,1128621.049,0.5603,no
2023-07,27090090,IT,CM,49295354.0,99189.311,0.497,no
2023-07,27090090,IT,DZ,146449714.0,253196.692,0.5784,no
2023-07,27090090,IT,GB,94062372.0,172215.143,0.5462,no
2023-07,27090090,IT,IQ,97806849.0,201494.02,0.4854,no
2023-07,27090090,IT,KZ,202373928.0,374335.507,0.5406,no
2023-07,27090090,IT,LY,575239759.0,1055555.921,0.545,no
2023-07,27090090,IT,NG,37108904.0,72544.85,0.5115,no
2023-07,27090090,IT,NO,21966406.0,40208.0,0.5463,no
2023-07,27090090,IT,SA,169900279.0,321838.654,0.5279,no
2023-07,27090090,IT,US,511676572.0,941141.308,0.5437,no
2023-08,27090090,IT,AE,150968899.0,270490.034,0.5581,no
2023-08,27090090,IT,AO,75372878.0,138103.695,0.5458,no
2023-08,27090090,IT,AZ,552556981.0,904061.081,0.6112,no
2023-08,27090090,IT,DE,293.0,0.189,1.5503,no
2023-08,27090090,IT,DZ,54203125.0,89259.584,0.6073,no
2023-08,27090090,IT,EG,42073314.0,70925.975,0.5932,no
2023-08,27090090,IT,IQ,198369852.0,376387.662,0.527,no
2023-08,27090090,IT,KZ,369024281.0,610657.198,0.6043,no
2023-08,27090090,IT,LY,654069293.0,1135952.723,0.5758,no
2023-08,27090090,IT,MX,38482845.0,71962.602,0.5348,no
2023-08,27090090,IT,NG,160977245.0,301093.178,0.5346,no
2023-08,27090090,IT,NO,46484494.0,88812.0,0.5234,no
2023-08,27090090,IT,SA,186734453.0,333593.667,0.5598,no
2023-08,27090090,IT,US,594895605.0,1042966.599,0.5704,no
2023-09,27090090,IT,AO,156237930.0,238176.835,0.656,no
2023-09,27090090,IT,AZ,897396429.0,1321073.123,0.6793,no
2023-09,27090090,IT,BR,51220430.0,73233.393,0.6994,no
2023-09,27090090,IT,DE,539.0,0.037,14.5676,no
2023-09,27090090,IT,DZ,62770211.0,88924.679,0.7059,no
2023-09,27090090,IT,FR,2880.0,12.0,0.24,no
2023-09,27090090,IT,GB,93027540.0,144013.434,0.646,no
2023-09,27090090,IT,GH,162192309.0,251742.985,0.6443,no
2023-09,27090090,IT,GQ,60808982.0,92317.81,0.6587,no
2023-09,27090090,IT,IQ,289017552.0,482027.813,0.5996,no
2023-09,27090090,IT,KZ,279676333.0,438767.1,0.6374,no
2023-09,27090090,IT,LY,539857497.0,830992.113,0.6497,no
2023-09,27090090,IT,MX,54159050.0,83224.707,0.6508,no
2023-09,27090090,IT,NG,112539375.0,181269.114,0.6208,no
2023-09,27090090,IT,NO,205595485.0,329378.215,0.6242,no
2023-09,27090090,IT,SA,281388148.0,430723.645,0.6533,no
2023-09,27090090,IT,SD,54501132.0,82242.668,0.6627,no
2023-09,27090090,IT,TN,14552936.0,22484.704,0.6472,no
2023-09,27090090,IT,US,632650525.0,1006218.57,0.6287,no
2023-10,27090090,IT,AE,178653439.0,268091.345,0.6664,no
2023-10,27090090,IT,AL,4811662.0,10056.716,0.4785,no
2023-10,27090090,IT,AO,87316269.0,144782.15,0.6031,no
2023-10,27090090,IT,AZ,596903870.0,857409.398,0.6962,no
2023-10,27090090,IT,DE,66.0,0.001,66.0,no
2023-10,27090090,IT,GB,25870837.0,37199.418,0.6955,no
2023-10,27090090,IT,GH,83619453.0,125137.778,0.6682,no
2023-10,27090090,IT,IQ,393758109.0,640098.504,0.6152,no
2023-10,27090090,IT,KZ,387452777.0,588539.365,0.6583,no
2023-10,27090090,IT,LY,676310080.0,1006567.73,0.6719,no
2023-10,27090090,IT,NG,272119373.0,394153.341,0.6904,no
2023-10,27090090,IT,NO,144397082.0,206986.836,0.6976,no
2023-10,27090090,IT,QV,189047.0,327.246,0.5777,no
2023-10,27090090,IT,SA,198762386.0,306155.836,0.6492,no
2023-10,27090090,IT,SD,48691757.0,78067.08,0.6237,no
2023-10,27090090,IT,TN,48648980.0,77798.194,0.6253,no
2023-10,27090090,IT,TR,345980.0,590.335,0.5861,no
2023-10,27090090,IT,US,488460447.0,725111.928,0.6736,no
2023-11,27090090,IT,AE,79323912.0,129086.397,0.6145,no
2023-11,27090090,IT,AZ,391241822.0,604073.411,0.6477,no
2023-11,27090090,IT,CI,35208511.0,56778.961,0.6201,no
2023-11,27090090,IT,DZ,81498545.0,120455.895,0.6766,no
2023-11,27090090,IT,EG,38226579.0,60555.282,0.6313,no
2023-11,27090090,IT,FR,110423.0,127.38,0.8669,no
2023-11,27090090,IT,GB,54167860.0,91196.985,0.594,no
2023-11,27090090,IT,GH,199286311.0,291360.627,0.684,no
2023-11,27090090,IT,GQ,54740954.0,89826.573,0.6094,no
2023-11,27090090,IT,IQ,317804082.0,562783.641,0.5647,no
2023-11,27090090,IT,KZ,524517194.0,834935.285,0.6282,no
2023-11,27090090,IT,LY,469875552.0,759277.441,0.6188,no
2023-11,27090090,IT,NG,73354131.0,121951.64,0.6015,no
2023-11,27090090,IT,NO,57355703.0,88249.0,0.6499,no
2023-11,27090090,IT,QV,67583.0,170.307,0.3968,no
2023-11,27090090,IT,SA,260457481.0,416173.496,0.6258,no
2023-11,27090090,IT,US,292052046.0,357786.07,0.8163,no
2023-12,27090090,IT,AE,153898149.0,267154.384,0.5761,no
2023-12,27090090,IT,AO,16654513.0,33221.55,0.5013,no
2023-12,27090090,IT,AZ,538301313.0,919485.637,0.5854,no
2023-12,27090090,IT,BR,112550220.0,214844.088,0.5239,no
2023-12,27090090,IT,CI,39175906.0,77406.499,0.5061,no
2023-12,27090090,IT,DE,133.0,0.001,133.0,no
2023-12,27090090,IT,DZ,46729890.0,79983.824,0.5842,no
2023-12,27090090,IT,ES,8563927.0,11979.287,0.7149,no
2023-12,27090090,IT,FR,373207.0,451.38,0.8268,no
2023-12,27090090,IT,GA,68729743.0,127123.495,0.5407,no
2023-12,27090090,IT,GB,51051298.0,95452.968,0.5348,no
2023-12,27090090,IT,GY,44986721.0,88347.257,0.5092,no
2023-12,27090090,IT,IQ,203233095.0,396727.815,0.5123,no
2023-12,27090090,IT,KZ,296282180.0,520389.616,0.5693,no
2023-12,27090090,IT,LY,480239624.0,870208.045,0.5519,no
2023-12,27090090,IT,MX,49679145.0,83665.465,0.5938,no
2023-12,27090090,IT,NG,244661285.0,411706.39,0.5943,no
2023-12,27090090,IT,NL,331.0,0.003,110.3333,no
2023-12,27090090,IT,QV,64254.0,181.273,0.3545,no
2023-12,27090090,IT,SA,104324150.0,187269.69,0.5571,no
2023-12,27090090,IT,TN,35974894.0,68545.259,0.5248,no
2023-12,27090090,IT,US,305052304.0,517186.147,0.5898,no
2024-01,27090090,IT,AO,74643281.0,145046.766,0.5146,no
2024-01,27090090,IT,AZ,343757644.0,579426.014,0.5933,no
2024-01,27090090,IT,BR,46394332.0,80997.514,0.5728,no
2024-01,27090090,IT,CI,1878569.0,3138.04,0.5986,no
2024-01,27090090,IT,CM,28595590.0,53454.293,0.535,no
2024-01,27090090,IT,DE,81595.0,62.62,1.303,no
2024-01,27090090,IT,FR,52569.0,38.65,1.3601,no
2024-01,27090090,IT,GB,55674568.0,96736.523,0.5755,no
2024-01,27090090,IT,GQ,50011902.0,89355.108,0.5597,no
2024-01,27090090,IT,GY,57495234.0,109121.438,0.5269,no
2024-01,27090090,IT,IQ,274598684.0,537761.586,0.5106,no
2024-01,27090090,IT,KZ,212879695.0,384293.434,0.554,no
2024-01,27090090,IT,LY,754981117.0,1326945.145,0.569,no
2024-01,27090090,IT,MX,33378976.0,62596.287,0.5332,no
2024-01,27090090,IT,NG,200865040.0,365200.318,0.55,no
2024-01,27090090,IT,NO,164617568.0,313221.726,0.5256,no
2024-01,27090090,IT,QV,85040.0,213.949,0.3975,no
2024-01,27090090,IT,SA,123324686.0,225968.126,0.5458,no
2024-01,27090090,IT,US,481246753.0,856809.463,0.5617,no
2024-02,27090090,IT,AZ,512685284.0,814413.1,0.6295,no
2024-02,27090090,IT,BR,71520719.0,138587.089,0.5161,no
2024-02,27090090,IT,CM,70253936.0,130280.876,0.5392,no
2024-02,27090090,IT,DE,101392.0,121.35,0.8355,no
2024-02,27090090,IT,DZ,137584044.0,218669.048,0.6292,no
2024-02,27090090,IT,GY,41433579.0,78494.045,0.5279,no
2024-02,27090090,IT,IQ,175674267.0,327203.359,0.5369,no
2024-02,27090090,IT,KZ,666289586.0,1160984.444,0.5739,no
2024-02,27090090,IT,LY,518756800.0,877573.575,0.5911,no
2024-02,27090090,IT,NG,139418911.0,226554.575,0.6154,no
2024-02,27090090,IT,SA,101638403.0,178549.17,0.5692,no
2024-02,27090090,IT,SD,46006815.0,82006.171,0.561,no
2024-02,27090090,IT,TN,7590843.0,12127.777,0.6259,no
2024-02,27090090,IT,US,253858951.0,428050.134,0.5931,no
2024-03,27090090,IT,AE,83200091.0,134940.386,0.6166,no
2024-03,27090090,IT,AL,9650859.0,21533.312,0.4482,no
2024-03,27090090,IT,AO,80447123.0,145151.753,0.5542,no
2024-03,27090090,IT,AZ,482277203.0,750232.715,0.6428,no
2024-03,27090090,IT,CI,69071662.0,117949.659,0.5856,no
2024-03,27090090,IT,DE,75979.0,64.52,1.1776,no
2024-03,27090090,IT,DZ,52080762.0,79426.986,0.6557,no
2024-03,27090090,IT,FR,132160.0,121.09,1.0914,no
2024-03,27090090,IT,GH,81043334.0,125933.354,0.6435,no
2024-03,27090090,IT,GQ,57454611.0,89545.841,0.6416,no
2024-03,27090090,IT,IQ,160489937.0,291846.967,0.5499,no
2024-03,27090090,IT,KZ,446767594.0,751699.679,0.5943,no
2024-03,27090090,IT,LU,33.0,0.033,1.0,no
2024-03,27090090,IT,LY,529674801.0,878642.386,0.6028,no
2024-03,27090090,IT,NG,151483047.0,236828.975,0.6396,no
2024-03,27090090,IT,NO,51523264.0,80574.149,0.6395,no
2024-03,27090090,IT,QV,56308.0,135.439,0.4157,no
2024-03,27090090,IT,SA,242563022.0,420652.65,0.5766,no
2024-03,27090090,IT,TN,25442441.0,45052.323,0.5647,no
2024-03,27090090,IT,US,237039078.0,385488.742,0.6149,no
2024-04,27090090,IT,AZ,469210653.0,717298.635,0.6541,no
2024-04,27090090,IT,BR,99021000.0,180641.339,0.5482,no
2024-04,27090090,IT,CI,41161732.0,65808.461,0.6255,no
2024-04,27090090,IT,DE,293080.0,299.681,0.978,no
2024-04,27090090,IT,DZ,21611259.0,31764.604,0.6804,no
2024-04,27090090,IT,ES,8108069.0,9934.267,0.8162,no
2024-04,27090090,IT,FR,17539.0,12.505,1.4026,no
2024-04,27090090,IT,GA,76215797.0,127107.735,0.5996,no
2024-04,27090090,IT,IQ,151357780.0,273799.127,0.5528,no
2024-04,27090090,IT,KZ,497552874.0,818482.877,0.6079,no
2024-04,27090090,IT,LY,631718519.0,999150.684,0.6323,no
2024-04,27090090,IT,NG,203601282.0,316719.377,0.6428,no
2024-04,27090090,IT,NO,175483581.0,271270.432,0.6469,no
2024-04,27090090,IT,SA,215103292.0,356570.202,0.6033,no
2024-04,27090090,IT,SD,46469729.0,77852.204,0.5969,no
2024-04,27090090,IT,TN,6886816.0,10617.878,0.6486,no
2024-04,27090090,IT,US,217236925.0,331882.224,0.6546,no
2024-04,27090090,IT,VE,22217929.0,41758.874,0.5321,no
2024-05,27090090,IT,AO,71707059.0,132338.789,0.5418,no
2024-05,27090090,IT,AZ,390546096.0,631741.087,0.6182,no
2024-05,27090090,IT,CM,58855215.0,98792.319,0.5957,no
2024-05,27090090,IT,DE,81507.0,70.303,1.1594,no
2024-05,27090090,IT,ES,7323799.0,9912.818,0.7388,no
2024-05,27090090,IT,FR,155418.0,126.44,1.2292,no
2024-05,27090090,IT,GB,51278281.0,86923.731,0.5899,no
2024-05,27090090,IT,IQ,256322446.0,441575.758,0.5805,no
2024-05,27090090,IT,KZ,284963136.0,483150.661,0.5898,no
2024-05,27090090,IT,LY,622222916.0,1035775.226,0.6007,no
2024-05,27090090,IT,NG,178151657.0,280259.498,0.6357,no
2024-05,27090090,IT,NO,57221059.0,93426.13,0.6125,no
2024-05,27090090,IT,SA,324225152.0,550512.27,0.589,no
2024-05,27090090,IT,US,101097221.0,160420.005,0.6302,no
2024-05,27090090,IT,VE,30371563.0,69527.406,0.4368,no
2024-06,27090090,IT,AZ,470851176.0,789615.672,0.5963,no
2024-06,27090090,IT,DE,73644.0,86.675,0.8497,no
2024-06,27090090,IT,DZ,15101530.0,28866.327,0.5232,no
2024-06,27090090,IT,FR,208985.0,238.394,0.8766,no
2024-06,27090090,IT,GH,73374788.0,131952.9,0.5561,no
2024-06,27090090,IT,GQ,52506519.0,89981.06,0.5835,no
2024-06,27090090,IT,GY,57086.0,105.116,0.5431,no
2024-06,27090090,IT,IQ,332196036.0,610292.177,0.5443,no
2024-06,27090090,IT,KZ,361193606.0,628260.063,0.5749,no
2024-06,27090090,IT,LY,589738261.0,1015538.596,0.5807,no
2024-06,27090090,IT,MX,24637242.0,47579.416,0.5178,no
2024-06,27090090,IT,NG,178349429.0,311805.247,0.572,no
2024-06,27090090,IT,NO,50603715.0,90398.0,0.5598,no
2024-06,27090090,IT,QV,478643.0,1135.532,0.4215,no
2024-06,27090090,IT,SA,130348347.0,226396.211,0.5758,no
2024-06,27090090,IT,SD,41981258.0,79046.993,0.5311,no
2024-06,27090090,IT,US,90568050.0,147747.876,0.613,no
2024-06,27090090,IT,VE,16339542.0,38602.437,0.4233,no
2024-07,27090090,IT,AZ,590054226.0,943755.337,0.6252,no
2024-07,27090090,IT,BR,74809456.0,139500.533,0.5363,no
2024-07,27090090,IT,CM,48986736.0,90224.246,0.5429,no
2024-07,27090090,IT,DE,260043.0,258.827,1.0047,no
2024-07,27090090,IT,DZ,63742687.0,103318.899,0.617,no
2024-07,27090090,IT,ES,19543987.0,26581.269,0.7353,no
2024-07,27090090,IT,FR,79346.0,113.425,0.6995,no
2024-07,27090090,IT,GA,38224393.0,66335.477,0.5762,no
2024-07,27090090,IT,GB,94069921.0,151806.738,0.6197,no
2024-07,27090090,IT,GY,60713.0,115.824,0.5242,no
2024-07,27090090,IT,IQ,93193927.0,161993.487,0.5753,no
2024-07,27090090,IT,KZ,377476533.0,615664.318,0.6131,no
2024-07,27090090,IT,LY,711846015.0,1177441.636,0.6046,no
2024-07,27090090,IT,MX,53462760.0,96138.059,0.5561,no
2024-07,27090090,IT,MY,75857038.0,137824.674,0.5504,no
2024-07,27090090,IT,NG,178281867.0,280037.322,0.6366,no
2024-07,27090090,IT,SA,151469760.0,255693.547,0.5924,no
2024-07,27090090,IT,US,417111956.0,683534.972,0.6102,no
2024-07,27090090,IT,VE,25033205.0,53008.285,0.4723,no
2024-08,27090090,IT,AZ,429261914.0,718225.549,0.5977,no
2024-08,27090090,IT,BR,32979919.0,64299.176,0.5129,no
2024-08,27090090,IT,CM,51839801.0,99167.476,0.5228,no
2024-08,27090090,IT,DE,81997.0,67.78,1.2098,no
2024-08,27090090,IT,GA,47877741.0,80785.149,0.5927,no
2024-08,27090090,IT,GB,96325939.0,167194.999,0.5761,no
2024-08,27090090,IT,IQ,228813228.0,422731.485,0.5413,no
2024-08,27090090,IT,KZ,503324468.0,874413.969,0.5756,no
2024-08,27090090,IT,LY,616120374.0,1059002.978,0.5818,no
2024-08,27090090,IT,MX,87767479.0,163880.918,0.5356,no
2024-08,27090090,IT,NG,263859517.0,444656.532,0.5934,no
2024-08,27090090,IT,SA,142446260.0,255647.896,0.5572,no
2024-08,27090090,IT,TN,60213248.0,102163.445,0.5894,no
2024-08,27090090,IT,US,53799711.0,90731.44,0.593,no
2024-08,27090090,IT,VE,21615336.0,48550.351,0.4452,no
2024-09,27090090,IT,AO,135871229.0,274555.328,0.4949,no
2024-09,27090090,IT,AZ,279269313.0,520607.504,0.5364,no
2024-09,27090090,IT,DE,200679.0,142.332,1.4099,no
2024-09,27090090,IT,DZ,71325120.0,129912.781,0.549,no
2024-09,27090090,IT,FR,46933.0,38.0,1.2351,no
2024-09,27090090,IT,GA,71923467.0,134357.675,0.5353,no
2024-09,27090090,IT,GB,12237349.0,25894.218,0.4726,no
2024-09,27090090,IT,GH,70172970.0,125575.32,0.5588,no
2024-09,27090090,IT,GQ,46770154.0,89258.896,0.524,no
2024-09,27090090,IT,HR,3697638.0,4982.332,0.7422,no
2024-09,27090090,IT,IQ,75567581.0,148886.083,0.5076,no
2024-09,27090090,IT,KZ,420428169.0,789612.679,0.5324,no
2024-09,27090090,IT,LY,338116842.0,658721.348,0.5133,no
2024-09,27090090,IT,MX,16412462.0,30906.022,0.531,no
2024-09,27090090,IT,NG,101758312.0,195078.656,0.5216,no
2024-09,27090090,IT,NO,103338060.0,211944.327,0.4876,no
2024-09,27090090,IT,QV,31582.0,31.581,1.0,no
2024-09,27090090,IT,SA,91494540.0,184070.258,0.4971,no
2024-09,27090090,IT,US,402197129.0,740503.252,0.5431,no
2024-10,27090090,IT,AT,3053528.0,2548.65,1.1981,no
2024-10,27090090,IT,AZ,426100752.0,777242.116,0.5482,no
2024-10,27090090,IT,CG,64509702.0,130971.137,0.4925,no
2024-10,27090090,IT,CM,13736258.0,28290.281,0.4855,no
2024-10,27090090,IT,CO,22235311.0,53558.754,0.4152,no
2024-10,27090090,IT,DE,193064.0,143.818,1.3424,no
2024-10,27090090,IT,DZ,78284821.0,142593.797,0.549,no
2024-10,27090090,IT,FR,74565.0,109.1,0.6835,no
2024-10,27090090,IT,GB,31519150.0,65635.883,0.4802,no
2024-10,27090090,IT,GH,66680967.0,126152.948,0.5286,no
2024-10,27090090,IT,GY,72121403.0,140807.938,0.5122,no
2024-10,27090090,IT,IQ,201640464.0,429861.841,0.4691,no
2024-10,27090090,IT,KZ,501549218.0,948946.716,0.5285,no
2024-10,27090090,IT,LY,113572601.0,220439.024,0.5152,no
2024-10,27090090,IT,MX,43832389.0,88957.579,0.4927,no
2024-10,27090090,IT,NG,241509492.0,446251.843,0.5412,no
2024-10,27090090,IT,NO,47021021.0,91601.097,0.5133,no
2024-10,27090090,IT,SA,151545281.0,299248.205,0.5064,no
2024-10,27090090,IT,SD,42074324.0,82549.938,0.5097,no
2024-10,27090090,IT,US,190220108.0,357312.42,0.5324,no
2024-11,27090090,IT,AO,1811.0,0.228,7.943,no
2024-11,27090090,IT,AT,56.0,0.05,1.12,no
2024-11,27090090,IT,AZ,382972596.0,703948.477,0.544,no
2024-11,27090090,IT,CG,68726320.0,134399.269,0.5114,no
2024-11,27090090,IT,CM,35472100.0,70571.04,0.5026,no
2024-11,27090090,IT,DE,127055.0,128.93,0.9855,no
2024-11,27090090,IT,DZ,88917418.0,159713.711,0.5567,no
2024-11,27090090,IT,EG,23738889.0,47200.881,0.5029,no
2024-11,27090090,IT,FR,50409.0,80.01,0.63,no
2024-11,27090090,IT,GB,20185.0,39.86,0.5064,no
2024-11,27090090,IT,IQ,196016178.0,415201.675,0.4721,no
2024-11,27090090,IT,KZ,268609362.0,506499.076,0.5303,no
2024-11,27090090,IT,LY,552456900.0,1068014.088,0.5173,no
2024-11,27090090,IT,MX,31523886.0,62954.729,0.5007,no
2024-11,27090090,IT,NG,82120036.0,145128.047,0.5658,no
2024-11,27090090,IT,NO,49928331.0,99995.258,0.4993,no
2024-11,27090090,IT,SA,140764884.0,279072.838,0.5044,no
2024-11,27090090,IT,SD,41089666.0,81517.272,0.5041,no
2024-11,27090090,IT,TN,11932694.0,23134.581,0.5158,no
2024-11,27090090,IT,US,109654728.0,192263.453,0.5703,no
2024-12,27090090,IT,AO,112818957.0,218411.739,0.5165,no
2024-12,27090090,IT,AZ,373674662.0,678701.21,0.5506,no
2024-12,27090090,IT,DE,11617236.0,12255.174,0.9479,no
2024-12,27090090,IT,DZ,70172293.0,124209.036,0.565,no
2024-12,27090090,IT,EG,8928978.0,17573.441,0.5081,no
2024-12,27090090,IT,FR,41377.0,36.5,1.1336,no
2024-12,27090090,IT,GA,44585788.0,86824.735,0.5135,no
2024-12,27090090,IT,GQ,25377919.0,49380.81,0.5139,no
2024-12,27090090,IT,IQ,163141037.0,339218.196,0.4809,no
2024-12,27090090,IT,KZ,433986771.0,804700.641,0.5393,no
2024-12,27090090,IT,LY,540486273.0,1026152.713,0.5267,no
2024-12,27090090,IT,MX,49256026.0,99458.826,0.4952,no
2024-12,27090090,IT,NG,198167528.0,366078.476,0.5413,no
2024-12,27090090,IT,NO,116384180.0,229166.698,0.5079,no
2024-12,27090090,IT,QV,230083.0,574.841,0.4003,no
2024-12,27090090,IT,SA,175655917.0,341565.447,0.5143,no
2024-12,27090090,IT,SD,43156694.0,85028.219,0.5076,no
2024-12,27090090,IT,SN,35115580.0,69096.679,0.5082,no
2024-12,27090090,IT,US,128140622.0,229752.906,0.5577,no
2024-12,27090090,IT,VE,41230435.0,100638.893,0.4097,no
2025-01,27090090,IT,AO,54713347.0,92461.0,0.5917,no
2025-01,27090090,IT,AZ,265298465.0,455485.436,0.5825,no
2025-01,27090090,IT,BR,100354576.0,199369.077,0.5034,no
2025-01,27090090,IT,DE,100558.0,22.191,4.5315,no
2025-01,27090090,IT,DZ,22078618.0,39362.943,0.5609,no
2025-01,27090090,IT,GA,24818310.0,43246.346,0.5739,no
2025-01,27090090,IT,GB,63226383.0,113812.289,0.5555,no
2025-01,27090090,IT,GR,10555413.0,22148.481,0.4766,no
2025-01,27090090,IT,IQ,140352927.0,296463.04,0.4734,no
2025-01,27090090,IT,KZ,272782912.0,489191.713,0.5576,no
2025-01,27090090,IT,LY,586255331.0,1045577.678,0.5607,no
2025-01,27090090,IT,MX,47424400.0,89898.068,0.5275,no
2025-01,27090090,IT,NE,70427779.0,141648.0,0.4972,no
2025-01,27090090,IT,NG,187434389.0,342903.985,0.5466,no
2025-01,27090090,IT,NO,123458658.0,244471.155,0.505,no
2025-01,27090090,IT,SA,229908345.0,437080.992,0.526,no
2025-01,27090090,IT,SD,92771608.0,174251.644,0.5324,no
2025-01,27090090,IT,SI,3658889.0,5196.849,0.7041,no
2025-01,27090090,IT,US,147686480.0,252500.179,0.5849,no
2025-02,27090090,IT,AO,72071375.0,137582.062,0.5238,no
2025-02,27090090,IT,AZ,307599811.0,527387.788,0.5833,no
2025-02,27090090,IT,CI,40163921.0,68608.43,0.5854,no
2025-02,27090090,IT,DE,104722.0,123.113,0.8506,no
2025-02,27090090,IT,DZ,102272199.0,173672.529,0.5889,no
2025-02,27090090,IT,FR,9072.0,9.55,0.9499,no
2025-02,27090090,IT,GB,20410733.0,35232.496,0.5793,no
2025-02,27090090,IT,GY,30536522.0,56537.129,0.5401,no
2025-02,27090090,IT,IQ,140974543.0,267599.232,0.5268,no
2025-02,27090090,IT,KZ,263442919.0,444910.464,0.5921,no
2025-02,27090090,IT,LY,704628985.0,1265062.327,0.557,no
2025-02,27090090,IT,MX,71485156.0,127563.641,0.5604,no
2025-02,27090090,IT,NE,74340706.0,143151.371,0.5193,no
2025-02,27090090,IT,NG,157134288.0,275688.972,0.57,no
2025-02,27090090,IT,NO,104528076.0,190991.293,0.5473,no
2025-02,27090090,IT,SA,150570170.0,284898.388,0.5285,no
2025-02,27090090,IT,US,121545545.0,199994.955,0.6077,no
2025-03,27090090,IT,AL,8470969.0,20783.148,0.4076,no
2025-03,27090090,IT,AZ,255829324.0,465109.541,0.55,no
2025-03,27090090,IT,BR,136548660.0,281772.929,0.4846,no
2025-03,27090090,IT,CU,2128164.0,5489.696,0.3877,no
2025-03,27090090,IT,DE,95.0,0.001,95.0,no
2025-03,27090090,IT,GQ,49706102.0,90179.87,0.5512,no
2025-03,27090090,IT,IQ,21695500.0,47979.599,0.4522,no
2025-03,27090090,IT,KZ,411377719.0,769299.861,0.5347,no
2025-03,27090090,IT,LY,334001591.0,622609.044,0.5365,no
2025-03,27090090,IT,MX,69508432.0,128989.107,0.5389,no
2025-03,27090090,IT,NG,78890888.0,143279.385,0.5506,no
2025-03,27090090,IT,NO,111546.0,208.801,0.5342,no
2025-03,27090090,IT,SA,42597522.0,88747.579,0.48,no
2025-03,27090090,IT,SD,48571039.0,98067.473,0.4953,no
2025-03,27090090,IT,TN,43884690.0,78725.364,0.5574,no
2025-03,27090090,IT,US,95569498.0,189487.766,0.5044,no
2025-04,27090090,IT,AZ,449112367.0,894045.634,0.5023,no
2025-04,27090090,IT,CM,43718252.0,90413.011,0.4835,no
2025-04,27090090,IT,CU,3116042.0,8473.353,0.3677,no
2025-04,27090090,IT,DE,508.0,0.341,1.4897,no
2025-04,27090090,IT,DZ,48274285.0,92072.453,0.5243,no
2025-04,27090090,IT,GB,41411825.0,91295.0,0.4536,no
2025-04,27090090,IT,IQ,129055301.0,286453.552,0.4505,no
2025-04,27090090,IT,KZ,189597838.0,385163.12,0.4923,no
2025-04,27090090,IT,LY,412442332.0,848818.003,0.4859,no
2025-04,27090090,IT,MX,61011782.0,128192.274,0.4759,no
2025-04,27090090,IT,NE,56272094.0,113175.039,0.4972,no
2025-04,27090090,IT,NG,29911576.0,61453.177,0.4867,no
2025-04,27090090,IT,NO,45224795.0,99677.0,0.4537,no
2025-04,27090090,IT,SA,53813052.0,100761.851,0.5341,no
2025-04,27090090,IT,SD,51354502.0,106658.267,0.4815,no
2025-04,27090090,IT,SN,19869678.0,45000.0,0.4415,no
2025-04,27090090,IT,TN,22634336.0,46442.718,0.4874,no
2025-04,27090090,IT,US,138308943.0,281317.228,0.4916,no
2025-04,27090090,IT,VE,62873648.0,152450.836,0.4124,no
2025-05,27090090,IT,AZ,385111374.0,852798.822,0.4516,no
2025-05,27090090,IT,DE,402.0,0.272,1.4779,no
2025-05,27090090,IT,EE,5885.0,5.0,1.177,no
2025-05,27090090,IT,GR,8076052.0,18587.651,0.4345,no
2025-05,27090090,IT,IQ,117492890.0,295049.831,0.3982,no
2025-05,27090090,IT,KZ,273834423.0,635555.544,0.4309,no
2025-05,27090090,IT,LY,397818936.0,922994.745,0.431,no
2025-05,27090090,IT,NE,59806423.0,144829.309,0.4129,no
2025-05,27090090,IT,NG,198643153.0,441716.741,0.4497,no
2025-05,27090090,IT,SD,40515986.0,105574.509,0.3838,no
2025-05,27090090,IT,SN,97750009.0,228663.489,0.4275,no
2025-05,27090090,IT,US,79050109.0,181391.738,0.4358,no
2025-06,27090090,IT,AO,16450895.0,37520.341,0.4385,no
2025-06,27090090,IT,AZ,343781845.0,724196.409,0.4747,no
2025-06,27090090,IT,BR,64823408.0,145392.391,0.4459,no
2025-06,27090090,IT,CA,37611982.0,84558.578,0.4448,no
2025-06,27090090,IT,CI,29935425.0,67401.714,0.4441,no
2025-06,27090090,IT,DE,428.0,0.186,2.3011,no
2025-06,27090090,IT,DZ,17724360.0,34369.027,0.5157,no
2025-06,27090090,IT,FR,12046.0,20.63,0.5839,no
2025-06,27090090,IT,GB,38624267.0,87559.0,0.4411,no
2025-06,27090090,IT,GH,27428646.0,56610.931,0.4845,no
2025-06,27090090,IT,GQ,40854519.0,89736.5,0.4553,no
2025-06,27090090,IT,IQ,74271349.0,183959.824,0.4037,no
2025-06,27090090,IT,KZ,316910068.0,707117.278,0.4482,no
2025-06,27090090,IT,LY,352063141.0,750253.025,0.4693,no
2025-06,27090090,IT,MX,31679648.0,79711.258,0.3974,no
2025-06,27090090,IT,NE,62851606.0,144420.307,0.4352,no
2025-06,27090090,IT,NG,63745097.0,134182.77,0.4751,no
2025-06,27090090,IT,QV,183903.0,471.833,0.3898,no
2025-06,27090090,IT,SA,149127346.0,343330.267,0.4344,no
2025-06,27090090,IT,US,161754421.0,371288.635,0.4357,no
2025-07,27090090,IT,AO,30986754.0,72912.653,0.425,no
2025-07,27090090,IT,AZ,220493358.0,448847.596,0.4912,no
2025-07,27090090,IT,BR,176730825.0,392854.611,0.4499,no
2025-07,27090090,IT,CA,132698.0,304.928,0.4352,no
2025-07,27090090,IT,CU,3103192.0,8154.301,0.3806,no
2025-07,27090090,IT,DE,90012.0,20.622,4.3649,no
2025-07,27090090,IT,DZ,9043797.0,20393.146,0.4435,no
2025-07,27090090,IT,GH,29819659.0,62671.908,0.4758,no
2025-07,27090090,IT,GY,64157832.0,139657.366,0.4594,no
2025-07,27090090,IT,IQ,156122503.0,356605.267,0.4378,no
2025-07,27090090,IT,KZ,280033076.0,605094.321,0.4628,no
2025-07,27090090,IT,LY,517241398.0,1096678.72,0.4716,no
2025-07,27090090,IT,MX,19736646.0,49999.082,0.3947,no
2025-07,27090090,IT,NE,67123363.0,145151.77,0.4624,no
2025-07,27090090,IT,NG,122021786.0,257450.336,0.474,no
2025-07,27090090,IT,NL,29409.0,1.0,29.409,no
2025-07,27090090,IT,NO,19026370.0,38413.239,0.4953,no
2025-07,27090090,IT,SA,125143413.0,280777.348,0.4457,no
2025-07,27090090,IT,SN,42842954.0,96835.304,0.4424,no
2025-07,27090090,IT,US,253843335.0,525344.033,0.4832,no
2025-08,27090090,IT,AZ,456578817.0,994866.732,0.4589,no
2025-08,27090090,IT,BE,42774.0,45.16,0.9472,no
2025-08,27090090,IT,BR,35859041.0,84005.465,0.4269,no
2025-08,27090090,IT,CI,24298081.0,52136.589,0.466,no
2025-08,27090090,IT,DZ,68213281.0,135055.448,0.5051,no
2025-08,27090090,IT,EG,124115481.0,277343.741,0.4475,no
2025-08,27090090,IT,GB,42775440.0,91451.825,0.4677,no
2025-08,27090090,IT,GR,3599781.0,8760.485,0.4109,no
2025-08,27090090,IT,KZ,200086670.0,447170.881,0.4475,no
2025-08,27090090,IT,LY,375859223.0,810917.617,0.4635,no
2025-08,27090090,IT,NE,64942021.0,141986.028,0.4574,no
2025-08,27090090,IT,NG,174060902.0,377554.231,0.461,no
2025-08,27090090,IT,NO,17417904.0,35831.987,0.4861,no
2025-08,27090090,IT,SA,78704834.0,181656.526,0.4333,no
2025-08,27090090,IT,SD,40296222.0,87344.07,0.4614,no
2025-08,27090090,IT,SN,77932692.0,173869.587,0.4482,no
2025-08,27090090,IT,US,125118595.0,269155.82,0.4649,no
2025-09,27090090,IT,AO,27473.0,0.05,549.46,no
2025-09,27090090,IT,AZ,233766637.0,515561.294,0.4534,no
2025-09,27090090,IT,CI,21133117.0,48088.194,0.4395,no
2025-09,27090090,IT,CM,42395481.0,99424.401,0.4264,no
2025-09,27090090,IT,CU,1584534.0,4509.949,0.3513,no
2025-09,27090090,IT,DZ,70945416.0,151557.695,0.4681,no
2025-09,27090090,IT,EG,31670300.0,71214.384,0.4447,no
2025-09,27090090,IT,GB,36847829.0,82335.092,0.4475,no
2025-09,27090090,IT,IQ,72051843.0,173285.211,0.4158,no
2025-09,27090090,IT,KZ,81828262.0,181167.085,0.4517,no
2025-09,27090090,IT,LY,566515186.0,1279210.21,0.4429,no
2025-09,27090090,IT,MX,19429578.0,48214.276,0.403,no
2025-09,27090090,IT,NE,62078156.0,142640.614,0.4352,no
2025-09,27090090,IT,NG,117125958.0,254362.414,0.4605,no
2025-09,27090090,IT,NO,4638996.0,10547.823,0.4398,no
2025-09,27090090,IT,SA,156602037.0,356152.431,0.4397,no
2025-09,27090090,IT,SD,40751170.0,97649.334,0.4173,no
2025-09,27090090,IT,SY,16277118.0,43403.7,0.375,no
2025-09,27090090,IT,TN,10656440.0,25172.969,0.4233,no
2025-09,27090090,IT,US,222264240.0,498520.293,0.4458,no
2025-10,27090090,IT,AZ,234675704.0,534321.428,0.4392,no
2025-10,27090090,IT,BE,48072.0,32.45,1.4814,no
2025-10,27090090,IT,BR,84673610.0,216992.369,0.3902,no
2025-10,27090090,IT,CA,27159653.0,79762.728,0.3405,no
2025-10,27090090,IT,DE,85855.0,20.819,4.1239,no
2025-10,27090090,IT,IQ,179987484.0,437766.916,0.4111,no
2025-10,27090090,IT,KZ,159199349.0,352985.001,0.451,no
2025-10,27090090,IT,LY,401009948.0,938569.336,0.4273,no
2025-10,27090090,IT,MX,62197506.0,151046.313,0.4118,no
2025-10,27090090,IT,NE,58985271.0,141717.54,0.4162,no
2025-10,27090090,IT,NG,37147855.0,80004.545,0.4643,no
2025-10,27090090,IT,NO,3142549.0,7326.635,0.4289,no
2025-10,27090090,IT,SN,20585544.0,53000.0,0.3884,no
2025-10,27090090,IT,US,290518571.0,677283.055,0.4289,no
2025-11,27090090,IT,AZ,95059436.0,214917.368,0.4423,no
2025-11,27090090,IT,CM,34543509.0,90438.768,0.382,no
2025-11,27090090,IT,DZ,116286131.0,262015.067,0.4438,no
2025-11,27090090,IT,HR,663969.0,479.4,1.385,no
2025-11,27090090,IT,IQ,69473705.0,176940.431,0.3926,no
2025-11,27090090,IT,KZ,137756686.0,315256.987,0.437,no
2025-11,27090090,IT,LY,237051948.0,557014.005,0.4256,no
2025-11,27090090,IT,NE,76111259.0,192501.514,0.3954,no
2025-11,27090090,IT,NG,147782696.0,356101.67,0.415,no
2025-11,27090090,IT,NO,60243976.0,137396.438,0.4385,no
2025-11,27090090,IT,SD,30536178.0,76584.746,0.3987,no
2025-11,27090090,IT,SN,57973928.0,148234.867,0.3911,no
2025-11,27090090,IT,TN,15548768.0,33935.113,0.4582,no
2025-11,27090090,IT,US,181909867.0,417380.352,0.4358,no
2025-12,27090090,IT,AG,20217000.0,47083.682,0.4294,no
2025-12,27090090,IT,AT,1232535.0,963.95,1.2786,no
2025-12,27090090,IT,AZ,291868006.0,669928.653,0.4357,no
2025-12,27090090,IT,DE,685.0,0.001,685.0,no
2025-12,27090090,IT,DZ,17698633.0,41218.616,0.4294,no
2025-12,27090090,IT,EG,27663694.0,69843.0,0.3961,no
2025-12,27090090,IT,GB,75045755.0,182037.0,0.4123,no
2025-12,27090090,IT,GY,94455320.0,224150.6,0.4214,no
2025-12,27090090,IT,IQ,140346692.0,358682.732,0.3913,no
2025-12,27090090,IT,KZ,204358641.0,493136.246,0.4144,no
2025-12,27090090,IT,LR,34308866.0,80881.088,0.4242,no
2025-12,27090090,IT,LY,577240579.0,1381384.458,0.4179,no
2025-12,27090090,IT,MX,50405154.0,131643.72,0.3829,no
2025-12,27090090,IT,NE,37323332.0,94805.336,0.3937,no
2025-12,27090090,IT,NG,47482467.0,108046.508,0.4395,no
2025-12,27090090,IT,QV,164194.0,605.686,0.2711,no
2025-12,27090090,IT,SA,40270044.0,102210.959,0.394,no
2025-12,27090090,IT,SN,78906115.0,198084.925,0.3983,no
2025-12,27090090,IT,UA,1395.0,0.018,77.5,no
2025-12,27090090,IT,US,135032463.0,315824.764,0.4276,no
2026-01,27090090,IT,AT,1176969.0,974.95,1.2072,no
2026-01,27090090,IT,AZ,281362029.0,645926.794,0.4356,no
2026-01,27090090,IT,BR,22245045.0,65250.725,0.3409,no
2026-01,27090090,IT,CA,38188950.0,99968.966,0.382,no
2026-01,27090090,IT,CM,36834993.0,95320.73,0.3864,no
2026-01,27090090,IT,DE,16.0,0.001,16.0,no
2026-01,27090090,IT,DZ,34444318.0,75703.422,0.455,no
2026-01,27090090,IT,EG,31048939.0,71339.798,0.4352,no
2026-01,27090090,IT,GB,34621384.0,91338.0,0.379,no
2026-01,27090090,IT,GY,59531258.0,154190.223,0.3861,no
2026-01,27090090,IT,IQ,167687017.0,458959.15,0.3654,no
2026-01,27090090,IT,KZ,96369621.0,223885.436,0.4304,no
2026-01,27090090,IT,LY,372579261.0,891188.987,0.4181,no
2026-01,27090090,IT,NE,55289276.0,141586.209,0.3905,no
2026-01,27090090,IT,NG,13051301.0,29827.989,0.4376,no
2026-01,27090090,IT,NO,29389644.0,81661.689,0.3599,no
2026-01,27090090,IT,SA,83188223.0,221986.251,0.3747,no
2026-01,27090090,IT,SN,17318656.0,43000.0,0.4028,no
2026-01,27090090,IT,US,102570009.0,239186.827,0.4288,no
2026-02,27090090,IT,AT,14.0,0.002,7.0,no
2026-02,27090090,IT,AZ,183911799.0,387232.874,0.4749,no
2026-02,27090090,IT,BR,97826894.0,259482.231,0.377,no
2026-02,27090090,IT,CI,9396436.0,22063.113,0.4259,no
2026-02,27090090,IT,CM,41943895.0,95067.847,0.4412,no
2026-02,27090090,IT,DE,15.0,0.001,15.0,no
2026-02,27090090,IT,DZ,21384907.0,44675.02,0.4787,no
2026-02,27090090,IT,GY,13411.0,34.844,0.3849,no
2026-02,27090090,IT,IQ,98896414.0,230319.486,0.4294,no
2026-02,27090090,IT,KZ,59454797.0,124910.954,0.476,no
2026-02,27090090,IT,LY,538807999.0,1192230.77,0.4519,no
2026-02,27090090,IT,NE,125585818.0,294377.767,0.4266,no
2026-02,27090090,IT,NG,77877243.0,172262.196,0.4521,no
2026-02,27090090,IT,NO,40086350.0,91136.255,0.4399,no
2026-02,27090090,IT,SA,114679358.0,280876.594,0.4083,no
2026-02,27090090,IT,SD,37251955.0,88017.938,0.4232,no
2026-02,27090090,IT,SN,61319766.0,145996.127,0.42,no
2026-02,27090090,IT,US,126641409.0,264641.232,0.4785,no
2026-03,27090090,IT,AT,22.0,0.004,5.5,no
2026-03,27090090,IT,AZ,267638629.0,439828.744,0.6085,no
2026-03,27090090,IT,CA,42684786.0,90907.0,0.4695,no
2026-03,27090090,IT,DZ,61200180.0,121460.037,0.5039,no
2026-03,27090090,IT,IQ,80290334.0,198827.463,0.4038,no
2026-03,27090090,IT,KZ,304232168.0,453328.257,0.6711,no
2026-03,27090090,IT,LY,667618192.0,1116667.808,0.5979,no
2026-03,27090090,IT,MX,88563815.0,219821.358,0.4029,no
2026-03,27090090,IT,NE,63483672.0,145756.953,0.4355,no
2026-03,27090090,IT,NO,28319107.0,56472.404,0.5015,no
2026-03,27090090,IT,SA,89796934.0,166446.015,0.5395,no
2026-03,27090090,IT,US,237015951.0,414867.328,0.5713,no
2026-03,27090090,IT,VE,77499738.0,149619.957,0.518,no
2026-04,27090090,IT,AL,8472340.0,18010.363,0.4704,no
2026-04,27090090,IT,AZ,329111758.0,415827.777,0.7915,no
2026-04,27090090,IT,BR,257127860.0,348615.215,0.7376,no
2026-04,27090090,IT,DZ,80242143.0,88606.578,0.9056,no
2026-04,27090090,IT,IQ,69298632.0,89252.271,0.7764,no
2026-04,27090090,IT,KZ,415712990.0,513071.562,0.8102,no
2026-04,27090090,IT,LB,1265245.0,2704.625,0.4678,no
2026-04,27090090,IT,LY,979514661.0,1268292.279,0.7723,no
2026-04,27090090,IT,MX,105084422.0,173314.91,0.6063,no
2026-04,27090090,IT,NG,136290942.0,187434.837,0.7271,no
2026-04,27090090,IT,NO,83361924.0,105774.404,0.7881,no
2026-04,27090090,IT,QV,353255.0,707.433,0.4993,no
2026-04,27090090,IT,SA,162458641.0,232419.154,0.699,no
2026-04,27090090,IT,SD,61067386.0,82255.375,0.7424,no
2026-04,27090090,IT,SN,112794739.0,137436.006,0.8207,no
2026-04,27090090,IT,US,125306021.0,168532.013,0.7435,no
2026-04,27090090,IT,VE,73841164.0,105690.658,0.6987,no
2026-05,27090090,IT,AT,1120415.0,961.0,1.1659,no
2026-05,27090090,IT,AZ,322746640.0,393111.952,0.821,no
2026-05,27090090,IT,BR,40185737.0,58662.189,0.685,no
2026-05,27090090,IT,CG,90415803.0,114833.946,0.7874,no
2026-05,27090090,IT,CO,81584665.0,112016.191,0.7283,no
2026-05,27090090,IT,GA,88598152.0,96188.995,0.9211,no
2026-05,27090090,IT,KZ,742521559.0,944456.165,0.7862,no
2026-05,27090090,IT,LY,737754649.0,948403.681,0.7779,no
2026-05,27090090,IT,MX,126861385.0,199569.472,0.6357,no
2026-05,27090090,IT,NG,36471343.0,57077.11,0.639,no
2026-05,27090090,IT,NO,64410674.0,92144.535,0.699,no
2026-05,27090090,IT,SA,363646529.0,450985.24,0.8063,no
2026-05,27090090,IT,SD,68778286.0,86037.492,0.7994,no
2026-05,27090090,IT,US,647177512.0,802183.854,0.8068,no
2026-05,27090090,IT,VE,48253232.0,74480.335,0.6479,no
2026-06,27090090,IT,AE,64383220.0,91352.005,0.7048,no
2026-06,27090090,IT,AL,9507303.0,19644.099,0.484,no
2026-06,27090090,IT,AO,103067447.0,132628.952,0.7771,no
2026-06,27090090,IT,AZ,378464599.0,569566.854,0.6645,no
2026-06,27090090,IT,BR,179192789.0,262579.156,0.6824,no
2026-06,27090090,IT,CI,46493270.0,65471.324,0.7101,no
2026-06,27090090,IT,CO,35474399.0,50339.279,0.7047,no
2026-06,27090090,IT,DZ,129712706.0,196812.584,0.6591,no
2026-06,27090090,IT,GA,17966835.0,27289.025,0.6584,no
2026-06,27090090,IT,GB,60459469.0,91652.497,0.6597,no
2026-06,27090090,IT,IQ,293909362.0,469462.006,0.6261,no
2026-06,27090090,IT,LY,548802748.0,851049.935,0.6449,no
2026-06,27090090,IT,MX,25843281.0,40686.426,0.6352,no
2026-06,27090090,IT,NE,99860494.0,146678.841,0.6808,no
2026-06,27090090,IT,NG,53844389.0,78079.546,0.6896,no
2026-06,27090090,IT,SA,166788154.0,209732.6,0.7952,no
2026-06,27090090,IT,US,507866049.0,713095.804,0.7122,no
2026-06,27090090,IT,VE,53598189.0,82467.291,0.6499,no
