data,navi_totali,petroliere,cargo,capacita_petroliere_dwt,capacita_totale_dwt
2019-01-01,52,33,19,2390755,2795480
2019-01-02,59,35,24,1022523,1991917
2019-01-03,71,49,22,2841667,3604099
2019-01-04,59,35,24,1207506,1966770
2019-01-05,61,34,27,1830227,2851813
2019-01-06,55,35,20,2219169,2657662
2019-01-07,70,50,20,1940965,2475406
2019-01-08,55,31,24,515105,1253720
2019-01-09,37,21,16,1805444,2278943
2019-01-10,57,34,23,789993,1295612
2019-01-11,60,40,20,1008345,1555588
2019-01-12,55,35,20,481324,905066
2019-01-13,42,23,19,1557452,2251475
2019-01-14,49,34,15,2088547,2409324
2019-01-15,48,25,23,972941,1585185
2019-01-16,56,27,29,1922947,2708518
2019-01-17,51,29,22,1607029,2361033
2019-01-18,46,32,14,2116818,2616203
2019-01-19,60,37,23,1395862,1856065
2019-01-20,66,40,26,1387500,2249283
2019-01-21,57,36,21,312553,894123
2019-01-22,59,39,20,2228951,2883759
2019-01-23,42,31,11,1699263,2009965
2019-01-24,42,32,10,1942712,2275692
2019-01-25,46,27,19,1444862,2000221
2019-01-26,60,38,22,1796329,2537356
2019-01-27,61,40,21,2352926,3184544
2019-01-28,59,32,27,846159,1526568
2019-01-29,45,32,13,2288161,2921629
2019-01-30,58,36,22,1117727,1581716
2019-01-31,49,28,21,1522445,2206553
2019-02-01,49,33,16,1249494,1704478
2019-02-02,49,32,17,2139350,2640488
2019-02-03,57,39,18,1686854,2100075
2019-02-04,56,35,21,1010318,1676755
2019-02-05,58,29,29,572524,1214871
2019-02-06,49,29,20,846722,1486989
2019-02-07,60,35,25,1604455,2195049
2019-02-08,54,33,21,849125,1433469
2019-02-09,56,40,16,1597088,2089577
2019-02-10,59,39,20,1584091,2259444
2019-02-11,42,26,16,1160991,1885416
2019-02-12,53,30,23,418259,1168482
2019-02-13,43,26,17,909455,1507256
2019-02-14,62,39,23,971138,1663714
2019-02-15,62,36,26,1826351,2386786
2019-02-16,64,40,24,1490346,2265373
2019-02-17,39,26,13,938241,1525194
2019-02-18,71,43,28,1368765,1944296
2019-02-19,47,24,23,324484,1016587
2019-02-20,60,37,23,760090,1226449
2019-02-21,68,42,26,711691,1273792
2019-02-22,76,44,32,1443209,2236580
2019-02-23,72,45,27,2383118,3300347
2019-02-24,69,41,28,1466085,2304158
2019-02-25,46,27,19,1144892,1792662
2019-02-26,52,27,25,578299,1424911
2019-02-27,40,25,15,508063,1227426
2019-02-28,56,33,23,1417121,1960670
2019-03-01,57,39,18,2161005,2682406
2019-03-02,60,33,27,1013580,1812544
2019-03-03,66,45,21,1059240,1754283
2019-03-04,38,25,13,299513,648587
2019-03-05,67,39,28,1720874,2602160
2019-03-06,80,52,28,1360314,2353109
2019-03-07,41,26,15,1021012,1322387
2019-03-08,65,42,23,1740780,2491874
2019-03-09,74,48,26,2352261,3449010
2019-03-10,46,32,14,698929,1260333
2019-03-11,40,23,17,509330,912526
2019-03-12,47,33,14,2969275,3462056
2019-03-13,67,39,28,1964304,2707631
2019-03-14,51,28,23,1014341,1547621
2019-03-15,51,33,18,2217509,2733601
2019-03-16,49,28,21,1322216,1946554
2019-03-17,68,42,26,886031,1848017
2019-03-18,36,28,8,1190734,1390889
2019-03-19,49,26,23,1147559,1809102
2019-03-20,61,40,21,1126521,1521795
2019-03-21,49,31,18,1491523,1865175
2019-03-22,47,28,19,1368091,2037729
2019-03-23,58,31,27,2250838,3145827
2019-03-24,54,31,23,641687,1046686
2019-03-25,44,22,22,350129,1315357
2019-03-26,57,33,24,949423,1699049
2019-03-27,61,38,23,761454,1276028
2019-03-28,39,28,11,1967686,2294501
2019-03-29,74,36,38,1795790,2850511
2019-03-30,70,47,23,1832845,2548798
2019-03-31,47,31,16,1880417,2300002
2019-04-01,69,42,27,1071342,2058310
2019-04-02,46,25,21,1162177,1602753
2019-04-03,58,32,26,1699083,2237837
2019-04-04,31,20,11,215110,555239
2019-04-05,67,39,28,1982435,2758910
2019-04-06,70,46,24,1462514,2245813
2019-04-07,61,41,20,1767947,2558461
2019-04-08,69,40,29,968474,1663658
2019-04-09,71,50,21,2272056,2730943
2019-04-10,52,29,23,1125214,1937877
2019-04-11,59,41,18,2288556,2825861
2019-04-12,52,33,19,1045267,1628986
2019-04-13,66,41,25,1172514,1798705
2019-04-14,35,20,15,846145,1246638
2019-04-15,75,40,35,1549587,2680297
2019-04-16,70,38,32,1716065,2704268
2019-04-17,69,39,30,3170336,4156952
2019-04-18,57,36,21,2206555,2816028
2019-04-19,85,57,28,2971950,3845691
2019-04-20,80,48,32,2275844,3229651
2019-04-21,76,41,35,1700031,2493399
2019-04-22,85,45,40,3027693,4713055
2019-04-23,39,24,15,1633807,2086183
2019-04-24,59,34,25,1116454,1877117
2019-04-25,70,44,26,1060580,1659105
2019-04-26,63,37,26,1431885,2461199
2019-04-27,90,57,33,2607813,3466314
2019-04-28,71,40,31,2862180,3751764
2019-04-29,93,51,42,2316227,3506975
2019-04-30,54,33,21,1849085,2474440
2019-05-01,50,30,20,1159043,1747653
2019-05-02,77,46,31,2372706,3136919
2019-05-03,90,46,44,2458929,3605137
2019-05-04,63,41,22,3518777,4469443
2019-05-05,52,28,24,1561489,2521722
2019-05-06,65,37,28,2150731,3079015
2019-05-07,72,48,24,1962989,2447254
2019-05-08,87,50,37,2724319,3555134
2019-05-09,56,29,27,1514470,2232935
2019-05-10,58,39,19,1293036,1948875
2019-05-11,61,37,24,1469812,2349704
2019-05-12,59,40,19,2450323,3065754
2019-05-13,75,47,28,2383458,3079895
2019-05-14,39,18,21,1150851,1727517
2019-05-15,70,47,23,2828230,3615269
2019-05-16,58,41,17,2207725,2591772
2019-05-17,87,46,41,2419184,3553207
2019-05-18,60,37,23,1667149,2222630
2019-05-19,63,42,21,2645047,3096972
2019-05-20,57,35,22,1651653,2041327
2019-05-21,41,27,14,2423124,2955436
2019-05-22,59,35,24,1349228,1928053
2019-05-23,65,43,22,2121730,2516910
2019-05-24,75,42,33,1465014,2400414
2019-05-25,80,47,33,2866391,4281554
2019-05-26,67,48,19,2053678,2904898
2019-05-27,85,53,32,3161050,4474047
2019-05-28,49,25,24,1017574,1502992
2019-05-29,88,49,39,2039626,3072549
2019-05-30,88,56,32,2640169,3398917
2019-05-31,81,48,33,1649583,2853296
2019-06-01,39,26,13,1124176,1730151
2019-06-02,78,50,28,2272259,3188094
2019-06-03,82,54,28,3820149,4716251
2019-06-04,93,60,33,2381885,3255309
2019-06-05,42,27,15,1167240,1625787
2019-06-06,73,38,35,425477,1279838
2019-06-07,77,44,33,3407731,4612564
2019-06-08,66,39,27,2071350,2951271
2019-06-09,67,40,27,1185369,1834254
2019-06-10,82,45,37,2260809,3027778
2019-06-11,79,46,33,2655706,3342549
2019-06-12,67,46,21,2357276,2864361
2019-06-13,48,30,18,1203614,1703603
2019-06-14,53,31,22,1203128,1821609
2019-06-15,51,24,27,782716,1671507
2019-06-16,96,68,28,4180198,5013424
2019-06-17,73,46,27,2189726,3508390
2019-06-18,74,42,32,2967846,4214665
2019-06-19,58,39,19,1037945,1628332
2019-06-20,75,43,32,1486181,2234391
2019-06-21,77,42,35,2648921,3817405
2019-06-22,86,50,36,1545248,2759015
2019-06-23,48,30,18,1660099,2325176
2019-06-24,102,69,33,2657916,3619055
2019-06-25,90,62,28,3645780,4669001
2019-06-26,78,49,29,3073393,3913615
2019-06-27,86,51,35,2053476,3008855
2019-06-28,78,45,33,2810390,3856065
2019-06-29,63,46,17,1521986,1964475
2019-06-30,99,53,46,3022622,4398355
2019-07-01,90,56,34,2697110,3652712
2019-07-02,72,36,36,1462444,2147383
2019-07-03,102,65,37,2946298,3900206
2019-07-04,95,47,48,3519533,5270900
2019-07-05,75,45,30,2634326,3350295
2019-07-06,102,58,44,1711922,2812539
2019-07-07,83,44,39,2002728,3105218
2019-07-08,79,46,33,1803162,2501387
2019-07-09,64,40,24,1203158,1643124
2019-07-10,54,30,24,1668314,2069161
2019-07-11,86,50,36,2072698,2976407
2019-07-12,95,56,39,3294508,4203436
2019-07-13,59,36,23,1755430,2451228
2019-07-14,76,39,37,1746950,2779293
2019-07-15,84,45,39,2102855,3289674
2019-07-16,77,47,30,2442434,3277788
2019-07-17,75,46,29,2165205,2975699
2019-07-18,69,40,29,1685186,2272617
2019-07-19,68,43,25,2065696,2658624
2019-07-20,53,28,25,1949181,2488588
2019-07-21,87,54,33,2176215,3045641
2019-07-22,83,46,37,2583562,3401678
2019-07-23,68,45,23,2649431,3704115
2019-07-24,66,46,20,2485801,3159427
2019-07-25,61,36,25,1129923,1739708
2019-07-26,73,44,29,2807478,3689621
2019-07-27,57,36,21,1280229,1874453
2019-07-28,73,46,27,1926540,2701266
2019-07-29,81,45,36,2320599,3602892
2019-07-30,55,32,23,1314959,2056887
2019-07-31,74,42,32,2949083,3853370
2019-08-01,83,54,29,1934992,2774615
2019-08-02,83,47,36,2109404,3150008
2019-08-03,62,34,28,1845673,2905201
2019-08-04,54,35,19,1633488,2064892
2019-08-05,65,42,23,1714567,2375421
2019-08-06,86,52,34,2540766,3402117
2019-08-07,91,51,40,2352915,3502062
2019-08-08,83,52,31,2696775,3299538
2019-08-09,51,27,24,1488425,2206439
2019-08-10,88,58,30,2865393,3775150
2019-08-11,76,39,37,2251066,3262370
2019-08-12,75,42,33,2037012,3148936
2019-08-13,72,48,24,2360768,2977582
2019-08-14,52,29,23,977813,1748798
2019-08-15,73,39,34,2562268,3584369
2019-08-16,67,45,22,2253126,3142548
2019-08-17,79,49,30,2646207,3483514
2019-08-18,67,45,22,2253464,2947045
2019-08-19,60,35,25,1721592,2525663
2019-08-20,59,35,24,2271474,3081175
2019-08-21,87,57,30,2135314,3010054
2019-08-22,64,40,24,1898292,2517164
2019-08-23,75,41,34,2136123,3245621
2019-08-24,83,46,37,2698760,3887589
2019-08-25,78,43,35,2932211,3828923
2019-08-26,82,53,29,1857617,2783581
2019-08-27,76,43,33,2425568,3274189
2019-08-28,64,43,21,2634039,3390208
2019-08-29,87,51,36,2852108,3777093
2019-08-30,81,51,30,2060171,2929764
2019-08-31,64,42,22,2120342,2892543
2019-09-01,76,41,35,1858579,2705598
2019-09-02,61,37,24,2309573,3105161
2019-09-03,63,32,31,2669959,3544077
2019-09-04,81,44,37,3080643,3989332
2019-09-05,79,47,32,2550205,3488864
2019-09-06,84,52,32,2818898,3846572
2019-09-07,78,46,32,1947167,2890857
2019-09-08,72,36,36,1876328,2716062
2019-09-09,73,52,21,2535365,3175756
2019-09-10,75,40,35,2863745,3692391
2019-09-11,72,43,29,1248453,2336636
2019-09-12,52,32,20,1832925,2379617
2019-09-13,54,35,19,1735284,2378022
2019-09-14,96,53,43,3252541,4217037
2019-09-15,67,38,29,1764877,2698198
2019-09-16,89,47,42,2034286,3274458
2019-09-17,73,44,29,1325944,2270179
2019-09-18,40,28,12,1288690,1618735
2019-09-19,55,33,22,2013805,2432890
2019-09-20,80,46,34,1513001,2561075
2019-09-21,56,32,24,2597679,3187007
2019-09-22,69,41,28,1805822,2272352
2019-09-23,56,31,25,1191157,1677466
2019-09-24,61,36,25,1280412,2051224
2019-09-25,57,33,24,1621049,2365927
2019-09-26,49,27,22,1487118,1838804
2019-09-27,56,34,22,1899623,2759666
2019-09-28,84,47,37,2101482,2974131
2019-09-29,95,57,38,2171485,3589011
2019-09-30,71,47,24,1976483,2746898
2019-10-01,65,42,23,1441665,2004006
2019-10-02,69,40,29,3050531,3889386
2019-10-03,40,26,14,1441933,1828240
2019-10-04,33,27,6,2045343,2188285
2019-10-05,75,44,31,2387086,3180401
2019-10-06,59,33,26,1568176,2552245
2019-10-07,48,33,15,1110096,1536761
2019-10-08,60,35,25,1934676,2404867
2019-10-09,68,42,26,2620992,3012985
2019-10-10,68,45,23,2347589,2909193
2019-10-11,55,41,14,2448675,2783891
2019-10-12,67,31,36,1800615,2631075
2019-10-13,66,42,24,2160944,2864577
2019-10-14,79,45,34,2125594,3339469
2019-10-15,75,47,28,2065725,2628363
2019-10-16,89,57,32,3257073,4043487
2019-10-17,94,62,32,2780829,3499025
2019-10-18,64,36,28,2865887,3712131
2019-10-19,37,23,14,1266350,1576260
2019-10-20,88,48,40,1961459,3312662
2019-10-21,55,34,21,1969772,2729133
2019-10-22,65,37,28,1171899,1963862
2019-10-23,74,44,30,2521811,3182452
2019-10-24,50,33,17,2017600,2194093
2019-10-25,69,42,27,1887413,2573570
2019-10-26,65,42,23,2198546,2795153
2019-10-27,66,35,31,2085261,3263681
2019-10-28,40,22,18,1603412,1815869
2019-10-29,64,42,22,2374294,3105979
2019-10-30,88,59,29,1994362,2935139
2019-10-31,60,38,22,1538861,2205467
2019-11-01,68,43,25,2356759,3044613
2019-11-02,49,31,18,313656,828665
2019-11-03,39,24,15,1506169,1825138
2019-11-04,64,40,24,2525665,3447101
2019-11-05,49,25,24,2200883,3191182
2019-11-06,57,38,19,2052174,2748299
2019-11-07,48,27,21,924750,1441752
2019-11-08,56,39,17,2162359,2696823
2019-11-09,61,36,25,2063653,2625650
2019-11-10,48,31,17,1757844,2536595
2019-11-11,41,32,9,782605,1110749
2019-11-12,49,35,14,784577,1509086
2019-11-13,51,29,22,875366,1493446
2019-11-14,37,21,16,409224,991920
2019-11-15,38,22,16,1081749,1746572
2019-11-16,52,31,21,1294517,1833069
2019-11-17,29,17,12,350304,649658
2019-11-18,42,20,22,723492,1539044
2019-11-19,47,27,20,948883,1449590
2019-11-20,37,25,12,747463,1183661
2019-11-21,37,24,13,351676,714173
2019-11-22,45,27,18,612472,1339744
2019-11-23,41,27,14,1433403,1759410
2019-11-24,35,26,9,518745,966421
2019-11-25,47,31,16,754161,1099565
2019-11-26,53,36,17,759712,1154117
2019-11-27,59,34,25,955628,1801461
2019-11-28,57,41,16,1528589,1992505
2019-11-29,53,36,17,850128,1287504
2019-11-30,43,30,13,1345867,1669275
2019-12-01,38,18,20,621525,1216696
2019-12-02,55,37,18,1700278,2081837
2019-12-03,56,37,19,1440368,1762608
2019-12-04,43,26,17,1433030,1914333
2019-12-05,45,31,14,314950,614328
2019-12-06,37,20,17,482185,1123276
2019-12-07,44,30,14,804813,1290191
2019-12-08,56,38,18,1422352,2110030
2019-12-09,37,23,14,270854,799839
2019-12-10,46,27,19,1725989,2539002
2019-12-11,34,19,15,1074712,1303238
2019-12-12,52,35,17,1573082,1967439
2019-12-13,55,39,16,1914887,2628065
2019-12-14,63,42,21,1992062,2470717
2019-12-15,70,41,29,1992952,2799000
2019-12-16,40,22,18,1189365,1502765
2019-12-17,52,35,17,1257493,1728422
2019-12-18,61,36,25,960329,1637071
2019-12-19,56,37,19,1025971,1608891
2019-12-20,59,44,15,694702,1219665
2019-12-21,55,27,28,997972,1811123
2019-12-22,31,22,9,840006,1113307
2019-12-23,60,36,24,714849,1439643
2019-12-24,48,27,21,677195,1219186
2019-12-25,61,32,29,580907,1154404
2019-12-26,56,37,19,1413174,2005163
2019-12-27,41,26,15,182135,740881
2019-12-28,25,15,10,766770,914013
2019-12-29,52,29,23,1448796,2116729
2019-12-30,65,41,24,1486662,2069335
2019-12-31,60,41,19,2470549,2936522
2020-01-01,74,53,21,1988711,2353873
2020-01-02,67,40,27,2424528,3157227
2020-01-03,67,40,27,1344298,2188805
2020-01-04,58,39,19,1932775,2443955
2020-01-05,73,43,30,2289206,3197831
2020-01-06,56,30,26,1187729,1923932
2020-01-07,62,46,16,646317,1100856
2020-01-08,41,21,20,71444,580992
2020-01-09,56,28,28,660055,1770744
2020-01-10,57,38,19,789236,1088533
2020-01-11,70,43,27,1314894,2089474
2020-01-12,53,31,22,518774,983194
2020-01-13,56,24,32,430881,1278881
2020-01-14,59,30,29,541344,1494967
2020-01-15,56,35,21,581605,1116547
2020-01-16,27,16,11,155887,541905
2020-01-17,69,40,29,1175153,1789812
2020-01-18,56,33,23,1028924,1798309
2020-01-19,63,35,28,1311930,1925142
2020-01-20,57,36,21,1550966,2018953
2020-01-21,60,27,33,946433,2033968
2020-01-22,59,34,25,941668,1734501
2020-01-23,56,32,24,976627,1570420
2020-01-24,66,42,24,1074055,1714409
2020-01-25,69,36,33,1651130,2764147
2020-01-26,71,45,26,1863795,2650978
2020-01-27,51,34,17,684174,1152652
2020-01-28,50,30,20,855530,1768588
2020-01-29,52,28,24,1092246,1578435
2020-01-30,63,38,25,1904944,2529451
2020-01-31,65,43,22,1869234,2504516
2020-02-01,63,39,24,1417157,2311628
2020-02-02,52,36,16,1182266,1643182
2020-02-03,63,43,20,2454589,2868773
2020-02-04,55,32,23,621473,1213294
2020-02-05,64,36,28,775585,1749194
2020-02-06,64,38,26,2547562,3210686
2020-02-07,70,42,28,2345476,3084453
2020-02-08,57,39,18,2336751,3028692
2020-02-09,37,21,16,936882,1375303
2020-02-10,43,25,18,719716,1217933
2020-02-11,61,38,23,1329071,1818798
2020-02-12,53,32,21,456426,1172868
2020-02-13,38,17,21,247856,747443
2020-02-14,45,24,21,463522,1049732
2020-02-15,54,35,19,1607406,2467751
2020-02-16,58,29,29,1140080,1683346
2020-02-17,85,50,35,2767646,3814824
2020-02-18,57,30,27,1121194,1955997
2020-02-19,41,23,18,1386416,1837319
2020-02-20,84,53,31,2601752,3276736
2020-02-21,60,31,29,1075108,1791558
2020-02-22,53,30,23,2733823,3132894
2020-02-23,64,46,18,1466615,2219854
2020-02-24,61,35,26,2092123,2862250
2020-02-25,70,32,38,1680221,2566413
2020-02-26,60,43,17,1373965,1803900
2020-02-27,30,18,12,514230,716314
2020-02-28,62,40,22,882775,1628513
2020-02-29,73,43,30,2550798,3198675
2020-03-01,51,33,18,1674727,2098912
2020-03-02,76,47,29,3336031,4119297
2020-03-03,45,27,18,1093144,1313305
2020-03-04,34,21,13,1048197,1461117
2020-03-05,49,27,22,954942,1717260
2020-03-06,54,35,19,994516,1664360
2020-03-07,58,38,20,2570398,2971995
2020-03-08,76,50,26,1609368,2386344
2020-03-09,31,18,13,572745,1172875
2020-03-10,48,36,12,1906396,2270623
2020-03-11,57,32,25,1183818,1699944
2020-03-12,59,39,20,2966855,3597691
2020-03-13,45,25,20,646744,1315571
2020-03-14,49,31,18,1394738,1996154
2020-03-15,45,27,18,1102372,1533382
2020-03-16,28,16,12,651868,1177689
2020-03-17,56,39,17,2296208,2711729
2020-03-18,60,38,22,1190879,1761486
2020-03-19,54,31,23,1934466,2607855
2020-03-20,57,38,19,2077056,2583677
2020-03-21,57,41,16,2034501,2723367
2020-03-22,56,34,22,1117800,1695159
2020-03-23,52,32,20,967365,1387222
2020-03-24,48,27,21,831255,1776521
2020-03-25,34,17,17,265734,677203
2020-03-26,69,44,25,2566135,3354431
2020-03-27,40,24,16,1202369,1635257
2020-03-28,70,41,29,1826673,2693272
2020-03-29,19,12,7,821591,985075
2020-03-30,41,30,11,1002946,1161893
2020-03-31,61,38,23,1528259,2294547
2020-04-01,53,31,22,2490083,3172330
2020-04-02,78,49,29,2763003,3606612
2020-04-03,75,46,29,2928895,3654048
2020-04-04,61,38,23,1920097,2551015
2020-04-05,83,56,27,3865969,4237976
2020-04-06,81,51,30,2617130,3774919
2020-04-07,76,41,35,1014140,2006604
2020-04-08,83,46,37,2522187,3448630
2020-04-09,66,39,27,3426504,4155742
2020-04-10,59,38,21,1128914,1659236
2020-04-11,56,32,24,2110764,3208493
2020-04-12,49,36,13,2195871,2780077
2020-04-13,63,43,20,2430689,2905945
2020-04-14,33,21,12,2136690,2415703
2020-04-15,56,31,25,1076004,1933367
2020-04-16,67,49,18,1807543,2309347
2020-04-17,64,41,23,2495754,3298981
2020-04-18,63,39,24,1850565,2648106
2020-04-19,69,43,26,2732440,3629723
2020-04-20,51,35,16,2265531,2712063
2020-04-21,75,54,21,3301736,3870387
2020-04-22,58,30,28,238218,1064950
2020-04-23,69,45,24,1757547,2508476
2020-04-24,77,51,26,3041014,3784604
2020-04-25,73,50,23,2178554,2933410
2020-04-26,71,45,26,2467393,3169176
2020-04-27,66,45,21,1725397,2087069
2020-04-28,60,34,26,1131050,1911972
2020-04-29,59,35,24,2153604,2696100
2020-04-30,48,24,24,1435231,2036194
2020-05-01,46,28,18,2863444,3143245
2020-05-02,55,37,18,2806389,3346761
2020-05-03,57,33,24,2092642,3248706
2020-05-04,92,59,33,3124356,3755419
2020-05-05,64,39,25,2179256,3030298
2020-05-06,73,48,25,3223439,4262689
2020-05-07,80,44,36,1293736,2102712
2020-05-08,85,55,30,2874267,3845449
2020-05-09,84,49,35,2393375,3540650
2020-05-10,81,39,42,1737216,2598450
2020-05-11,90,55,35,3604348,4542848
2020-05-12,78,53,25,2357620,2996982
2020-05-13,79,50,29,2341268,3125903
2020-05-14,95,58,37,2570918,3737214
2020-05-15,74,45,29,2630845,3625408
2020-05-16,88,57,31,2698053,3732244
2020-05-17,82,47,35,2423074,3545348
2020-05-18,49,34,15,2135010,2547792
2020-05-19,87,53,34,2709424,3719376
2020-05-20,86,44,42,2307759,3599848
2020-05-21,84,52,32,4084718,4690123
2020-05-22,48,30,18,2105974,2763656
2020-05-23,57,29,28,1312364,2175036
2020-05-24,66,42,24,2173854,2709529
2020-05-25,72,40,32,1272705,2218125
2020-05-26,63,37,26,1627684,2323028
2020-05-27,51,28,23,1664609,2177424
2020-05-28,79,50,29,2222845,2806880
2020-05-29,78,52,26,3077328,3807829
2020-05-30,72,37,35,1362429,2471991
2020-05-31,67,40,27,1793982,2588330
2020-06-01,76,45,31,2434904,3573789
2020-06-02,89,53,36,2426621,3526747
2020-06-03,82,47,35,2699736,3551125
2020-06-04,72,47,25,3112079,3593732
2020-06-05,79,43,36,2427333,3268129
2020-06-06,72,45,27,2679981,3262415
2020-06-07,77,46,31,1868224,2772743
2020-06-08,70,42,28,2004806,2827463
2020-06-09,82,49,33,2323696,3074814
2020-06-10,91,56,35,3537632,4684134
2020-06-11,83,50,33,1960405,2626920
2020-06-12,85,53,32,3190379,4113913
2020-06-13,80,50,30,2436340,3057909
2020-06-14,94,56,38,2784261,3736085
2020-06-15,78,45,33,1961867,2911126
2020-06-16,85,49,36,2009158,2844312
2020-06-17,93,53,40,2238221,3346603
2020-06-18,73,48,25,2681114,3589698
2020-06-19,97,47,50,2965987,4284676
2020-06-20,85,56,29,2137578,3093172
2020-06-21,87,57,30,2761118,3560082
2020-06-22,93,63,30,2701263,3865950
2020-06-23,81,54,27,2032641,2690311
2020-06-24,83,46,37,2283656,3338471
2020-06-25,74,45,29,2526001,3167643
2020-06-26,72,51,21,2248667,2778778
2020-06-27,77,49,28,1273372,2126081
2020-06-28,70,40,30,1496119,2441216
2020-06-29,99,60,39,1573780,2768133
2020-06-30,92,54,38,1624856,2686534
2020-07-01,43,20,23,845630,1451162
2020-07-02,68,39,29,1721825,2525206
2020-07-03,89,55,34,2888327,3994829
2020-07-04,80,42,38,3167920,4051696
2020-07-05,88,55,33,2259157,2894941
2020-07-06,71,42,29,2093883,3102526
2020-07-07,102,68,34,3693333,4634021
2020-07-08,69,41,28,1581283,2492461
2020-07-09,82,47,35,1953259,3004985
2020-07-10,77,48,29,2764457,3857953
2020-07-11,93,63,30,3918150,4583870
2020-07-12,78,49,29,2467151,3133198
2020-07-13,85,47,38,2313395,3154407
2020-07-14,84,52,32,2846631,3827977
2020-07-15,71,44,27,2714668,3616595
2020-07-16,81,55,26,2358881,3090535
2020-07-17,57,40,17,1820675,2433164
2020-07-18,89,54,35,2325879,3372147
2020-07-19,68,42,26,1567599,2098366
2020-07-20,94,59,35,2438701,3749566
2020-07-21,70,48,22,2558424,2963873
2020-07-22,72,43,29,1346806,1988302
2020-07-23,67,45,22,2327674,2858245
2020-07-24,91,60,31,2908969,3608168
2020-07-25,88,57,31,2809349,3523822
2020-07-26,97,55,42,1983340,3080760
2020-07-27,71,44,27,1746365,2356133
2020-07-28,77,54,23,2743651,3418933
2020-07-29,86,44,42,2232111,3586932
2020-07-30,93,63,30,3138523,4131129
2020-07-31,66,42,24,1581269,2222036
2020-08-01,79,50,29,2024058,2718496
2020-08-02,86,51,35,2243545,3431687
2020-08-03,89,58,31,2926889,3857556
2020-08-04,75,49,26,2073134,2945671
2020-08-05,80,50,30,3515464,4412584
2020-08-06,61,34,27,976830,1589111
2020-08-07,86,53,33,3876156,4942362
2020-08-08,78,57,21,2639533,3337421
2020-08-09,61,36,25,1146771,1537322
2020-08-10,73,45,28,1312711,2259908
2020-08-11,76,52,24,2848697,3638114
2020-08-12,84,59,25,2379138,3251782
2020-08-13,83,47,36,2439258,3413430
2020-08-14,93,55,38,2742871,3768429
2020-08-15,91,57,34,2020087,2890647
2020-08-16,84,56,28,3675894,4311668
2020-08-17,78,42,36,1431769,2516315
2020-08-18,94,59,35,3176628,4138268
2020-08-19,84,50,34,2155953,3235683
2020-08-20,76,40,36,2375536,3312796
2020-08-21,67,43,24,1481148,2239222
2020-08-22,70,44,26,2764625,3643767
2020-08-23,88,55,33,2064371,2961321
2020-08-24,64,43,21,1290965,1905937
2020-08-25,72,54,18,2289426,2808414
2020-08-26,64,41,23,1986661,3019209
2020-08-27,75,41,34,1436519,2361740
2020-08-28,72,36,36,2099860,3301743
2020-08-29,83,44,39,2046014,3339635
2020-08-30,84,47,37,1832276,2824900
2020-08-31,77,43,34,2644297,3468393
2020-09-01,85,53,32,2638977,3792409
2020-09-02,81,43,38,1992833,3279033
2020-09-03,86,46,40,2125030,3190949
2020-09-04,79,56,23,3385867,4060233
2020-09-05,82,52,30,1618398,2405899
2020-09-06,66,35,31,1327312,2119353
2020-09-07,101,58,43,1945966,3359772
2020-09-08,83,51,32,1940393,2789957
2020-09-09,94,50,44,2861458,4171973
2020-09-10,85,42,43,2688601,3826740
2020-09-11,92,60,32,2173240,3313938
2020-09-12,97,55,42,3534206,4369497
2020-09-13,90,62,28,2923009,3775432
2020-09-14,67,40,27,1220274,1922839
2020-09-15,52,34,18,2168287,2823863
2020-09-16,87,49,38,1885171,3016667
2020-09-17,93,55,38,3937886,4770181
2020-09-18,83,49,34,1963906,2782489
2020-09-19,92,43,49,1215195,2343761
2020-09-20,91,57,34,2693384,3369708
2020-09-21,104,52,52,2552761,4356269
2020-09-22,72,41,31,1914302,2612389
2020-09-23,74,45,29,2611093,3337624
2020-09-24,92,56,36,2338522,3674436
2020-09-25,71,39,32,2173117,3039275
2020-09-26,81,40,41,1796742,3240322
2020-09-27,110,64,46,2666776,4367415
2020-09-28,87,38,49,1777048,2833406
2020-09-29,71,40,31,1891190,2698752
2020-09-30,91,52,39,2032495,3261334
2020-10-01,62,36,26,1309354,2149793
2020-10-02,90,54,36,2590432,3389516
2020-10-03,107,65,42,4027033,5242568
2020-10-04,86,51,35,1203023,2058701
2020-10-05,63,35,28,2107401,3239251
2020-10-06,100,72,28,2795373,3580675
2020-10-07,98,60,38,2456157,3561419
2020-10-08,104,59,45,2726675,3869408
2020-10-09,59,37,22,2435557,3042663
2020-10-10,86,47,39,1676558,2671557
2020-10-11,54,29,25,1504374,2243840
2020-10-12,76,43,33,1452391,2492197
2020-10-13,62,37,25,1643005,2584697
2020-10-14,58,38,20,1209036,2046438
2020-10-15,95,68,27,3484670,3955559
2020-10-16,72,44,28,2625611,3412333
2020-10-17,78,43,35,2493052,3479932
2020-10-18,83,57,26,2406624,2950569
2020-10-19,66,41,25,2326438,3084720
2020-10-20,70,39,31,1223379,2042139
2020-10-21,64,41,23,2172817,3466430
2020-10-22,53,32,21,1132330,1664960
2020-10-23,95,51,44,2288956,3800215
2020-10-24,67,41,26,1080800,1736244
2020-10-25,75,45,30,2296556,3188985
2020-10-26,60,37,23,1565699,2172465
2020-10-27,89,54,35,1550429,2307948
2020-10-28,64,38,26,1365056,1956759
2020-10-29,74,42,32,2259255,3149937
2020-10-30,89,57,32,2361486,3419689
2020-10-31,83,43,40,2633204,3857159
2020-11-01,68,39,29,2817884,3650986
2020-11-02,85,55,30,2508706,3362307
2020-11-03,81,52,29,3072625,3930880
2020-11-04,81,47,34,2680839,3496362
2020-11-05,87,48,39,2102578,3273413
2020-11-06,46,25,21,392852,920610
2020-11-07,61,42,19,2235242,2594719
2020-11-08,41,28,13,1633416,1988289
2020-11-09,64,42,22,2099695,2699546
2020-11-10,88,59,29,1997074,2727189
2020-11-11,91,54,37,2881938,3820503
2020-11-12,70,48,22,960961,1663577
2020-11-13,53,31,22,1135696,2122201
2020-11-14,59,34,25,1371598,2186315
2020-11-15,53,30,23,455472,1192495
2020-11-16,48,27,21,715837,1335916
2020-11-17,64,42,22,1715650,2150440
2020-11-18,43,28,15,797536,1513995
2020-11-19,44,28,16,421241,981639
2020-11-20,52,30,22,966685,1702566
2020-11-21,38,27,11,1268219,1593023
2020-11-22,33,12,21,638138,1290630
2020-11-23,28,17,11,302139,479655
2020-11-24,44,21,23,203985,1017389
2020-11-25,60,41,19,855478,1564986
2020-11-26,55,33,22,754613,1631449
2020-11-27,63,41,22,1552465,2417932
2020-11-28,62,43,19,689170,1309420
2020-11-29,56,37,19,806326,1345362
2020-11-30,56,37,19,607731,1335236
2020-12-01,55,33,22,1193412,1820110
2020-12-02,78,53,25,2181178,2932604
2020-12-03,65,44,21,2771160,3447065
2020-12-04,75,53,22,2418631,2904136
2020-12-05,69,43,26,2907127,3742810
2020-12-06,48,26,22,1753346,2475564
2020-12-07,41,31,10,1072489,1413722
2020-12-08,51,25,26,369612,858806
2020-12-09,48,30,18,1093109,1536818
2020-12-10,55,30,25,930816,2077854
2020-12-11,59,37,22,1328077,2113055
2020-12-12,33,22,11,567471,823433
2020-12-13,42,26,16,449959,829033
2020-12-14,59,42,17,857137,1290726
2020-12-15,52,29,23,1397123,2053658
2020-12-16,36,16,20,677381,1186314
2020-12-17,21,12,9,106975,376944
2020-12-18,51,29,22,636630,1256401
2020-12-19,54,30,24,526268,1186712
2020-12-20,42,28,14,720519,984253
2020-12-21,44,31,13,1123926,1331789
2020-12-22,52,38,14,1731722,2052652
2020-12-23,52,32,20,1106414,1919353
2020-12-24,53,33,20,845901,1234762
2020-12-25,39,19,20,578933,1227917
2020-12-26,71,57,14,985136,1287950
2020-12-27,40,29,11,1186636,1446592
2020-12-28,58,34,24,391817,986322
2020-12-29,61,38,23,1281476,1797410
2020-12-30,46,29,17,1097582,1553960
2020-12-31,51,31,20,1501885,2011317
2021-01-01,65,42,23,758317,1573191
2021-01-02,54,36,18,996927,1408502
2021-01-03,66,43,23,1545637,2064185
2021-01-04,51,33,18,806470,1236323
2021-01-05,70,46,24,2036510,2536989
2021-01-06,69,42,27,1018448,1590810
2021-01-07,59,38,21,1919987,2614956
2021-01-08,54,34,20,1129927,1648738
2021-01-09,63,40,23,935549,1456407
2021-01-10,42,29,13,595034,925764
2021-01-11,64,39,25,825311,1613340
2021-01-12,59,35,24,1142436,1618964
2021-01-13,62,37,25,1532549,2176777
2021-01-14,64,37,27,1340906,2217346
2021-01-15,72,43,29,1583492,2612069
2021-01-16,64,45,19,2264517,2862879
2021-01-17,72,46,26,2052758,2890536
2021-01-18,86,46,40,2334880,3495586
2021-01-19,100,52,48,2120141,3251500
2021-01-20,81,53,28,2553224,3060546
2021-01-21,69,42,27,2749725,3434461
2021-01-22,58,33,25,1154838,2443373
2021-01-23,55,35,20,980782,1415408
2021-01-24,43,26,17,511370,904765
2021-01-25,56,41,15,2600956,3079884
2021-01-26,61,44,17,2623826,2827724
2021-01-27,83,52,31,2189447,3096316
2021-01-28,73,51,22,2469421,2885912
2021-01-29,84,45,39,2133982,3421507
2021-01-30,68,41,27,1693139,2468383
2021-01-31,60,37,23,2268087,2867148
2021-02-01,61,38,23,1662502,2274620
2021-02-02,65,36,29,1320756,2141622
2021-02-03,68,49,19,2921095,3452908
2021-02-04,84,55,29,2706965,3727571
2021-02-05,70,46,24,2015514,2660979
2021-02-06,64,45,19,2892064,3568001
2021-02-07,62,39,23,1576669,2318959
2021-02-08,54,35,19,1817072,2371232
2021-02-09,69,50,19,2057499,2726395
2021-02-10,67,37,30,1392070,2324103
2021-02-11,77,39,38,1961727,2759999
2021-02-12,93,64,29,3455165,4303191
2021-02-13,72,46,26,2310183,3052452
2021-02-14,76,55,21,2887967,3384696
2021-02-15,102,62,40,2457892,3523929
2021-02-16,81,44,37,2393318,3423527
2021-02-17,76,44,32,1854388,2837165
2021-02-18,69,42,27,2071912,2986392
2021-02-19,77,48,29,2317292,3386192
2021-02-20,61,35,26,1361059,2001023
2021-02-21,46,29,17,832483,1361713
2021-02-22,60,33,27,1315157,2365370
2021-02-23,66,43,23,2860352,3575244
2021-02-24,52,30,22,467784,1220814
2021-02-25,75,49,26,2270680,2808233
2021-02-26,51,33,18,1684595,2269891
2021-02-27,64,40,24,787010,1405594
2021-02-28,36,19,17,276926,836920
2021-03-01,71,41,30,1809307,2680809
2021-03-02,78,45,33,2112349,2964756
2021-03-03,78,46,32,2066534,3298000
2021-03-04,69,49,20,2553893,3315521
2021-03-05,73,42,31,2004951,3124806
2021-03-06,63,35,28,1615068,2440257
2021-03-07,40,27,13,953938,1113797
2021-03-08,46,25,21,513466,1194926
2021-03-09,79,49,30,2398894,3073045
2021-03-10,43,26,17,858417,1384421
2021-03-11,80,52,28,3852469,4835633
2021-03-12,68,46,22,1390575,2218975
2021-03-13,59,35,24,1509569,2158767
2021-03-14,61,38,23,1546336,2228446
2021-03-15,80,49,31,2420719,3385466
2021-03-16,86,53,33,2776452,3720257
2021-03-17,14,7,7,525561,830596
2021-03-18,52,32,20,1185455,1971893
2021-03-19,86,53,33,2201709,3256297
2021-03-20,69,39,30,2254040,2904672
2021-03-21,37,23,14,1604416,1902077
2021-03-22,62,44,18,1481268,2065826
2021-03-23,59,29,30,1329059,2187578
2021-03-24,87,55,32,3165455,4020434
2021-03-25,49,32,17,1546231,2096801
2021-03-26,58,34,24,1176847,1822222
2021-03-27,85,53,32,2093205,2770584
2021-03-28,68,42,26,1661075,2560100
2021-03-29,79,48,31,1471125,2243350
2021-03-30,89,55,34,2291525,3372759
2021-03-31,91,51,40,2021023,3087705
2021-04-01,109,60,49,2489377,4201996
2021-04-02,80,49,31,2502396,3325988
2021-04-03,100,65,35,4453617,5432225
2021-04-04,87,61,26,3408932,4010016
2021-04-05,73,50,23,2007289,2412309
2021-04-06,59,26,33,1183906,2340769
2021-04-07,99,67,32,2816534,3586042
2021-04-08,75,43,32,2042374,3088300
2021-04-09,112,68,44,2465141,4056820
2021-04-10,70,48,22,1756263,2615543
2021-04-11,80,47,33,2117058,2964792
2021-04-12,71,41,30,2836800,3519883
2021-04-13,56,41,15,2165137,2531740
2021-04-14,57,37,20,1443194,1980462
2021-04-15,65,33,32,1927827,2863137
2021-04-16,93,58,35,2517647,3919289
2021-04-17,93,60,33,3224553,4361973
2021-04-18,82,50,32,2911981,3723246
2021-04-19,82,47,35,2826169,4108258
2021-04-20,74,40,34,2230840,3396321
2021-04-21,97,52,45,2406474,3313865
2021-04-22,104,59,45,2878984,4237080
2021-04-23,90,56,34,2155422,3114045
2021-04-24,104,59,45,2872051,3950061
2021-04-25,75,46,29,1959323,2811390
2021-04-26,62,40,22,2443967,3193194
2021-04-27,79,42,37,2097330,3020726
2021-04-28,75,47,28,2527825,3447342
2021-04-29,71,41,30,996553,1624511
2021-04-30,54,29,25,1394630,2047635
2021-05-01,67,33,34,1554729,2424364
2021-05-02,81,53,28,2017922,2657721
2021-05-03,85,64,21,2853367,3650215
2021-05-04,73,44,29,1414667,1914049
2021-05-05,57,37,20,2105146,2780515
2021-05-06,83,55,28,4242514,5047593
2021-05-07,93,56,37,2435667,3583812
2021-05-08,103,63,40,2567874,4195742
2021-05-09,69,49,20,2351311,3227904
2021-05-10,71,38,33,2083470,2911298
2021-05-11,100,60,40,3353633,4300929
2021-05-12,98,52,46,3031424,4727936
2021-05-13,104,69,35,3203837,3920218
2021-05-14,88,56,32,2827271,3488110
2021-05-15,62,49,13,2738005,3330769
2021-05-16,50,24,26,1241585,2321031
2021-05-17,84,46,38,1877568,2796334
2021-05-18,82,51,31,3475533,4176600
2021-05-19,85,51,34,2303558,3204469
2021-05-20,81,48,33,2349478,3356622
2021-05-21,86,47,39,3051958,4490509
2021-05-22,88,55,33,2793287,4251747
2021-05-23,84,58,26,2250044,2844624
2021-05-24,85,54,31,2147805,2976544
2021-05-25,74,47,27,3063871,3699846
2021-05-26,64,38,26,1296452,1995844
2021-05-27,86,52,34,2646773,3774359
2021-05-28,81,43,38,1499640,2751556
2021-05-29,82,48,34,1928234,3298995
2021-05-30,70,44,26,1949257,2926084
2021-05-31,91,56,35,2763244,4043879
2021-06-01,102,55,47,2863438,4284783
2021-06-02,89,60,29,2406501,3348288
2021-06-03,96,65,31,3083959,3917127
2021-06-04,70,42,28,2265310,2794737
2021-06-05,98,57,41,3698999,4953804
2021-06-06,88,46,42,1997408,3711494
2021-06-07,83,60,23,2669625,3351050
2021-06-08,74,51,23,2786037,3451425
2021-06-09,92,51,41,2930976,4350399
2021-06-10,92,44,48,1747649,3063069
2021-06-11,95,60,35,2967411,3834331
2021-06-12,91,46,45,2105518,3529128
2021-06-13,71,45,26,1431607,2331805
2021-06-14,69,39,30,3030141,4097880
2021-06-15,89,49,40,2358723,3550388
2021-06-16,101,60,41,2486275,3459414
2021-06-17,91,58,33,2837639,3883042
2021-06-18,95,68,27,3471598,4328720
2021-06-19,85,51,34,2724144,3819518
2021-06-20,89,52,37,2658482,4207040
2021-06-21,89,60,29,2956069,3771497
2021-06-22,94,62,32,2845713,3684912
2021-06-23,94,56,38,3489995,4450121
2021-06-24,83,49,34,2070315,2922671
2021-06-25,106,68,38,2938032,4016528
2021-06-26,87,50,37,2207656,3316406
2021-06-27,74,45,29,3195596,3960201
2021-06-28,78,52,26,2958882,4006843
2021-06-29,85,52,33,1906189,2829453
2021-06-30,83,54,29,2282312,3065659
2021-07-01,95,56,39,1878191,3135873
2021-07-02,92,60,32,2623401,3360125
2021-07-03,87,51,36,3803649,5002680
2021-07-04,81,49,32,2242501,3063122
2021-07-05,85,50,35,2574957,3734223
2021-07-06,78,47,31,1354947,2232703
2021-07-07,73,45,28,3074580,3835911
2021-07-08,84,48,36,2260210,3299869
2021-07-09,95,54,41,2422290,3747033
2021-07-10,82,55,27,2307435,3253278
2021-07-11,76,55,21,2717637,3142990
2021-07-12,87,58,29,2071570,2690382
2021-07-13,74,43,31,2759452,3965818
2021-07-14,81,53,28,2360138,3297643
2021-07-15,63,36,27,1838077,2584883
2021-07-16,79,49,30,2787869,3517894
2021-07-17,78,53,25,2067291,2606761
2021-07-18,71,51,20,2020902,2438584
2021-07-19,86,56,30,3239270,4161977
2021-07-20,88,58,30,2147134,3154277
2021-07-21,65,44,21,1329275,1910233
2021-07-22,84,53,31,2374883,2963412
2021-07-23,98,65,33,4133137,5014300
2021-07-24,72,38,34,1749786,2701478
2021-07-25,79,53,26,2253319,3271417
2021-07-26,91,57,34,3346304,4440194
2021-07-27,74,44,30,2065230,2844768
2021-07-28,96,68,28,3522210,4269981
2021-07-29,76,47,29,2650820,3643509
2021-07-30,83,50,33,1394975,2816382
2021-07-31,82,58,24,3069071,3754102
2021-08-01,85,49,36,1730456,2886499
2021-08-02,82,55,27,2665146,3311960
2021-08-03,93,52,41,3191420,4463741
2021-08-04,92,61,31,2530884,3401200
2021-08-05,91,55,36,2552702,3576832
2021-08-06,101,59,42,3006278,4046292
2021-08-07,91,53,38,1277717,2837603
2021-08-08,68,45,23,2642224,3239162
2021-08-09,80,46,34,2044026,2787557
2021-08-10,81,51,30,3183008,3858810
2021-08-11,67,37,30,1390788,2282107
2021-08-12,82,47,35,2746786,4056351
2021-08-13,72,37,35,2756451,4008261
2021-08-14,91,53,38,2867969,3769941
2021-08-15,80,52,28,2893769,3838278
2021-08-16,71,40,31,1658427,2760764
2021-08-17,62,42,20,2087415,2639256
2021-08-18,61,38,23,1976198,2577256
2021-08-19,75,42,33,2307645,3102768
2021-08-20,72,49,23,2663068,3374361
2021-08-21,99,62,37,4058581,5409727
2021-08-22,71,41,30,2504894,3479406
2021-08-23,69,44,25,1944890,2744353
2021-08-24,70,39,31,2284379,3207620
2021-08-25,64,41,23,2269804,2748097
2021-08-26,93,61,32,2641917,3272876
2021-08-27,91,57,34,2268679,3218114
2021-08-28,88,53,35,2036677,2971404
2021-08-29,82,46,36,2490646,3791559
2021-08-30,80,50,30,2653990,3296163
2021-08-31,92,61,31,2353788,3171528
2021-09-01,78,46,32,1975412,2920187
2021-09-02,66,43,23,2285731,3004222
2021-09-03,87,50,37,3308101,4458148
2021-09-04,77,50,27,2760683,3517233
2021-09-05,58,38,20,1947159,2614072
2021-09-06,79,44,35,2558370,3705834
2021-09-07,68,43,25,1838482,2562632
2021-09-08,84,53,31,2298722,3238346
2021-09-09,93,58,35,2693979,3888974
2021-09-10,77,48,29,2157251,3137767
2021-09-11,73,42,31,2039938,2797258
2021-09-12,75,46,29,1605431,2475289
2021-09-13,77,52,25,2982585,3771978
2021-09-14,95,56,39,2225294,3493217
2021-09-15,94,56,38,2896228,3936373
2021-09-16,81,48,33,3164146,4374596
2021-09-17,91,52,39,2423248,3725797
2021-09-18,81,49,32,2563740,3056349
2021-09-19,75,52,23,2744624,3774249
2021-09-20,82,58,24,2547622,3202726
2021-09-21,76,45,31,2003521,2706047
2021-09-22,88,47,41,2547811,4077058
2021-09-23,79,52,27,3029766,3880517
2021-09-24,98,59,39,3067845,4268535
2021-09-25,68,39,29,1727172,2546530
2021-09-26,82,57,25,2245190,3210086
2021-09-27,71,43,28,2631270,3768516
2021-09-28,81,49,32,2037078,2915451
2021-09-29,104,58,46,2354460,3810673
2021-09-30,99,57,42,2538310,3540169
2021-10-01,54,31,23,1395907,2217138
2021-10-02,64,43,21,739946,1222688
2021-10-03,53,43,10,2389205,2876041
2021-10-04,79,46,33,3117513,4199638
2021-10-05,89,51,38,3327564,4492082
2021-10-06,97,58,39,2369897,3275725
2021-10-07,83,49,34,2706090,3846482
2021-10-08,114,76,38,3600673,4594619
2021-10-09,101,64,37,3403837,4334041
2021-10-10,92,52,40,2482762,3309676
2021-10-11,31,20,11,1439480,1791354
2021-10-12,49,33,16,1589697,1937727
2021-10-13,84,43,41,2052860,2885750
2021-10-14,93,62,31,2828305,3619747
2021-10-15,103,70,33,3117390,3973744
2021-10-16,66,42,24,1485898,2223411
2021-10-17,72,41,31,3346968,4146365
2021-10-18,88,63,25,3357944,4103974
2021-10-19,72,42,30,1568097,2320239
2021-10-20,91,51,40,3103699,3955823
2021-10-21,81,51,30,1928925,2984419
2021-10-22,65,45,20,2202915,2696104
2021-10-23,82,42,40,1352732,2407507
2021-10-24,85,52,33,2389266,3178223
2021-10-25,64,45,19,2639374,3347967
2021-10-26,49,26,23,1563774,2320029
2021-10-27,58,41,17,1666137,2095605
2021-10-28,61,36,25,2296911,2801639
2021-10-29,53,25,28,2272189,2968527
2021-10-30,56,40,16,2076430,2520615
2021-10-31,79,52,27,2246504,3387424
2021-11-01,102,69,33,2542885,3297052
2021-11-02,82,44,38,2174156,3738291
2021-11-03,75,41,34,2289061,3251855
2021-11-04,66,47,19,2086399,2568861
2021-11-05,79,54,25,2348757,3098696
2021-11-06,55,34,21,1142157,1785393
2021-11-07,34,18,16,1295525,1821836
2021-11-08,40,21,19,684966,1135784
2021-11-09,74,42,32,2174982,3045250
2021-11-10,83,47,36,2065283,3338377
2021-11-11,97,61,36,3667099,4908367
2021-11-12,70,40,30,2611193,3626984
2021-11-13,87,50,37,2417494,3559753
2021-11-14,81,53,28,3034571,3511356
2021-11-15,85,51,34,2076729,3092219
2021-11-16,92,62,30,4017453,4527916
2021-11-17,83,62,21,2623941,3287301
2021-11-18,74,33,41,930099,2352287
2021-11-19,83,52,31,2842185,3713166
2021-11-20,86,59,27,3093121,3857183
2021-11-21,91,57,34,1716403,2808221
2021-11-22,82,49,33,3704607,4540995
2021-11-23,90,57,33,2833474,3627345
2021-11-24,85,49,36,2235607,3515625
2021-11-25,60,35,25,1790899,2623034
2021-11-26,68,40,28,2206991,2895663
2021-11-27,96,52,44,2894177,4229843
2021-11-28,25,19,6,868064,981018
2021-11-29,86,50,36,2570814,3542738
2021-11-30,70,39,31,1990814,3117264
2021-12-01,87,57,30,3010003,3882134
2021-12-02,70,42,28,2356215,3189099
2021-12-03,95,66,29,3821872,4738216
2021-12-04,72,45,27,2017014,2602107
2021-12-05,80,49,31,3477313,4515673
2021-12-06,61,42,19,2007603,2640029
2021-12-07,70,53,17,2224592,2758385
2021-12-08,51,32,19,1932357,2490867
2021-12-09,84,55,29,2401162,3354856
2021-12-10,87,54,33,3511157,4643178
2021-12-11,55,38,17,1745309,2236577
2021-12-12,58,41,17,2356437,3143380
2021-12-13,63,42,21,3665464,4186031
2021-12-14,74,47,27,2226477,3015052
2021-12-15,87,56,31,2760748,3737035
2021-12-16,56,34,22,1673578,2442842
2021-12-17,70,38,32,1826548,2643703
2021-12-18,98,58,40,2994636,3638577
2021-12-19,90,59,31,2671855,3836014
2021-12-20,77,48,29,1991382,3011847
2021-12-21,61,40,21,1062020,1693771
2021-12-22,69,41,28,3253692,4303732
2021-12-23,63,39,24,889220,1654617
2021-12-24,76,48,28,2854151,3638506
2021-12-25,102,60,42,3417295,4532875
2021-12-26,85,48,37,2453843,4080910
2021-12-27,61,42,19,1648782,2316035
2021-12-28,67,43,24,2644429,3322347
2021-12-29,60,37,23,2486769,3204807
2021-12-30,65,43,22,2880154,3494231
2021-12-31,83,55,28,1741951,2499840
2022-01-01,60,39,21,2792960,3551557
2022-01-02,74,50,24,2154226,2842083
2022-01-03,71,52,19,3817549,4458514
2022-01-04,73,47,26,2019310,2746051
2022-01-05,74,44,30,2896340,3580075
2022-01-06,70,43,27,1162995,2036278
2022-01-07,65,43,22,2818187,3591840
2022-01-08,73,46,27,2806786,3825202
2022-01-09,82,62,20,3119552,3909420
2022-01-10,89,58,31,3394777,3987896
2022-01-11,71,47,24,2882543,3631264
2022-01-12,87,47,40,2196878,3512175
2022-01-13,75,56,19,2511275,3251763
2022-01-14,88,55,33,2777756,3680775
2022-01-15,69,45,24,2892083,3538571
2022-01-16,85,52,33,1950887,3071999
2022-01-17,75,49,26,3410981,4230381
2022-01-18,85,55,30,2485772,3332059
2022-01-19,82,44,38,1845604,3223056
2022-01-20,83,56,27,4371885,5183992
2022-01-21,70,49,21,2015734,2543762
2022-01-22,65,37,28,2010085,3351111
2022-01-23,71,39,32,1704688,2380091
2022-01-24,79,50,29,2549753,3515615
2022-01-25,89,60,29,3912134,4756814
2022-01-26,92,57,35,2444047,3760962
2022-01-27,99,66,33,3154085,4147584
2022-01-28,61,38,23,2360933,2801895
2022-01-29,82,57,25,2280433,3095511
2022-01-30,89,53,36,2347889,3544810
2022-01-31,87,52,35,2381643,3779431
2022-02-01,93,50,43,2347361,3434353
2022-02-02,88,56,32,3235562,3999545
2022-02-03,104,66,38,3133138,4568955
2022-02-04,97,62,35,3064807,3957196
2022-02-05,102,64,38,3317494,4159533
2022-02-06,84,53,31,2930168,4038782
2022-02-07,70,48,22,1800448,2172920
2022-02-08,98,54,44,2004839,3245838
2022-02-09,100,62,38,4138534,5180555
2022-02-10,91,53,38,2721007,3876604
2022-02-11,107,66,41,4329925,5350060
2022-02-12,106,65,41,3328419,4718628
2022-02-13,83,47,36,2036856,3523310
2022-02-14,78,53,25,2792032,3680969
2022-02-15,90,59,31,3090961,3724589
2022-02-16,101,53,48,2552118,3793768
2022-02-17,97,59,38,3194031,4141813
2022-02-18,93,56,37,3016880,4060314
2022-02-19,108,54,54,2688981,4219703
2022-02-20,98,68,30,3020172,4175764
2022-02-21,90,65,25,3833614,4534681
2022-02-22,57,42,15,1916386,2444348
2022-02-23,101,63,38,2190238,3220015
2022-02-24,90,50,40,2228851,3396205
2022-02-25,114,71,43,3998315,4996618
2022-02-26,97,62,35,3419909,4519864
2022-02-27,92,59,33,2926747,3915372
2022-02-28,70,41,29,1092434,1850235
2022-03-01,77,44,33,1860683,2847650
2022-03-02,84,56,28,2441547,3100784
2022-03-03,105,68,37,5120938,5821093
2022-03-04,89,54,35,1962512,3166222
2022-03-05,82,56,26,3771276,4748943
2022-03-06,99,61,38,2826339,3979337
2022-03-07,83,51,32,2384077,3491226
2022-03-08,66,41,25,2321450,3258440
2022-03-09,79,49,30,3207908,3941731
2022-03-10,75,43,32,1570841,2521729
2022-03-11,71,41,30,2461892,3432594
2022-03-12,101,52,49,3154091,4237263
2022-03-13,112,74,38,3907554,5048297
2022-03-14,108,64,44,2640731,3867311
2022-03-15,93,52,41,2569070,3527847
2022-03-16,105,70,35,3746923,4801315
2022-03-17,82,45,37,2136689,3333146
2022-03-18,53,39,14,1839557,2179304
2022-03-19,83,49,34,2646137,3746518
2022-03-20,83,54,29,2176373,2732702
2022-03-21,103,62,41,2679636,4235759
2022-03-22,98,60,38,3586125,4548170
2022-03-23,112,76,36,3753455,4701864
2022-03-24,55,32,23,1634224,2352902
2022-03-25,99,56,43,3031282,4958877
2022-03-26,103,67,36,4177081,5099740
2022-03-27,92,59,33,2014523,2520963
2022-03-28,71,46,25,2427290,3038896
2022-03-29,71,44,27,1872685,2788850
2022-03-30,71,36,35,1590908,2512083
2022-03-31,105,66,39,4544680,5643918
2022-04-01,111,74,37,3535991,5123630
2022-04-02,65,37,28,1736264,2459131
2022-04-03,101,69,32,3422579,4438058
2022-04-04,103,68,35,4870628,5586388
2022-04-05,103,57,46,1738993,3043921
2022-04-06,111,71,40,3424476,4684175
2022-04-07,100,67,33,3222741,4048075
2022-04-08,90,56,34,2820187,3542514
2022-04-09,99,58,41,4216381,5458227
2022-04-10,81,42,39,2848159,4170663
2022-04-11,85,57,28,2508343,3338678
2022-04-12,100,66,34,2847490,3712937
2022-04-13,101,54,47,2968139,4289115
2022-04-14,108,65,43,3155548,4403914
2022-04-15,96,72,24,2420608,3080072
2022-04-16,91,57,34,2383068,3431552
2022-04-17,98,67,31,4736329,5713030
2022-04-18,93,57,36,2520414,3460201
2022-04-19,97,63,34,3610334,4537357
2022-04-20,100,67,33,3577762,4583996
2022-04-21,93,47,46,2287135,3246637
2022-04-22,102,66,36,3240763,4085749
2022-04-23,114,73,41,3627524,4709552
2022-04-24,90,49,41,2493985,3491588
2022-04-25,95,59,36,2996226,3977129
2022-04-26,112,74,38,3062229,4042665
2022-04-27,104,68,36,3131469,4234098
2022-04-28,99,54,45,3230740,4378820
2022-04-29,97,62,35,2908018,3839841
2022-04-30,83,54,29,2405878,3496458
2022-05-01,92,60,32,1917539,3014316
2022-05-02,90,53,37,2567943,3611398
2022-05-03,95,65,30,3958966,4916942
2022-05-04,84,54,30,1998280,2738595
2022-05-05,105,69,36,2765187,3674570
2022-05-06,114,59,55,3172169,4863175
2022-05-07,109,65,44,2819907,3688053
2022-05-08,101,56,45,3661890,5160831
2022-05-09,91,61,30,2662827,3367417
2022-05-10,84,45,39,2342889,3206867
2022-05-11,41,26,15,1609476,1969241
2022-05-12,52,34,18,1659017,2038240
2022-05-13,48,25,23,1513945,2316256
2022-05-14,93,58,35,2139737,3060518
2022-05-15,69,45,24,2215638,2817656
2022-05-16,73,45,28,1610490,2333489
2022-05-17,97,55,42,3596024,4766033
2022-05-18,96,62,34,2130367,3002297
2022-05-19,105,60,45,2978587,4221584
2022-05-20,76,43,33,1810163,2484128
2022-05-21,102,57,45,3104788,4440023
2022-05-22,65,49,16,3096132,3452669
2022-05-23,87,61,26,2886446,3587078
2022-05-24,70,43,27,3006585,3822792
2022-05-25,89,51,38,2651372,3866571
2022-05-26,87,58,29,1576842,2505512
2022-05-27,107,70,37,4028117,5074760
2022-05-28,98,66,32,2643847,4014380
2022-05-29,103,62,41,3193880,4117529
2022-05-30,99,64,35,2555903,3691057
2022-05-31,94,63,31,2454506,3351032
2022-06-01,102,61,41,2315085,3357172
2022-06-02,116,71,45,3678818,4739175
2022-06-03,101,62,39,4160358,5274993
2022-06-04,86,47,39,1626351,2827503
2022-06-05,96,61,35,3412500,4317039
2022-06-06,96,67,29,2167050,3044370
2022-06-07,90,53,37,3144377,3901014
2022-06-08,55,33,22,1222573,2117027
2022-06-09,77,55,22,1630813,2174706
2022-06-10,68,44,24,2504808,3118680
2022-06-11,84,52,32,3401109,4011787
2022-06-12,87,60,27,2142259,3027488
2022-06-13,62,40,22,2106555,2805050
2022-06-14,104,64,40,4958550,6126372
2022-06-15,53,34,19,1485380,2068497
2022-06-16,98,60,38,3118133,4425168
2022-06-17,77,48,29,2066605,2642563
2022-06-18,81,50,31,2890542,3576994
2022-06-19,101,68,33,2697006,3531951
2022-06-20,93,56,37,2882250,4129474
2022-06-21,85,48,37,1511933,2243832
2022-06-22,77,47,30,3104600,4072583
2022-06-23,89,47,42,2038388,3144655
2022-06-24,69,40,29,3059558,3673102
2022-06-25,88,50,38,2632387,3820965
2022-06-26,94,63,31,3771129,4475490
2022-06-27,109,72,37,3021130,3778177
2022-06-28,89,53,36,2273120,3052181
2022-06-29,99,57,42,2175875,3703184
2022-06-30,113,72,41,3226950,4497046
2022-07-01,88,51,37,2261545,3081572
2022-07-02,76,43,33,3133038,3953508
2022-07-03,88,59,29,4103430,4856351
2022-07-04,110,71,39,3592687,4378003
2022-07-05,82,57,25,3274990,3785409
2022-07-06,95,57,38,2313671,3060619
2022-07-07,78,50,28,3080036,3846867
2022-07-08,51,35,16,2245255,2737493
2022-07-09,95,54,41,2950172,3949688
2022-07-10,61,38,23,1755275,2369817
2022-07-11,83,56,27,2966754,3706577
2022-07-12,76,46,30,2279545,3442245
2022-07-13,87,48,39,2131613,3559286
2022-07-14,116,78,38,3533686,4445001
2022-07-15,106,76,30,4607232,5666417
2022-07-16,94,55,39,3083197,3897483
2022-07-17,93,61,32,2955510,4069554
2022-07-18,62,42,20,2654168,3540352
2022-07-19,72,47,25,2552005,3366542
2022-07-20,86,51,35,3239943,3918108
2022-07-21,68,44,24,1009636,1980320
2022-07-22,78,56,22,2961657,3630092
2022-07-23,85,57,28,2980929,3843207
2022-07-24,44,26,18,1026757,1360712
2022-07-25,63,42,21,2262479,2889561
2022-07-26,103,63,40,2504428,3489963
2022-07-27,88,62,26,2963686,3937505
2022-07-28,83,49,34,2475915,3341987
2022-07-29,80,46,34,2563885,3707693
2022-07-30,101,64,37,2559153,3646452
2022-07-31,99,60,39,3675096,4470427
2022-08-01,90,55,35,3466531,4366612
2022-08-02,97,50,47,2153204,3676298
2022-08-03,115,61,54,2338951,4109723
2022-08-04,102,58,44,3127695,4087909
2022-08-05,105,66,39,3198889,4407856
2022-08-06,77,53,24,3348527,4184716
2022-08-07,102,65,37,1959682,2967252
2022-08-08,94,53,41,3392709,4528710
2022-08-09,58,34,24,1171565,2130834
2022-08-10,109,71,38,3865102,4737600
2022-08-11,78,50,28,2360983,3160843
2022-08-12,99,65,34,2840081,3999150
2022-08-13,98,59,39,2427151,3739081
2022-08-14,85,54,31,3439456,4473211
2022-08-15,97,62,35,2384601,3867899
2022-08-16,103,62,41,3083127,4004707
2022-08-17,66,40,26,3040988,3669757
2022-08-18,89,56,33,2816693,3473956
2022-08-19,123,72,51,2542736,3985836
2022-08-20,97,65,32,2864757,3796382
2022-08-21,86,53,33,3116575,3975702
2022-08-22,90,53,37,3171139,4100164
2022-08-23,104,65,39,2441331,3300851
2022-08-24,73,43,30,2900378,3740692
2022-08-25,76,45,31,1901581,2793279
2022-08-26,107,60,47,3657810,5145821
2022-08-27,87,43,44,2496993,3822373
2022-08-28,87,53,34,2529953,3315465
2022-08-29,66,36,30,2007362,2822035
2022-08-30,78,45,33,1712252,2847212
2022-08-31,100,63,37,5053925,6067546
2022-09-01,116,68,48,3261814,4405787
2022-09-02,100,65,35,3327977,4308063
2022-09-03,107,64,43,3930097,4872790
2022-09-04,102,62,40,4230721,5700252
2022-09-05,92,63,29,4302572,5100565
2022-09-06,93,51,42,1525854,2873768
2022-09-07,80,45,35,2431216,3592779
2022-09-08,80,48,32,3678096,4671892
2022-09-09,58,31,27,1375303,2013913
2022-09-10,53,37,16,2173164,2793124
2022-09-11,94,69,25,3497274,4086471
2022-09-12,74,44,30,2078473,3142949
2022-09-13,96,60,36,2962287,3799809
2022-09-14,112,55,57,3102888,4465664
2022-09-15,80,46,34,2501464,3277389
2022-09-16,106,69,37,2222365,3160987
2022-09-17,85,57,28,2370902,2793428
2022-09-18,85,46,39,2767317,3925832
2022-09-19,57,34,23,1520022,2104977
2022-09-20,101,60,41,3187709,4230122
2022-09-21,57,33,24,1661220,2396230
2022-09-22,90,60,30,2594417,3380160
2022-09-23,72,51,21,1723353,2665152
2022-09-24,63,30,33,1094347,1832408
2022-09-25,107,72,35,3911321,4940107
2022-09-26,99,51,48,1540557,3019762
2022-09-27,79,48,31,2049142,3031707
2022-09-28,66,43,23,2029264,2980576
2022-09-29,90,61,29,2707847,3332064
2022-09-30,67,42,25,2051985,2723794
2022-10-01,94,61,33,3620718,4470785
2022-10-02,91,54,37,2173620,3286085
2022-10-03,82,55,27,4019379,4621396
2022-10-04,88,56,32,4039750,4709250
2022-10-05,108,66,42,3352375,4815391
2022-10-06,85,50,35,1949122,3023931
2022-10-07,74,46,28,2108128,3301609
2022-10-08,98,60,38,2478850,3417431
2022-10-09,96,59,37,2501148,3678152
2022-10-10,94,51,43,2333721,3864639
2022-10-11,94,56,38,1949614,2887486
2022-10-12,81,50,31,2740740,3642855
2022-10-13,78,55,23,2800788,3147311
2022-10-14,103,57,46,2269104,3354573
2022-10-15,105,65,40,3381621,4667040
2022-10-16,95,61,34,3671928,4725370
2022-10-17,99,61,38,3960853,4939049
2022-10-18,62,35,27,1950112,2605599
2022-10-19,101,61,40,2761930,4208621
2022-10-20,60,37,23,1581329,2139408
2022-10-21,107,65,42,2696272,3707050
2022-10-22,97,60,37,2954589,3865794
2022-10-23,116,69,47,1805379,2977392
2022-10-24,79,56,23,2881058,3399897
2022-10-25,82,46,36,2489390,3298187
2022-10-26,75,49,26,2019801,2568582
2022-10-27,111,69,42,3174477,4220217
2022-10-28,123,77,46,3651303,4780573
2022-10-29,85,58,27,2892501,3570698
2022-10-30,74,36,38,2525128,3699082
2022-10-31,72,46,26,2324696,2843901
2022-11-01,95,54,41,3623551,4579270
2022-11-02,87,59,28,3735233,4606322
2022-11-03,82,45,37,2580061,3454778
2022-11-04,71,43,28,2941586,3953076
2022-11-05,62,39,23,2411091,2943179
2022-11-06,76,44,32,2863904,3492314
2022-11-07,87,52,35,2595177,3556512
2022-11-08,73,44,29,1671346,2569148
2022-11-09,43,27,16,1906716,2477207
2022-11-10,59,36,23,2569097,3379520
2022-11-11,89,56,33,2987005,3779409
2022-11-12,89,46,43,2142064,3111248
2022-11-13,55,35,20,2622270,3405574
2022-11-14,57,34,23,1186104,2116885
2022-11-15,70,47,23,2515694,2853518
2022-11-16,68,36,32,2473229,3515644
2022-11-17,98,65,33,3998417,4741844
2022-11-18,100,59,41,2605425,3683170
2022-11-19,27,16,11,685621,962675
2022-11-20,88,59,29,2270513,3248675
2022-11-21,62,37,25,1880843,2568168
2022-11-22,55,36,19,1157813,1991789
2022-11-23,64,32,32,1920956,2828240
2022-11-24,64,40,24,2839910,3205549
2022-11-25,57,37,20,1139437,1893480
2022-11-26,39,27,12,1212367,1473293
2022-11-27,90,56,34,2641411,3637609
2022-11-28,96,57,39,1770692,2694778
2022-11-29,98,56,42,2453160,3295341
2022-11-30,76,53,23,3056393,3512998
2022-12-01,63,37,26,1731781,2313156
2022-12-02,73,45,28,2349489,2946309
2022-12-03,63,39,24,2165541,3010345
2022-12-04,76,50,26,3020762,3760461
2022-12-05,77,48,29,2375601,2925495
2022-12-06,64,32,32,982634,2154688
2022-12-07,81,49,32,3510004,4503749
2022-12-08,57,36,21,1887275,2359682
2022-12-09,58,32,26,1709488,2508272
2022-12-10,74,42,32,2250433,3101594
2022-12-11,74,40,34,1826703,2735895
2022-12-12,85,49,36,3221438,4095378
2022-12-13,76,50,26,1512575,2234848
2022-12-14,69,40,29,3408085,3999257
2022-12-15,84,53,31,3017803,3339978
2022-12-16,69,41,28,2372259,3364013
2022-12-17,88,55,33,2906387,3889998
2022-12-18,93,56,37,2324320,3629296
2022-12-19,66,35,31,1638193,2855274
2022-12-20,60,36,24,2180122,2901471
2022-12-21,73,46,27,2500624,3152744
2022-12-22,90,63,27,2449582,3058187
2022-12-23,76,49,27,2293719,3085582
2022-12-24,56,34,22,1121824,1851366
2022-12-25,57,34,23,2244532,2975712
2022-12-26,56,36,20,2005633,2405501
2022-12-27,55,29,26,605160,1310103
2022-12-28,79,53,26,2692653,3568951
2022-12-29,63,36,27,1809004,2506047
2022-12-30,42,32,10,1203188,1584678
2022-12-31,54,31,23,1947513,2524713
2023-01-01,74,39,35,2748188,3836476
2023-01-02,86,52,34,2447189,3394889
2023-01-03,86,51,35,2760422,3604271
2023-01-04,80,51,29,4001385,4772967
2023-01-05,77,41,36,1528222,2809279
2023-01-06,53,35,18,1935599,2588930
2023-01-07,87,58,29,2877337,3560070
2023-01-08,76,43,33,2480918,3318430
2023-01-09,73,47,26,1681841,2481799
2023-01-10,77,44,33,1588923,2516253
2023-01-11,61,31,30,1688075,2341997
2023-01-12,66,38,28,1835785,2404914
2023-01-13,55,33,22,2119947,2632598
2023-01-14,80,49,31,4030262,4733290
2023-01-15,54,25,29,1324579,2303421
2023-01-16,65,41,24,2834564,3361912
2023-01-17,71,44,27,2699024,3301068
2023-01-18,81,50,31,2676557,3521235
2023-01-19,75,40,35,1609742,2491591
2023-01-20,69,45,24,2004156,2920147
2023-01-21,79,51,28,2517756,3249469
2023-01-22,84,54,30,3309586,4213567
2023-01-23,74,47,27,2619409,3418556
2023-01-24,81,45,36,2250382,3216173
2023-01-25,94,58,36,4119432,5172223
2023-01-26,79,51,28,2418100,3345458
2023-01-27,78,49,29,1725033,2453363
2023-01-28,84,54,30,2352473,3087648
2023-01-29,73,48,25,2369726,3297190
2023-01-30,71,44,27,2030859,2716906
2023-01-31,83,50,33,2315180,3295474
2023-02-01,75,53,22,2455712,3090314
2023-02-02,64,43,21,2404618,2803468
2023-02-03,91,55,36,2674702,3575565
2023-02-04,80,55,25,2949458,3796432
2023-02-05,64,39,25,2475180,3521767
2023-02-06,78,47,31,2640582,3466913
2023-02-07,92,52,40,1916394,2893915
2023-02-08,80,49,31,2762781,3692026
2023-02-09,80,44,36,2884548,4138205
2023-02-10,56,35,21,1831528,2532540
2023-02-11,46,29,17,1236670,1666818
2023-02-12,105,62,43,2377257,3278896
2023-02-13,99,64,35,3185822,3886512
2023-02-14,61,42,19,1443521,1982969
2023-02-15,46,24,22,1035551,1493892
2023-02-16,124,71,53,3496850,4847819
2023-02-17,97,55,42,2947001,4089635
2023-02-18,68,40,28,2356472,2905401
2023-02-19,69,40,29,1963693,3020976
2023-02-20,88,50,38,1660972,2544394
2023-02-21,77,38,39,1330551,2187810
2023-02-22,109,70,39,3395079,4411302
2023-02-23,68,41,27,2506606,3369141
2023-02-24,120,77,43,4536489,5878456
2023-02-25,92,49,43,2320098,3501668
2023-02-26,107,65,42,3280424,4625658
2023-02-27,82,57,25,2588254,3282409
2023-02-28,85,46,39,3378321,4428854
2023-03-01,76,45,31,1720946,2618584
2023-03-02,71,42,29,2078829,2821163
2023-03-03,76,46,30,3359562,4256114
2023-03-04,60,36,24,2235352,2917122
2023-03-05,86,63,23,4084677,4736799
2023-03-06,108,56,52,1521640,3100939
2023-03-07,108,67,41,3345950,4263403
2023-03-08,100,58,42,2689598,4047066
2023-03-09,99,55,44,2332181,3312890
2023-03-10,89,48,41,1664945,2790593
2023-03-11,109,68,41,3526742,4360722
2023-03-12,100,62,38,3197648,3979233
2023-03-13,81,47,34,2260893,3220201
2023-03-14,89,53,36,2372084,3176814
2023-03-15,52,33,19,2262442,2753303
2023-03-16,89,51,38,2638048,3670381
2023-03-17,77,43,34,1407541,2799802
2023-03-18,84,53,31,2579106,3207571
2023-03-19,95,59,36,2973065,3829584
2023-03-20,74,44,30,2831003,3587806
2023-03-21,66,40,26,1460983,2334793
2023-03-22,62,33,29,1957068,2771216
2023-03-23,60,37,23,2091884,2650071
2023-03-24,42,30,12,2271504,2871675
2023-03-25,62,36,26,976561,1530089
2023-03-26,80,51,29,2766816,4086105
2023-03-27,53,33,20,1438465,1750014
2023-03-28,56,36,20,2240622,2685084
2023-03-29,67,36,31,1902366,2722535
2023-03-30,91,54,37,2747875,3585438
2023-03-31,103,62,41,3549102,4914725
2023-04-01,105,58,47,2295116,3624321
2023-04-02,63,44,19,2285307,2806487
2023-04-03,59,35,24,2127859,2982750
2023-04-04,65,35,30,1724040,2292657
2023-04-05,71,43,28,2409198,3038706
2023-04-06,115,70,45,3821765,4724772
2023-04-07,86,49,37,2782762,3787119
2023-04-08,92,58,34,2929317,3653222
2023-04-09,102,68,34,3024580,3996780
2023-04-10,97,55,42,2415503,3534466
2023-04-11,109,59,50,3733960,4977311
2023-04-12,84,57,27,2346069,3058685
2023-04-13,102,65,37,3716447,4466242
2023-04-14,82,51,31,2515871,3454806
2023-04-15,74,43,31,1908054,2952846
2023-04-16,71,41,30,2840778,3642035
2023-04-17,77,48,29,2320403,3096957
2023-04-18,82,46,36,2872856,3594489
2023-04-19,90,57,33,2566346,3378445
2023-04-20,127,80,47,3592200,4638579
2023-04-21,96,52,44,2740239,3792187
2023-04-22,121,73,48,3806009,5303125
2023-04-23,90,53,37,2798769,3705440
2023-04-24,83,53,30,2343592,2917529
2023-04-25,86,54,32,2670440,3506464
2023-04-26,79,49,30,2135096,2778829
2023-04-27,84,51,33,2759433,3672959
2023-04-28,80,46,34,1564958,2403387
2023-04-29,94,62,32,3728574,4586422
2023-04-30,75,46,29,1821541,2771761
2023-05-01,86,52,34,3943975,4613042
2023-05-02,86,47,39,1882760,3228495
2023-05-03,74,46,28,3002866,3923983
2023-05-04,67,40,27,1166603,1892946
2023-05-05,79,47,32,2577017,3480919
2023-05-06,115,63,52,3611896,5038127
2023-05-07,99,55,44,2447056,3925241
2023-05-08,109,60,49,3797974,4986969
2023-05-09,75,48,27,1952700,2834105
2023-05-10,100,56,44,2954955,4545565
2023-05-11,113,71,42,3890952,5399397
2023-05-12,88,59,29,2336175,3039822
2023-05-13,97,58,39,2564001,3487566
2023-05-14,104,62,42,3605431,4812786
2023-05-15,77,48,29,2174791,2687589
2023-05-16,55,28,27,1228506,1952192
2023-05-17,88,53,35,3930619,4945002
2023-05-18,97,58,39,2805906,3547686
2023-05-19,116,76,40,3151356,4045489
2023-05-20,113,75,38,3842275,5020712
2023-05-21,41,31,10,930681,1277699
2023-05-22,92,57,35,2344953,2951048
2023-05-23,95,53,42,1002554,1820439
2023-05-24,84,56,28,2142295,2848018
2023-05-25,81,47,34,2671119,3559248
2023-05-26,103,59,44,1757987,2979470
2023-05-27,81,48,33,2206941,3196875
2023-05-28,73,40,33,1941381,2780239
2023-05-29,93,59,34,3080315,4180905
2023-05-30,78,52,26,2610977,3097730
2023-05-31,103,60,43,2910429,4150637
2023-06-01,83,57,26,2085232,2503641
2023-06-02,86,44,42,2215474,3427710
2023-06-03,32,18,14,1525001,1804127
2023-06-04,89,59,30,3945078,4925178
2023-06-05,115,69,46,4126490,5659504
2023-06-06,91,44,47,1896731,2991223
2023-06-07,79,55,24,2755701,3496399
2023-06-08,86,47,39,2559305,3374801
2023-06-09,102,61,41,2921213,3988911
2023-06-10,96,57,39,3406319,4466748
2023-06-11,99,63,36,2685732,4065694
2023-06-12,45,24,21,2219859,2583401
2023-06-13,43,22,21,1303256,1866195
2023-06-14,76,41,35,2331178,3087519
2023-06-15,78,48,30,4011677,4912354
2023-06-16,74,53,21,3308531,3904740
2023-06-17,91,57,34,2461700,3529654
2023-06-18,90,54,36,3181731,4534352
2023-06-19,83,52,31,2107547,2689377
2023-06-20,76,39,37,1765052,2815136
2023-06-21,98,59,39,1813963,2716489
2023-06-22,98,56,42,4043483,5321885
2023-06-23,77,44,33,2366135,3139897
2023-06-24,114,76,38,3989870,4934876
2023-06-25,84,45,39,2813275,3954352
2023-06-26,78,52,26,2499830,3229676
2023-06-27,82,45,37,2067081,3202619
2023-06-28,97,62,35,2606646,3595164
2023-06-29,102,64,38,3528259,4255985
2023-06-30,77,45,32,1336632,2304149
2023-07-01,91,58,33,2072342,3006788
2023-07-02,89,58,31,3366768,4239714
2023-07-03,77,48,29,3585114,4348250
2023-07-04,67,38,29,1819740,2793115
2023-07-05,119,78,41,4231787,5668278
2023-07-06,72,44,28,2189080,2587367
2023-07-07,101,66,35,2919795,3839039
2023-07-08,61,37,24,1965943,2513981
2023-07-09,68,48,20,1997862,2630064
2023-07-10,100,61,39,3382011,4758634
2023-07-11,95,62,33,3299897,4329677
2023-07-12,55,30,25,1556771,1879594
2023-07-13,108,64,44,3673023,5020002
2023-07-14,109,67,42,2264490,3528239
2023-07-15,98,63,35,3074416,3598307
2023-07-16,73,50,23,2246368,2886127
2023-07-17,98,58,40,3317411,4284927
2023-07-18,83,54,29,2210845,3197376
2023-07-19,50,30,20,1551371,2135065
2023-07-20,115,74,41,4073676,4956444
2023-07-21,98,60,38,1848376,2949813
2023-07-22,69,44,25,1876296,2305901
2023-07-23,85,50,35,2536515,3418278
2023-07-24,88,61,27,3203299,4254023
2023-07-25,63,39,24,1826394,2606203
2023-07-26,64,35,29,1459955,2314047
2023-07-27,69,39,30,2380274,3181961
2023-07-28,67,43,24,2242730,2832693
2023-07-29,50,26,24,1086570,1685278
2023-07-30,90,54,36,1948593,2833921
2023-07-31,116,76,40,3840000,5150703
2023-08-01,71,49,22,2143684,2769535
2023-08-02,81,52,29,1567682,2349086
2023-08-03,105,56,49,3257195,4699102
2023-08-04,98,63,35,2433320,3288940
2023-08-05,75,43,32,2350642,3144063
2023-08-06,93,57,36,3146756,4239669
2023-08-07,75,45,30,2077459,2947993
2023-08-08,93,55,38,2742057,3526360
2023-08-09,69,38,31,1749580,2606107
2023-08-10,103,62,41,2647579,3945180
2023-08-11,110,66,44,2590232,3777182
2023-08-12,113,74,39,3734057,4894922
2023-08-13,113,65,48,3093383,4251052
2023-08-14,102,61,41,2361750,3472720
2023-08-15,59,32,27,1739549,2271452
2023-08-16,110,61,49,2338417,3387230
2023-08-17,76,52,24,2478710,3060201
2023-08-18,101,57,44,2708982,3902500
2023-08-19,106,64,42,3181506,4424393
2023-08-20,104,61,43,3604527,5002249
2023-08-21,74,47,27,2250041,2704991
2023-08-22,92,59,33,2525962,3739836
2023-08-23,84,48,36,2721323,3912574
2023-08-24,38,25,13,2118221,2728245
2023-08-25,98,48,50,1556946,2927947
2023-08-26,81,54,27,2564569,3253134
2023-08-27,89,46,43,1507810,2571718
2023-08-28,100,60,40,3367156,4289871
2023-08-29,106,71,35,2418458,3628099
2023-08-30,81,42,39,2075034,3062241
2023-08-31,71,40,31,1676887,2370673
2023-09-01,52,28,24,1231557,2058992
2023-09-02,49,24,25,1851674,2414132
2023-09-03,90,59,31,2417880,3528974
2023-09-04,67,49,18,2193777,2635232
2023-09-05,104,59,45,3319471,4505837
2023-09-06,107,67,40,3177813,4174675
2023-09-07,107,62,45,3152075,4091129
2023-09-08,101,66,35,2984164,4116727
2023-09-09,71,43,28,1905283,2695936
2023-09-10,69,45,24,1905318,2796678
2023-09-11,97,45,52,3088151,4701883
2023-09-12,62,35,27,1714855,2341632
2023-09-13,103,66,37,2664219,3562679
2023-09-14,123,81,42,4676122,5460154
2023-09-15,79,46,33,1280775,2342906
2023-09-16,84,47,37,2008349,3004999
2023-09-17,69,40,29,2221555,2883176
2023-09-18,97,60,37,1843771,3133225
2023-09-19,106,67,39,3430783,4224052
2023-09-20,97,57,40,3363423,4539465
2023-09-21,102,59,43,1913004,3232759
2023-09-22,48,33,15,1467733,1850585
2023-09-23,60,34,26,1501943,2194146
2023-09-24,66,42,24,1434994,2039337
2023-09-25,72,46,26,2827977,3442442
2023-09-26,72,48,24,2156887,2722739
2023-09-27,107,62,45,2889925,3732312
2023-09-28,86,51,35,2105446,3072947
2023-09-29,111,67,44,2775835,3779708
2023-09-30,81,43,38,1934309,2942036
2023-10-01,102,63,39,2754864,3837596
2023-10-02,63,38,25,2473863,3051062
2023-10-03,72,45,27,2540309,3513331
2023-10-04,56,35,21,1389070,2023447
2023-10-05,109,66,43,2747803,3599304
2023-10-06,107,73,34,3658016,4409316
2023-10-07,85,42,43,2057247,3598813
2023-10-08,105,73,32,3373814,4066171
2023-10-09,104,63,41,2828967,3820943
2023-10-10,55,33,22,2389704,3379639
2023-10-11,90,53,37,2519862,3058345
2023-10-12,61,34,27,1371590,2094815
2023-10-13,83,46,37,790381,1476245
2023-10-14,100,55,45,3093042,4421676
2023-10-15,91,58,33,3005508,3766104
2023-10-16,82,41,41,2419071,3591945
2023-10-17,74,46,28,1162278,1866762
2023-10-18,48,34,14,2623980,3145461
2023-10-19,91,49,42,3028015,4220110
2023-10-20,103,64,39,2746392,3831405
2023-10-21,81,47,34,2007536,3033406
2023-10-22,64,30,34,2010908,2643136
2023-10-23,80,50,30,1620702,2610823
2023-10-24,83,51,32,2240799,3237608
2023-10-25,84,47,37,1967881,2955511
2023-10-26,51,32,19,766242,1178386
2023-10-27,75,41,34,1735667,2847957
2023-10-28,60,32,28,1277855,2012967
2023-10-29,53,29,24,1787540,2579965
2023-10-30,109,71,38,3108422,4599597
2023-10-31,92,54,38,3084244,4239204
2023-11-01,90,60,30,2387930,3259151
2023-11-02,69,44,25,1543361,2087226
2023-11-03,78,52,26,1913694,2668720
2023-11-04,38,17,21,1273522,2162271
2023-11-05,66,40,26,1756049,2563455
2023-11-06,37,25,12,1744480,2143318
2023-11-07,51,27,24,967891,1601423
2023-11-08,66,39,27,2224178,3005055
2023-11-09,48,30,18,1636985,1848252
2023-11-10,92,50,42,2713702,3661555
2023-11-11,99,66,33,3016682,3815394
2023-11-12,109,67,42,3053686,3742415
2023-11-13,104,66,38,2113282,3130440
2023-11-14,86,56,30,3210859,3943995
2023-11-15,64,41,23,1241862,2026413
2023-11-16,58,30,28,2250287,3099058
2023-11-17,69,42,27,2345772,3219160
2023-11-18,79,52,27,2199689,2792387
2023-11-19,57,24,33,1093630,2005630
2023-11-20,67,44,23,1102085,1912399
2023-11-21,68,42,26,2124712,3204946
2023-11-22,61,37,24,1011297,1778143
2023-11-23,38,20,18,756435,1110072
2023-11-24,79,47,32,1492290,2467543
2023-11-25,60,36,24,1960633,2743950
2023-11-26,54,41,13,3124322,3554475
2023-11-27,59,36,23,2330865,2913437
2023-11-28,65,39,26,1826233,2481182
2023-11-29,68,37,31,2203502,2991865
2023-11-30,59,41,18,2029393,2598905
2023-12-01,51,31,20,1723047,2067777
2023-12-02,42,25,17,1773753,2178345
2023-12-03,84,52,32,3036334,4128678
2023-12-04,86,50,36,2657501,3679862
2023-12-05,85,53,32,2485838,3191503
2023-12-06,80,54,26,2117551,2673780
2023-12-07,83,47,36,2912445,3928612
2023-12-08,43,26,17,692665,1204465
2023-12-09,51,33,18,2160244,2538656
2023-12-10,72,45,27,1264158,1771438
2023-12-11,61,38,23,1637915,2466636
2023-12-12,75,45,30,1776043,2861772
2023-12-13,53,28,25,764133,1258309
2023-12-14,59,31,28,1965214,2583960
2023-12-15,70,45,25,2418811,3178044
2023-12-16,31,16,15,806787,1243543
2023-12-17,54,32,22,1412198,1791452
2023-12-18,56,33,23,1590582,2332771
2023-12-19,57,33,24,587397,1246812
2023-12-20,73,43,30,2179269,2899905
2023-12-21,57,26,31,1178036,2087772
2023-12-22,60,31,29,1253646,1959102
2023-12-23,77,55,22,1855039,2435447
2023-12-24,67,39,28,1826548,2589832
2023-12-25,84,51,33,2643843,3510284
2023-12-26,50,37,13,2434930,2795545
2023-12-27,71,42,29,1170022,2126058
2023-12-28,95,59,36,3076405,4064874
2023-12-29,55,33,22,1649184,2194397
2023-12-30,51,29,22,1240632,1979502
2023-12-31,68,45,23,2891584,3388424
2024-01-01,60,39,21,2237537,2655306
2024-01-02,72,47,25,2308302,3154542
2024-01-03,74,38,36,2902755,3793387
2024-01-04,79,47,32,2229185,3221271
2024-01-05,76,48,28,2499608,3001399
2024-01-06,72,45,27,2324709,3017093
2024-01-07,66,41,25,2537313,3235534
2024-01-08,68,43,25,1696204,2501795
2024-01-09,48,34,14,1554657,1899867
2024-01-10,60,34,26,1049313,2074489
2024-01-11,74,52,22,3447433,3854937
2024-01-12,75,49,26,2120832,2631381
2024-01-13,69,44,25,1946603,2706104
2024-01-14,85,52,33,2153034,3049499
2024-01-15,100,68,32,3925997,4768936
2024-01-16,87,54,33,2759801,3673948
2024-01-17,74,40,34,2691610,3521648
2024-01-18,63,42,21,1344347,1736825
2024-01-19,57,32,25,1473983,2133595
2024-01-20,85,43,42,1529902,2826682
2024-01-21,68,44,24,1597183,2299502
2024-01-22,75,42,33,2309697,3322027
2024-01-23,91,43,48,1674978,3000140
2024-01-24,85,54,31,2620662,3236589
2024-01-25,47,31,16,1940385,2512986
2024-01-26,82,51,31,1551296,2157335
2024-01-27,67,40,27,2638859,3510281
2024-01-28,84,40,44,2395012,2994750
2024-01-29,62,34,28,2166534,2901831
2024-01-30,56,34,22,2451394,2965083
2024-01-31,71,48,23,1812511,2881765
2024-02-01,82,49,33,3033161,3750942
2024-02-02,58,32,26,3229953,3928077
2024-02-03,64,33,31,1463719,2157742
2024-02-04,61,32,29,1463247,2281407
2024-02-05,65,42,23,2399504,2843145
2024-02-06,49,22,27,1177277,1791079
2024-02-07,79,45,34,1809302,2706657
2024-02-08,78,51,27,2462308,2835890
2024-02-09,67,35,32,1043391,2007418
2024-02-10,77,44,33,2357111,3549888
2024-02-11,78,48,30,2464580,3397472
2024-02-12,74,48,26,1918590,2760221
2024-02-13,62,32,30,2099381,2994408
2024-02-14,66,43,23,2042412,2765923
2024-02-15,93,55,38,1910793,2998547
2024-02-16,88,56,32,3094401,4135794
2024-02-17,48,30,18,2138061,2638855
2024-02-18,65,35,30,1463955,2174536
2024-02-19,65,39,26,2265698,2887044
2024-02-20,49,28,21,1429217,1893783
2024-02-21,70,42,28,2232936,3201489
2024-02-22,56,35,21,1939589,2456560
2024-02-23,56,25,31,519901,1408163
2024-02-24,79,54,25,3020490,3773709
2024-02-25,52,31,21,1390862,1869376
2024-02-26,77,42,35,2604242,3437938
2024-02-27,62,41,21,1728595,2434764
2024-02-28,75,41,34,1176609,2282634
2024-02-29,67,36,31,1279320,2222920
2024-03-01,76,42,34,2667248,3563258
2024-03-02,58,29,29,742773,1712937
2024-03-03,91,52,39,2165151,3181353
2024-03-04,88,64,24,3232756,4342337
2024-03-05,72,44,28,2262691,2929138
2024-03-06,47,28,19,1708787,2388879
2024-03-07,68,38,30,1637470,2381642
2024-03-08,101,61,40,2866200,3930231
2024-03-09,59,34,25,1104294,1768355
2024-03-10,64,35,29,2555138,3461470
2024-03-11,100,60,40,2461118,3333919
2024-03-12,110,68,42,3301612,4354586
2024-03-13,84,46,38,2536299,3602246
2024-03-14,57,37,20,2011142,2528772
2024-03-15,104,62,42,3088515,4172506
2024-03-16,123,69,54,3625962,5275009
2024-03-17,99,65,34,3487795,4416263
2024-03-18,105,59,46,2393652,3803253
2024-03-19,84,38,46,2141627,3240221
2024-03-20,103,60,43,4174837,5727635
2024-03-21,91,53,38,2473544,3365036
2024-03-22,99,61,38,3001079,3998577
2024-03-23,95,49,46,2109141,3513468
2024-03-24,92,56,36,1694836,2660915
2024-03-25,102,61,41,3319580,4482761
2024-03-26,78,45,33,1618296,2570273
2024-03-27,94,59,35,2413485,3095966
2024-03-28,82,51,31,2422788,3220572
2024-03-29,94,64,30,4024373,4779619
2024-03-30,92,54,38,3867294,5132129
2024-03-31,105,68,37,3403246,4413066
2024-04-01,94,59,35,2318689,3078137
2024-04-02,84,44,40,2033759,3291580
2024-04-03,79,47,32,2106082,3141521
2024-04-04,60,42,18,1340855,1675420
2024-04-05,68,36,32,2068295,2679336
2024-04-06,122,70,52,3883284,5321499
2024-04-07,73,43,30,2376011,3083085
2024-04-08,115,65,50,2257948,3284124
2024-04-09,107,66,41,2796706,3673816
2024-04-10,108,67,41,3504215,4964756
2024-04-11,95,61,34,2735143,3558536
2024-04-12,75,37,38,1295228,2194365
2024-04-13,89,61,28,2670879,3488828
2024-04-14,97,62,35,3634521,4698521
2024-04-15,93,55,38,2755806,3783754
2024-04-16,78,48,30,3193904,3764807
2024-04-17,68,42,26,1184755,1888462
2024-04-18,75,48,27,2051320,2777921
2024-04-19,53,32,21,2201137,2993019
2024-04-20,104,65,39,3156322,4330130
2024-04-21,104,66,38,3458394,4460959
2024-04-22,77,49,28,1763483,2245807
2024-04-23,108,64,44,2426852,3866815
2024-04-24,79,45,34,2554824,3652886
2024-04-25,65,36,29,2169304,2820205
2024-04-26,93,49,44,2338700,3726302
2024-04-27,102,69,33,2548414,3389007
2024-04-28,64,43,21,2483435,3080234
2024-04-29,81,44,37,1491754,2619268
2024-04-30,123,72,51,2365738,3780623
2024-05-01,78,47,31,2807363,3659107
2024-05-02,65,37,28,1633914,2348504
2024-05-03,77,44,33,2463153,3427520
2024-05-04,84,55,29,2720295,3397804
2024-05-05,109,70,39,3846099,4724833
2024-05-06,102,59,43,3294131,4359626
2024-05-07,106,69,37,3531027,4809163
2024-05-08,64,32,32,1600801,2177111
2024-05-09,102,63,39,2978688,3982282
2024-05-10,92,49,43,3627434,4523971
2024-05-11,87,52,35,2163723,2790165
2024-05-12,96,53,43,1464233,2849904
2024-05-13,124,77,47,5507350,6576418
2024-05-14,85,55,30,2598019,3426837
2024-05-15,109,63,46,2339785,3384735
2024-05-16,105,63,42,2253933,3459895
2024-05-17,102,61,41,2626881,4008913
2024-05-18,56,29,27,1487059,2175854
2024-05-19,99,63,36,3075316,4074980
2024-05-20,59,32,27,2082301,2831004
2024-05-21,102,69,33,3536713,4600466
2024-05-22,105,59,46,2002467,3312139
2024-05-23,105,67,38,3488093,4361290
2024-05-24,88,46,42,2421868,3635609
2024-05-25,72,43,29,1421421,2243973
2024-05-26,113,69,44,2057396,3370506
2024-05-27,102,63,39,3161042,4375215
2024-05-28,120,71,49,4066590,5270446
2024-05-29,108,58,50,2897457,4151366
2024-05-30,69,42,27,1384677,1933206
2024-05-31,90,51,39,2717395,3646640
2024-06-01,64,36,28,1916052,2756269
2024-06-02,112,77,35,3524088,4608637
2024-06-03,105,64,41,3517393,4531519
2024-06-04,105,61,44,2636285,3806703
2024-06-05,68,38,30,2024032,2971308
2024-06-06,87,43,44,2285333,3152903
2024-06-07,86,51,35,1701025,2777521
2024-06-08,74,48,26,2559041,3221700
2024-06-09,50,33,17,1868540,2309949
2024-06-10,119,67,52,2249839,3737251
2024-06-11,64,35,29,1678078,1952339
2024-06-12,75,38,37,1837254,2839443
2024-06-13,85,41,44,2055390,3387419
2024-06-14,99,55,44,3217531,4289715
2024-06-15,113,66,47,2876943,3999894
2024-06-16,94,52,42,2878976,3956245
2024-06-17,96,66,30,2704315,4014287
2024-06-18,69,35,34,1415780,2258404
2024-06-19,103,59,44,3533785,4820327
2024-06-20,75,44,31,1708034,2519379
2024-06-21,84,52,32,2045005,3030951
2024-06-22,102,56,46,2457743,3416989
2024-06-23,94,56,38,2462698,3235439
2024-06-24,117,66,51,3052044,4739893
2024-06-25,75,48,27,2029990,2723062
2024-06-26,95,55,40,2212870,3168996
2024-06-27,117,79,38,2852129,3970536
2024-06-28,96,57,39,3321805,4211583
2024-06-29,67,41,26,1291188,2177829
2024-06-30,78,50,28,2541516,3325992
2024-07-01,64,32,32,1613715,2503649
2024-07-02,54,34,20,1228196,1772071
2024-07-03,106,62,44,2902267,3890546
2024-07-04,110,73,37,2357218,3340608
2024-07-05,88,53,35,2413545,3479957
2024-07-06,108,60,48,3278915,4475076
2024-07-07,102,68,34,3623801,4245061
2024-07-08,99,60,39,2050220,3160580
2024-07-09,127,76,51,3864638,4961708
2024-07-10,95,60,35,2550532,3240215
2024-07-11,130,70,60,3107431,4704940
2024-07-12,96,62,34,2756554,4118279
2024-07-13,105,57,48,2715252,3776023
2024-07-14,109,69,40,3411519,4224860
2024-07-15,97,64,33,2488111,3231193
2024-07-16,107,64,43,2175990,3067775
2024-07-17,119,68,51,4483491,5757670
2024-07-18,55,33,22,1751899,2260688
2024-07-19,84,51,33,3162276,4020964
2024-07-20,95,58,37,1559767,2554355
2024-07-21,100,59,41,3570772,4841808
2024-07-22,80,49,31,2221199,3245991
2024-07-23,83,46,37,2355601,3541418
2024-07-24,71,43,28,2373126,3205069
2024-07-25,104,67,37,3657922,4289031
2024-07-26,78,42,36,2086094,2864104
2024-07-27,78,51,27,2503618,3293598
2024-07-28,102,59,43,2642613,3751534
2024-07-29,100,61,39,3209615,4398875
2024-07-30,94,50,44,2330792,3568057
2024-07-31,93,64,29,2704215,3483167
2024-08-01,92,46,46,1782297,2633807
2024-08-02,62,44,18,2193246,2728950
2024-08-03,75,39,36,1891697,2773606
2024-08-04,99,57,42,1823616,2760105
2024-08-05,88,48,40,2317004,3731668
2024-08-06,70,46,24,2171109,2743184
2024-08-07,48,30,18,1599188,1965344
2024-08-08,89,61,28,2700370,3773799
2024-08-09,91,55,36,3024404,3987478
2024-08-10,79,42,37,2293163,3479207
2024-08-11,95,51,44,2214531,3283445
2024-08-12,97,67,30,2651168,3430421
2024-08-13,60,34,26,1824802,2459268
2024-08-14,62,33,29,2070842,2870106
2024-08-15,41,27,14,1435696,1816755
2024-08-16,68,35,33,1702156,2745273
2024-08-17,60,38,22,2806202,3260471
2024-08-18,52,35,17,1934681,2425919
2024-08-19,65,37,28,1266453,1925020
2024-08-20,59,33,26,2079408,2974810
2024-08-21,65,37,28,2289353,2944813
2024-08-22,82,40,42,956008,2166093
2024-08-23,92,45,47,2713620,3938675
2024-08-24,91,61,30,2339726,3215075
2024-08-25,95,54,41,2662249,3876454
2024-08-26,115,64,51,3121183,4444247
2024-08-27,88,54,34,1753444,2503095
2024-08-28,84,50,34,2665125,3729748
2024-08-29,79,48,31,1155338,1812779
2024-08-30,79,46,33,1537127,2497965
2024-08-31,79,51,28,2247768,2719274
2024-09-01,84,43,41,1364152,2331722
2024-09-02,88,51,37,2438684,3413730
2024-09-03,87,52,35,2562859,3356478
2024-09-04,95,61,34,2928266,3756535
2024-09-05,84,51,33,2803910,3662469
2024-09-06,104,55,49,3177309,4714278
2024-09-07,65,45,20,860863,1473795
2024-09-08,68,36,32,1246355,2739278
2024-09-09,91,56,35,3162106,4066601
2024-09-10,110,63,47,3064101,4529012
2024-09-11,98,56,42,2402009,3329352
2024-09-12,104,59,45,2531908,4084309
2024-09-13,77,45,32,1189542,2141740
2024-09-14,90,52,38,2434011,3303967
2024-09-15,55,28,27,1297708,1908487
2024-09-16,91,53,38,2779312,3749886
2024-09-17,71,37,34,1717941,2596217
2024-09-18,84,46,38,2943457,4050247
2024-09-19,87,55,32,3193526,4016099
2024-09-20,88,54,34,1488189,2258702
2024-09-21,92,53,39,2239836,3275017
2024-09-22,75,39,36,1801620,2311749
2024-09-23,62,40,22,2627399,3196567
2024-09-24,89,54,35,2019202,3141503
2024-09-25,54,32,22,2482472,3213465
2024-09-26,64,38,26,1048728,1626151
2024-09-27,89,39,50,1901683,3169123
2024-09-28,74,40,34,1258362,2091433
2024-09-29,78,41,37,2546166,3897001
2024-09-30,46,32,14,1903908,2405803
2024-10-01,61,31,30,1219508,2066151
2024-10-02,104,52,52,2416388,3635173
2024-10-03,83,47,36,1471970,2344347
2024-10-04,87,52,35,2887064,3878445
2024-10-05,77,46,31,2887029,3770309
2024-10-06,48,27,21,1544656,1801729
2024-10-07,85,52,33,2665081,3654590
2024-10-08,93,53,40,2623729,3705047
2024-10-09,64,28,36,888019,1806129
2024-10-10,76,38,38,1954182,3002266
2024-10-11,67,40,27,1601889,2134751
2024-10-12,77,41,36,2190976,2838861
2024-10-13,50,30,20,1435379,2163999
2024-10-14,77,45,32,2497227,3339030
2024-10-15,62,32,30,1161594,2018148
2024-10-16,72,46,26,1554570,2115850
2024-10-17,85,48,37,1801042,2454901
2024-10-18,71,43,28,3194806,3714166
2024-10-19,97,55,42,2277944,3237038
2024-10-20,105,55,50,2289650,3943602
2024-10-21,75,46,29,1296895,1947827
2024-10-22,68,38,30,1743660,2647756
2024-10-23,66,34,32,2419883,3439572
2024-10-24,46,29,17,1309216,1835518
2024-10-25,98,57,41,3263339,4274852
2024-10-26,82,40,42,1957650,2627440
2024-10-27,87,47,40,1616458,2851382
2024-10-28,59,38,21,1536959,2269789
2024-10-29,70,38,32,1223132,1994998
2024-10-30,70,38,32,742883,1469117
2024-10-31,38,19,19,798081,1249034
2024-11-01,80,47,33,1687448,2563842
2024-11-02,70,42,28,2169063,2615891
2024-11-03,67,44,23,2183528,2924062
2024-11-04,85,45,40,2355782,3401850
2024-11-05,61,33,28,1384120,1883891
2024-11-06,90,52,38,3235603,4291074
2024-11-07,81,44,37,2180294,3236374
2024-11-08,52,29,23,1537930,2298537
2024-11-09,65,39,26,1565863,2283408
2024-11-10,71,37,34,1988077,2800616
2024-11-11,83,50,33,3050759,3588122
2024-11-12,78,43,35,2606223,3556935
2024-11-13,58,32,26,1418912,1889027
2024-11-14,69,35,34,1316521,2002975
2024-11-15,59,36,23,1240291,2134854
2024-11-16,48,25,23,1309518,1952840
2024-11-17,67,32,35,1490807,2427679
2024-11-18,81,48,33,2567880,3116595
2024-11-19,53,27,26,1794618,2234284
2024-11-20,58,31,27,1193705,1939403
2024-11-21,48,24,24,2242122,2997948
2024-11-22,73,37,36,1773717,2541881
2024-11-23,63,38,25,1537552,2178184
2024-11-24,48,25,23,443737,1215924
2024-11-25,63,35,28,2301109,2926222
2024-11-26,47,22,25,1948107,2606528
2024-11-27,46,28,18,1647715,2263124
2024-11-28,53,30,23,846676,1427726
2024-11-29,58,39,19,1651464,2426684
2024-11-30,58,25,33,1572596,2617400
2024-12-01,54,32,22,240812,950506
2024-12-02,68,42,26,1728012,2183317
2024-12-03,36,14,22,474306,1104387
2024-12-04,60,35,25,1152232,1903048
2024-12-05,47,25,22,1314095,1774210
2024-12-06,41,23,18,833908,1103132
2024-12-07,46,27,19,1536176,1924458
2024-12-08,35,20,15,665332,982676
2024-12-09,53,26,27,1381770,2323032
2024-12-10,51,29,22,1031485,1564714
2024-12-11,53,26,27,1268207,1669298
2024-12-12,77,42,35,2040943,3063227
2024-12-13,48,26,22,1465062,1977170
2024-12-14,46,27,19,1158485,1664512
2024-12-15,65,35,30,2286624,3073106
2024-12-16,63,43,20,1563075,2138539
2024-12-17,63,34,29,1145000,1782702
2024-12-18,34,18,16,1463928,1819571
2024-12-19,54,32,22,1099294,1530030
2024-12-20,64,43,21,1464037,2131652
2024-12-21,54,33,21,1671734,2211493
2024-12-22,60,33,27,2333837,3220768
2024-12-23,50,29,21,1189716,1889694
2024-12-24,50,25,25,853330,1517217
2024-12-25,63,27,36,1319113,2254017
2024-12-26,54,32,22,1230380,1951668
2024-12-27,52,30,22,1830463,2378719
2024-12-28,70,37,33,1478851,2261619
2024-12-29,55,37,18,1783238,2241728
2024-12-30,48,23,25,842391,1377578
2024-12-31,58,28,30,1512124,2474282
2025-01-01,74,41,33,2225748,2827756
2025-01-02,44,22,22,1185272,1857749
2025-01-03,67,37,30,2615342,3188496
2025-01-04,76,40,36,1557733,2853942
2025-01-05,56,38,18,1457594,1851550
2025-01-06,54,25,29,564363,1450968
2025-01-07,63,34,29,1957933,2884952
2025-01-08,65,30,35,1083148,1942284
2025-01-09,64,37,27,1832266,2663159
2025-01-10,67,41,26,2050750,2661043
2025-01-11,79,49,30,2642729,3268762
2025-01-12,91,53,38,2919789,3813067
2025-01-13,63,37,26,1537924,2352411
2025-01-14,71,33,38,1433408,2220650
2025-01-15,66,33,33,1947788,2792939
2025-01-16,73,42,31,1650742,2434769
2025-01-17,76,46,30,2714135,3555557
2025-01-18,75,43,32,2236196,2740097
2025-01-19,65,32,33,1160028,2136392
2025-01-20,72,45,27,1665943,2300160
2025-01-21,71,38,33,1465745,2297933
2025-01-22,59,35,24,2133054,2617250
2025-01-23,62,41,21,1886518,2678134
2025-01-24,67,30,37,1654768,2832322
2025-01-25,87,52,35,2177915,2913588
2025-01-26,79,54,25,2569602,2975340
2025-01-27,72,40,32,1073686,2101062
2025-01-28,60,33,27,1458593,2189935
2025-01-29,82,48,34,1551214,2463689
2025-01-30,74,37,37,2554673,3341627
2025-01-31,78,46,32,1479761,2091899
2025-02-01,59,30,29,1439569,2302407
2025-02-02,59,40,19,1194124,1832543
2025-02-03,78,44,34,2068522,3291596
2025-02-04,79,45,34,1475376,2245546
2025-02-05,62,35,27,1112829,1878992
2025-02-06,75,32,43,1493448,2542055
2025-02-07,56,29,27,1309308,2041448
2025-02-08,59,32,27,1230252,2158574
2025-02-09,75,45,30,1623694,2149340
2025-02-10,66,45,21,2733106,3522982
2025-02-11,92,49,43,1912801,2553286
2025-02-12,100,59,41,3252718,4217636
2025-02-13,127,63,64,3211579,5045477
2025-02-14,75,47,28,2390359,2955771
2025-02-15,70,38,32,1548888,2499695
2025-02-16,66,40,26,2411271,2969364
2025-02-17,63,32,31,1837081,2604457
2025-02-18,59,29,30,1738380,2233491
2025-02-19,76,43,33,2200837,2812889
2025-02-20,66,44,22,1661163,2391814
2025-02-21,77,39,38,1989074,3131031
2025-02-22,86,48,38,3146936,4104737
2025-02-23,64,30,34,792067,1599972
2025-02-24,60,38,22,1777190,2217149
2025-02-25,63,38,25,1593506,2571769
2025-02-26,37,20,17,784662,1085133
2025-02-27,70,38,32,623847,1124019
2025-02-28,59,35,24,1082888,2622145
2025-03-01,65,36,29,1523394,2363447
2025-03-02,59,34,25,2047318,2781023
2025-03-03,74,54,20,3240590,3828684
2025-03-04,74,39,35,1544028,2698249
2025-03-05,71,40,31,1855781,2735751
2025-03-06,105,68,37,3273775,4049122
2025-03-07,82,56,26,1956564,2614493
2025-03-08,80,53,27,1960214,2600099
2025-03-09,63,36,27,1750104,2239097
2025-03-10,80,46,34,3440936,4292088
2025-03-11,58,29,29,2163509,3093498
2025-03-12,73,45,28,2264267,3191137
2025-03-13,79,44,35,1904997,2600664
2025-03-14,65,27,38,1245921,2432216
2025-03-15,75,44,31,1660592,2322662
2025-03-16,107,62,45,2910303,4094476
2025-03-17,75,35,40,1736797,2806213
2025-03-18,83,46,37,2893943,3508262
2025-03-19,80,44,36,1457907,2616123
2025-03-20,86,57,29,2891295,3954261
2025-03-21,91,55,36,1966341,2747495
2025-03-22,61,40,21,2571704,3051055
2025-03-23,79,40,39,1730454,2931585
2025-03-24,74,41,33,1634613,2790214
2025-03-25,60,36,24,824950,1415305
2025-03-26,55,23,32,817854,1601148
2025-03-27,64,34,30,2670274,3776666
2025-03-28,115,64,51,2716538,4168589
2025-03-29,109,68,41,2944362,4066948
2025-03-30,98,66,32,2403544,3223787
2025-03-31,79,45,34,2449520,3256050
2025-04-01,115,61,54,2921673,4224908
2025-04-02,83,42,41,1516319,2184028
2025-04-03,67,45,22,1915405,2456818
2025-04-04,103,59,44,4063205,5416553
2025-04-05,83,41,42,1555139,2421164
2025-04-06,103,58,45,2685482,4118595
2025-04-07,95,54,41,2479881,3432265
2025-04-08,105,68,37,3350720,4252160
2025-04-09,111,59,52,2230641,3401990
2025-04-10,99,55,44,3193992,4204356
2025-04-11,109,59,50,2906187,3957026
2025-04-12,98,49,49,3092998,4214738
2025-04-13,94,58,36,3043148,3921283
2025-04-14,94,51,43,3083202,3951347
2025-04-15,51,28,23,1136395,1839642
2025-04-16,100,60,40,3058780,4316428
2025-04-17,58,31,27,971818,2151848
2025-04-18,38,17,21,436445,917418
2025-04-19,60,31,29,1669632,2620558
2025-04-20,78,49,29,2808057,3792931
2025-04-21,106,61,45,2787722,3810304
2025-04-22,121,59,62,2459374,4015841
2025-04-23,90,56,34,2468155,3372367
2025-04-24,105,55,50,1566774,2763464
2025-04-25,43,30,13,1377665,1663166
2025-04-26,110,67,43,3103280,4162666
2025-04-27,93,59,34,2287353,3231783
2025-04-28,74,41,33,1855543,2616954
2025-04-29,72,42,30,1683011,2660931
2025-04-30,80,41,39,2232699,3204762
2025-05-01,101,58,43,3396172,4681610
2025-05-02,96,62,34,2234276,3142313
2025-05-03,71,36,35,1889879,2596777
2025-05-04,77,48,29,2884464,3596074
2025-05-05,109,66,43,3074045,4377006
2025-05-06,103,53,50,2133741,3556701
2025-05-07,63,30,33,1797624,2570090
2025-05-08,30,19,11,422339,826765
2025-05-09,95,57,38,1445163,2249605
2025-05-10,71,41,30,1647544,2331083
2025-05-11,90,57,33,2203798,2939823
2025-05-12,109,66,43,3493837,4827783
2025-05-13,97,53,44,2240828,3192298
2025-05-14,108,63,45,2808883,3807973
2025-05-15,79,46,33,2043333,2853640
2025-05-16,97,48,49,2560062,3877829
2025-05-17,103,55,48,2238507,3650885
2025-05-18,102,63,39,2888620,3843159
2025-05-19,76,41,35,1396188,2079001
2025-05-20,113,67,46,3318877,4310867
2025-05-21,90,50,40,1413654,2353609
2025-05-22,101,58,43,1756704,2735768
2025-05-23,80,47,33,2620808,3307318
2025-05-24,97,51,46,2280069,3580608
2025-05-25,83,45,38,2011224,2914184
2025-05-26,109,49,60,3075452,4494514
2025-05-27,96,52,44,2487890,3790793
2025-05-28,82,44,38,2607278,3530128
2025-05-29,112,73,39,4045410,5240454
2025-05-30,107,65,42,1867395,2807910
2025-05-31,94,51,43,2186634,3139400
2025-06-01,98,47,51,2207649,3557678
2025-06-02,89,46,43,2343075,3303831
2025-06-03,88,50,38,2214225,3506776
2025-06-04,108,67,41,3461280,4419632
2025-06-05,85,49,36,2634857,3926581
2025-06-06,70,43,27,979768,1657614
2025-06-07,77,45,32,2596020,3407132
2025-06-08,106,60,46,3204347,4406782
2025-06-09,88,46,42,1969308,3114578
2025-06-10,89,44,45,2511484,3482498
2025-06-11,75,40,35,1869958,2797796
2025-06-12,88,56,32,2894421,3681914
2025-06-13,69,42,27,2044593,2661632
2025-06-14,88,47,41,1963930,3326486
2025-06-15,99,63,36,3481253,4434933
2025-06-16,42,21,21,1010220,1522010
2025-06-17,73,42,31,2073897,3262478
2025-06-18,108,59,49,2104112,3052177
2025-06-19,98,53,45,3425533,4340034
2025-06-20,85,48,37,2078094,3153975
2025-06-21,77,44,33,1605138,2389805
2025-06-22,67,39,28,2368174,3117391
2025-06-23,83,39,44,1936442,2908135
2025-06-24,66,37,29,1199313,1736619
2025-06-25,52,34,18,1194069,1627967
2025-06-26,67,39,28,2191979,2923748
2025-06-27,85,46,39,1469948,2471735
2025-06-28,69,37,32,1583954,2166357
2025-06-29,102,55,47,2473998,3538039
2025-06-30,92,49,43,2427179,3337974
2025-07-01,83,43,40,1654851,2585740
2025-07-02,72,44,28,1784626,2699234
2025-07-03,62,34,28,1691008,2425355
2025-07-04,94,56,38,2799793,3883340
2025-07-05,69,45,24,1387752,1882414
2025-07-06,75,44,31,1374650,2349972
2025-07-07,55,25,30,1893661,2411677
2025-07-08,76,42,34,1359103,2274226
2025-07-09,90,60,30,3514007,4298957
2025-07-10,82,48,34,2702362,3726854
2025-07-11,60,39,21,2349945,3021490
2025-07-12,104,60,44,3908363,4745533
2025-07-13,78,46,32,1437761,2209521
2025-07-14,98,56,42,2197531,3288551
2025-07-15,108,53,55,3182087,4523300
2025-07-16,109,66,43,3082708,4413119
2025-07-17,90,46,44,2158834,3252892
2025-07-18,81,42,39,2239938,3142360
2025-07-19,86,52,34,2304512,3174166
2025-07-20,109,63,46,2986319,4329749
2025-07-21,83,46,37,3056542,3923713
2025-07-22,77,32,45,1531945,2683825
2025-07-23,99,59,40,2499493,3222202
2025-07-24,87,46,41,2124879,3391946
2025-07-25,82,48,34,2478169,3213941
2025-07-26,69,47,22,1983361,2584875
2025-07-27,102,59,43,3299079,4203963
2025-07-28,95,55,40,2051368,2824046
2025-07-29,98,54,44,2517124,3572585
2025-07-30,77,45,32,3219241,4216075
2025-07-31,101,54,47,2103165,3088972
2025-08-01,53,38,15,1207393,1873386
2025-08-02,103,60,43,3713856,4778825
2025-08-03,77,42,35,2459241,3432386
2025-08-04,40,21,19,467457,1158261
2025-08-05,76,40,36,2552593,3263087
2025-08-06,70,33,37,1483852,2611435
2025-08-07,69,39,30,2293325,2940026
2025-08-08,75,43,32,1629400,2281609
2025-08-09,61,38,23,2199966,2726205
2025-08-10,44,24,20,1268625,1850129
2025-08-11,73,41,32,2131421,2848551
2025-08-12,125,66,59,2677255,4244530
2025-08-13,67,38,29,1476698,2310053
2025-08-14,98,52,46,2742377,3790361
2025-08-15,61,38,23,1350979,1934881
2025-08-16,63,36,27,1587563,3003032
2025-08-17,71,42,29,2615090,3439799
2025-08-18,90,47,43,2040042,3287400
2025-08-19,105,53,52,3953849,5453458
2025-08-20,69,44,25,2467354,2976335
2025-08-21,75,44,31,2406132,3508552
2025-08-22,113,73,40,3049896,3891785
2025-08-23,87,52,35,2162407,3138347
2025-08-24,103,55,48,3069295,4266823
2025-08-25,62,32,30,1693390,2265619
2025-08-26,60,32,28,1396598,1929519
2025-08-27,81,42,39,2579155,3368823
2025-08-28,90,55,35,2240540,2864044
2025-08-29,98,50,48,2275780,3580056
2025-08-30,83,52,31,3739526,4502428
2025-08-31,93,52,41,2501688,3176801
2025-09-01,93,57,36,2617326,3581110
2025-09-02,80,45,35,1688845,2710254
2025-09-03,86,39,47,2091423,3180896
2025-09-04,41,26,15,1061772,1408066
2025-09-05,120,75,45,3599143,4838728
2025-09-06,72,43,29,2429345,3051929
2025-09-07,99,54,45,3010705,4803269
2025-09-08,98,58,40,2653045,3943058
2025-09-09,83,42,41,1668185,3095470
2025-09-10,85,44,41,2267581,2938848
2025-09-11,69,33,36,1620037,2479423
2025-09-12,59,40,19,1201950,1766235
2025-09-13,58,31,27,1480424,2465728
2025-09-14,41,24,17,1125531,1536507
2025-09-15,61,29,32,763385,1252803
2025-09-16,59,37,22,1482032,2031029
2025-09-17,105,55,50,2286099,3133846
2025-09-18,76,43,33,2393158,3186772
2025-09-19,52,26,26,1804399,2520218
2025-09-20,63,46,17,1777491,2342257
2025-09-21,73,51,22,1632000,2159952
2025-09-22,44,22,22,704503,1049891
2025-09-23,87,52,35,2720643,3673182
2025-09-24,90,52,38,2236283,3138412
2025-09-25,62,26,36,1745296,2610617
2025-09-26,49,24,25,775395,1493741
2025-09-27,68,42,26,2190446,2882810
2025-09-28,86,54,32,3311216,4129382
2025-09-29,77,43,34,1196112,1879659
2025-09-30,99,56,43,2097595,3284740
2025-10-01,85,50,35,2880908,3512419
2025-10-02,94,56,38,4213415,5125971
2025-10-03,100,54,46,2981788,4214726
2025-10-04,116,71,45,1767642,2804847
2025-10-05,119,72,47,3521158,4557078
2025-10-06,64,29,35,1788244,3273300
2025-10-07,25,11,14,543901,852588
2025-10-08,53,25,28,1037540,1545525
2025-10-09,46,27,19,1205631,1742452
2025-10-10,59,26,33,974903,1778704
2025-10-11,42,24,18,902965,1298897
2025-10-12,55,23,32,890370,2037181
2025-10-13,70,37,33,1636984,2639433
2025-10-14,117,63,54,4567780,6268750
2025-10-15,43,29,14,1361753,1630106
2025-10-16,39,20,19,717025,1524674
2025-10-17,58,24,34,1208079,2289152
2025-10-18,69,41,28,1747594,2797815
2025-10-19,61,34,27,1618382,2760076
2025-10-20,60,33,27,1736887,2729916
2025-10-21,69,39,30,1493720,2240727
2025-10-22,76,47,29,2771785,3092419
2025-10-23,78,45,33,2278065,3038591
2025-10-24,102,62,40,2242037,3810703
2025-10-25,98,60,38,3609411,4861177
2025-10-26,73,39,34,2457845,3334992
2025-10-27,74,43,31,2342586,2896360
2025-10-28,99,50,49,1911293,3310033
2025-10-29,88,51,37,2384003,3216611
2025-10-30,78,39,39,1727619,2772545
2025-10-31,78,42,36,3436232,4365246
2025-11-01,72,47,25,1808993,2553874
2025-11-02,60,35,25,1878385,2549551
2025-11-03,25,12,13,380722,756662
2025-11-04,51,33,18,717230,1110479
2025-11-05,49,31,18,2423561,2783711
2025-11-06,66,37,29,1999860,2661082
2025-11-07,75,35,40,2020579,2933426
2025-11-08,106,62,44,3344733,4226279
2025-11-09,68,43,25,2531874,3161766
2025-11-10,65,41,24,2050581,3035303
2025-11-11,84,52,32,2159571,2817672
2025-11-12,54,29,25,1429636,1896857
2025-11-13,65,33,32,1529571,2583440
2025-11-14,66,38,28,2950191,3467778
2025-11-15,67,38,29,2322682,3268139
2025-11-16,47,22,25,962361,1787229
2025-11-17,45,26,19,1260059,1821560
2025-11-18,43,28,15,1436542,1821559
2025-11-19,64,38,26,1997768,2699564
2025-11-20,65,42,23,2064640,2793698
2025-11-21,46,31,15,1584138,2091681
2025-11-22,50,29,21,959162,1260753
2025-11-23,58,27,31,776010,1354677
2025-11-24,45,22,23,939319,1638191
2025-11-25,64,35,29,1559728,2309248
2025-11-26,48,30,18,1171516,1606120
2025-11-27,48,29,19,2042975,2611752
2025-11-28,50,26,24,1185354,1826655
2025-11-29,40,21,19,770032,1135854
2025-11-30,53,32,21,2468868,2876790
2025-12-01,64,35,29,3025778,3941666
2025-12-02,56,28,28,1231411,1929786
2025-12-03,49,25,24,1512845,2418462
2025-12-04,43,30,13,1715620,2395955
2025-12-05,43,26,17,1204017,1585789
2025-12-06,66,38,28,1323388,2017076
2025-12-07,44,28,16,1320197,1794672
2025-12-08,56,25,31,1134668,2186144
2025-12-09,82,46,36,1806733,2792137
2025-12-10,50,30,20,1003135,1823881
2025-12-11,50,30,20,1964902,2291678
2025-12-12,40,22,18,1184935,1514338
2025-12-13,45,26,19,1256662,1755425
2025-12-14,48,36,12,2455638,2760730
2025-12-15,46,18,28,1304890,2130558
2025-12-16,53,31,22,1891843,2752548
2025-12-17,35,26,9,860045,1119178
2025-12-18,55,33,22,1963432,2640513
2025-12-19,30,17,13,828897,1341392
2025-12-20,47,19,28,1140189,2035306
2025-12-21,53,28,25,719285,1857869
2025-12-22,44,26,18,858100,1341160
2025-12-23,22,9,13,972045,1389657
2025-12-24,63,29,34,929216,2117952
2025-12-25,53,23,30,868039,1909636
2025-12-26,56,32,24,2486445,3095567
2025-12-27,64,39,25,1867382,2601064
2025-12-28,38,18,20,1270196,1600332
2025-12-29,49,25,24,643850,1462025
2025-12-30,64,34,30,1680707,2531272
2025-12-31,67,44,23,1449369,1748249
2026-01-01,64,29,35,1713442,2664408
2026-01-02,47,20,27,1102080,2003345
2026-01-03,45,25,20,935308,1967198
2026-01-04,46,23,23,1107801,2124349
2026-01-05,61,30,31,1948403,2711045
2026-01-06,59,30,29,375419,1019652
2026-01-07,63,37,26,1536799,2122045
2026-01-08,61,37,24,2085390,3008400
2026-01-09,73,40,33,2991391,3727608
2026-01-10,62,33,29,1184808,1777076
2026-01-11,62,31,31,1935469,2698117
2026-01-12,51,33,18,1659754,2024940
2026-01-13,51,24,27,641841,1329359
2026-01-14,60,34,26,1260279,1828588
2026-01-15,62,35,27,1845107,2717989
2026-01-16,50,28,22,1061684,1798686
2026-01-17,38,23,15,901828,1445923
2026-01-18,53,20,33,1302150,2184798
2026-01-19,58,29,29,924715,2329720
2026-01-20,55,31,24,1253055,2084853
2026-01-21,53,27,26,2051286,2817276
2026-01-22,62,36,26,1411533,2283905
2026-01-23,47,24,23,1230089,1816685
2026-01-24,44,21,23,878943,1371103
2026-01-25,62,41,21,2629818,3131426
2026-01-26,41,19,22,1238981,1789952
2026-01-27,58,28,30,1253238,1723064
2026-01-28,51,28,23,1214507,1713078
2026-01-29,69,39,30,1590761,2314406
2026-01-30,68,37,31,1644140,2470899
2026-01-31,70,40,30,1652157,3011406
2026-02-01,48,19,29,1035130,1646216
2026-02-02,67,41,26,2714863,3449459
2026-02-03,60,32,28,1211012,1999587
2026-02-04,41,19,22,983924,1471364
2026-02-05,66,36,30,1814047,2594792
2026-02-06,57,33,24,1050896,1694325
2026-02-07,58,38,20,2323504,2748142
2026-02-08,57,31,26,1061581,1600469
2026-02-09,52,33,19,999250,1763162
2026-02-10,60,38,22,2479703,3290551
2026-02-11,76,47,29,1441505,2025046
2026-02-12,61,31,30,1615866,2341852
2026-02-13,97,51,46,2392334,3697759
2026-02-14,91,53,38,2559173,3605080
2026-02-15,72,40,32,1157354,2328634
2026-02-16,41,27,14,1381731,1650792
2026-02-17,70,37,33,1902017,2900635
2026-02-18,72,36,36,1799200,2744688
2026-02-19,88,48,40,2755888,4151497
2026-02-20,88,53,35,2903719,3869147
2026-02-21,79,50,29,1816744,2431386
2026-02-22,125,68,57,3572104,5235136
2026-02-23,88,58,30,1893516,2451468
2026-02-24,42,20,22,1418323,2092252
2026-02-25,112,57,55,4168541,5545881
2026-02-26,86,44,42,909158,1823647
2026-02-27,53,30,23,581713,1207186
2026-02-28,51,33,18,2539454,2839159
2026-03-01,18,5,13,153007,494931
2026-03-02,4,1,3,0,61822
2026-03-03,4,1,3,6701,103665
2026-03-04,0,0,0,0,0
2026-03-05,3,1,2,0,24031
2026-03-06,0,0,0,0,0
2026-03-07,2,0,2,0,102414
2026-03-08,1,0,1,0,51168
2026-03-09,1,0,1,0,1599
2026-03-10,2,1,1,42122,42122
2026-03-11,1,0,1,0,43477
2026-03-12,1,0,1,0,0
2026-03-13,0,0,0,0,0
2026-03-14,0,0,0,0,0
2026-03-15,7,2,5,339183,363277
2026-03-16,2,0,2,0,0
2026-03-17,1,1,0,47804,47804
2026-03-18,0,0,0,0,0
2026-03-19,0,0,0,0,0
2026-03-20,3,2,1,118692,193637
2026-03-21,0,0,0,0,0
2026-03-22,2,0,2,0,31388
2026-03-23,4,2,2,48834,137492
2026-03-24,2,1,1,0,12988
2026-03-25,1,1,0,0,0
2026-03-26,4,0,4,0,73148
2026-03-27,2,0,2,0,68784
2026-03-28,5,0,5,0,97272
2026-03-29,5,2,3,5464,124948
2026-03-30,6,3,3,0,109762
2026-03-31,5,2,3,70842,84095
2026-04-01,6,1,5,4062,85696
2026-04-02,1,0,1,0,40276
2026-04-03,3,2,1,97195,147579
2026-04-04,10,3,7,38238,134722
2026-04-05,4,4,0,264106,264106
2026-04-06,5,0,5,0,107315
2026-04-07,3,2,1,69890,113878
2026-04-08,3,0,3,0,35363
2026-04-09,7,5,2,164591,215865
2026-04-10,3,0,3,0,0
2026-04-11,6,3,3,287665,402443
2026-04-12,12,3,9,33937,208464
2026-04-13,5,3,2,34634,66709
2026-04-14,4,2,2,30952,114192
2026-04-15,7,4,3,6839,344547
2026-04-16,3,1,2,75745,79186
2026-04-17,8,3,5,5366,5366
2026-04-18,20,12,8,516261,827847
2026-04-19,2,1,1,6839,11633
2026-04-20,3,2,1,36579,56282
2026-04-21,2,2,0,75113,75113
2026-04-22,5,2,3,0,120039
2026-04-23,1,0,1,0,33377
2026-04-24,5,2,3,33283,72566
2026-04-25,3,1,2,42882,96668
2026-04-26,2,1,1,0,11122
2026-04-27,0,0,0,0,0
2026-04-28,5,2,3,323392,383069
2026-04-29,5,3,2,11036,326600
2026-04-30,6,4,2,64253,64253
2026-05-01,5,2,3,36640,69966
2026-05-02,6,4,2,93041,93041
2026-05-03,6,1,5,0,127798
2026-05-04,2,0,2,0,12784
2026-05-05,0,0,0,0,0
2026-05-06,0,0,0,0,0
2026-05-07,0,0,0,0,0
2026-05-08,0,0,0,0,0
2026-05-09,1,1,0,98525,98525
2026-05-10,5,2,3,319376,457574
2026-05-11,6,4,2,88456,114837
2026-05-12,3,1,2,0,344
2026-05-13,3,2,1,349804,350554
2026-05-14,6,3,3,42976,60351
2026-05-15,2,2,0,5341,5341
2026-05-16,6,1,5,36579,178216
2026-05-17,2,1,1,0,10961
2026-05-18,4,1,3,13968,16651
2026-05-19,4,3,1,570517,609497
2026-05-20,7,3,4,290295,418971
2026-05-21,4,2,2,42682,74078
2026-05-22,2,0,2,0,0
2026-05-23,3,1,2,284471,307741
2026-05-24,5,2,3,6839,87734
2026-05-25,4,0,4,0,86752
2026-05-26,3,2,1,0,0
2026-05-27,1,1,0,106096,106096
2026-05-28,2,0,2,0,65232
2026-05-29,1,0,1,0,6056
2026-05-30,3,0,3,0,52574
2026-05-31,2,0,2,0,44835
2026-06-01,2,1,1,38238,90292
2026-06-02,5,3,2,33268,71987
2026-06-03,8,3,5,12593,115719
2026-06-04,3,1,2,0,1047
2026-06-05,0,0,0,0,0
2026-06-06,2,0,2,0,93370
2026-06-07,0,0,0,0,0
2026-06-08,7,1,6,6794,61448
2026-06-09,4,2,2,48671,110820
2026-06-10,3,0,3,0,13825
2026-06-11,2,2,0,11142,11142
2026-06-12,1,1,0,11375,11375
2026-06-13,0,0,0,0,0
2026-06-14,0,0,0,0,0
2026-06-15,6,1,5,0,86520
2026-06-16,5,2,3,35583,38841
2026-06-17,8,0,8,0,135479
2026-06-18,19,10,9,459872,822778
2026-06-19,9,3,6,600658,729047
2026-06-20,23,12,11,543037,856885
2026-06-21,6,1,5,65755,161589
2026-06-22,10,8,2,337125,411312
2026-06-23,11,4,7,835217,1040380
2026-06-24,44,18,26,1256969,1929204
2026-06-25,43,21,22,1383947,1841015
2026-06-26,27,17,10,655492,968267
2026-06-27,24,9,15,552718,955285
2026-06-28,11,6,5,86241,240909
2026-06-29,24,12,12,976186,1287883
2026-06-30,14,5,9,232679,565738
2026-07-01,27,17,10,1409459,1582436
2026-07-02,25,14,11,235228,569513
2026-07-03,23,17,6,1127426,1309798
2026-07-04,15,6,9,353844,545114
2026-07-05,20,15,5,782230,892809
2026-07-06,23,14,9,2066636,2231545
2026-07-07,24,10,14,1210489,1356531
2026-07-08,11,4,7,273790,362461
2026-07-09,7,2,5,45539,155560
2026-07-10,4,3,1,48377,118849
2026-07-11,6,3,3,118896,228875
2026-07-12,3,1,2,58739,63129
2026-07-13,7,2,5,42247,65012
2026-07-14,5,3,2,45089,87376
2026-07-15,8,3,5,0,214434
2026-07-16,4,1,3,0,28460
2026-07-17,1,1,0,1231,1231
2026-07-18,5,2,3,36937,132322
2026-07-19,4,2,2,39216,54047
2026-07-20,3,1,2,0,157
2026-07-21,4,1,3,43064,71614
2026-07-22,3,1,2,0,35435
2026-07-23,0,0,0,0,0
2026-07-24,3,0,3,0,591
2026-07-25,1,0,1,0,324
2026-07-26,3,2,1,81157,122054
2026-07-27,4,0,4,0,170314
2026-07-28,4,1,3,38762,63967
2026-07-29,6,2,4,115119,179594
2026-07-30,2,1,1,5325,5325
2026-07-31,6,1,5,282046,470124
2026-08-01,3,2,1,1067,1067
2026-08-02,2,0,2,0,107354
2026-08-03,6,3,3,6134,131517
2026-08-04,6,4,2,64214,214958
2026-08-05,4,0,4,0,4805
2026-08-06,2,0,2,0,25140
2026-08-07,4,2,2,0,90890
2026-08-08,8,1,7,0,378306
2026-08-09,1,0,1,0,0
2026-08-10,4,2,2,11478,64034
2026-08-11,8,2,6,1067,99876
2026-08-12,1,0,1,0,1391
2026-08-13,4,1,3,36112,97359
2026-08-14,6,1,5,0,191299
2026-08-15,1,1,0,1067,1067
2026-08-16,1,1,0,0,0
