mese,origine,tonnellate,intra_ue
2019-01,AL,28.4,no
2019-01,AT,873.7,si
2019-01,BE,5100.2,si
2019-01,BG,23.6,si
2019-01,CH,19.0,no
2019-01,CY,36.5,si
2019-01,CZ,60.8,si
2019-01,DE,2467.4,si
2019-01,DK,2.7,si
2019-01,EG,10.4,no
2019-01,ES,4002.5,si
2019-01,FI,2.4,si
2019-01,FR,2643.3,si
2019-01,GB,4294.0,no
2019-01,GR,308.4,si
2019-01,HR,7033.9,si
2019-01,HU,2058.9,si
2019-01,IL,10.6,no
2019-01,IN,320.1,no
2019-01,JP,4.6,no
2019-01,KR,954.5,no
2019-01,LT,3.7,si
2019-01,LU,2.1,si
2019-01,LV,2.7,si
2019-01,MT,6.7,si
2019-01,MX,6.7,no
2019-01,NL,4883.7,si
2019-01,NO,0.5,no
2019-01,PL,1683.8,si
2019-01,PT,18.6,si
2019-01,RO,86.7,si
2019-01,RU,889.0,no
2019-01,SE,232.2,si
2019-01,SI,148.9,si
2019-01,SK,20.1,si
2019-01,TR,77.9,no
2019-01,TW,761.6,no
2019-01,US,4237.9,no
2019-01,XS,24.0,no
2019-02,AL,40.3,no
2019-02,AT,117.6,si
2019-02,BE,5275.2,si
2019-02,BG,16.6,si
2019-02,CH,27.1,no
2019-02,CY,36.8,si
2019-02,CZ,62.9,si
2019-02,DE,2617.2,si
2019-02,DK,3.0,si
2019-02,ES,4443.3,si
2019-02,FI,2.2,si
2019-02,FR,4178.8,si
2019-02,GB,11571.9,no
2019-02,GR,61.3,si
2019-02,HR,34.7,si
2019-02,HU,862.9,si
2019-02,IN,299.2,no
2019-02,JP,0.7,no
2019-02,KR,934.4,no
2019-02,LT,3.7,si
2019-02,LU,2.1,si
2019-02,LV,2.7,si
2019-02,MT,6.7,si
2019-02,MX,3.6,no
2019-02,NL,5816.7,si
2019-02,PL,1426.8,si
2019-02,PT,7.7,si
2019-02,QV,0.4,no
2019-02,RO,86.2,si
2019-02,RU,1310.7,no
2019-02,SE,243.1,si
2019-02,SI,144.7,si
2019-02,SK,23.8,si
2019-02,TR,63.8,no
2019-02,US,45.4,no
2019-03,AL,6.5,no
2019-03,AT,345.9,si
2019-03,BE,4687.4,si
2019-03,BG,8.3,si
2019-03,CA,0.7,no
2019-03,CH,23.3,no
2019-03,CN,0.0,no
2019-03,CY,39.7,si
2019-03,CZ,68.9,si
2019-03,DE,2866.1,si
2019-03,DK,2.9,si
2019-03,ES,5482.8,si
2019-03,FI,2.7,si
2019-03,FR,3372.4,si
2019-03,GB,5140.9,no
2019-03,GR,107.0,si
2019-03,HR,38.0,si
2019-03,HU,1316.6,si
2019-03,IE,0.0,si
2019-03,IN,618.5,no
2019-03,JP,6.2,no
2019-03,KR,547.5,no
2019-03,LT,4.0,si
2019-03,LU,2.3,si
2019-03,LV,2.9,si
2019-03,MT,7.2,si
2019-03,MX,6.6,no
2019-03,NL,7960.5,si
2019-03,PL,983.0,si
2019-03,PT,9.9,si
2019-03,QV,39.2,no
2019-03,RO,94.0,si
2019-03,RU,1148.5,no
2019-03,SE,160.5,si
2019-03,SI,291.9,si
2019-03,SK,29.6,si
2019-03,TR,93.8,no
2019-03,TW,500.9,no
2019-03,US,15.9,no
2019-04,AL,14.6,no
2019-04,AT,110.2,si
2019-04,BE,7542.1,si
2019-04,BG,11.3,si
2019-04,BR,0.4,no
2019-04,CA,0.2,no
2019-04,CH,32.9,no
2019-04,CY,35.7,si
2019-04,CZ,43.0,si
2019-04,DE,2734.2,si
2019-04,DK,2.7,si
2019-04,EG,9.9,no
2019-04,ES,2153.4,si
2019-04,FI,2.3,si
2019-04,FR,2874.7,si
2019-04,GB,280.2,no
2019-04,GR,167.6,si
2019-04,HR,33.6,si
2019-04,HU,981.8,si
2019-04,IN,100.2,no
2019-04,JO,22.5,no
2019-04,JP,1.7,no
2019-04,KR,1276.8,no
2019-04,LT,3.6,si
2019-04,LU,2.0,si
2019-04,LV,2.6,si
2019-04,MT,6.5,si
2019-04,MX,7.8,no
2019-04,NL,6046.7,si
2019-04,NO,0.7,no
2019-04,PL,1746.4,si
2019-04,PT,8.3,si
2019-04,QV,1.9,no
2019-04,RO,83.5,si
2019-04,RU,904.5,no
2019-04,SE,120.0,si
2019-04,SI,150.9,si
2019-04,SK,27.3,si
2019-04,TR,67.5,no
2019-04,US,3663.4,no
2019-05,AL,33.8,no
2019-05,AT,727.6,si
2019-05,BE,6373.4,si
2019-05,BG,17.0,si
2019-05,CA,0.0,no
2019-05,CH,46.2,no
2019-05,CN,9.0,no
2019-05,CY,38.8,si
2019-05,CZ,67.8,si
2019-05,DE,2480.9,si
2019-05,DK,2.9,si
2019-05,ES,3970.2,si
2019-05,FI,14.2,si
2019-05,FR,4447.4,si
2019-05,GB,12661.8,no
2019-05,GR,43.4,si
2019-05,HR,36.4,si
2019-05,HU,1454.8,si
2019-05,IN,459.7,no
2019-05,JP,2.6,no
2019-05,KR,680.5,no
2019-05,LT,3.9,si
2019-05,LU,2.2,si
2019-05,LV,2.8,si
2019-05,MT,7.1,si
2019-05,MX,6.1,no
2019-05,NL,11869.3,si
2019-05,PL,878.2,si
2019-05,PT,9.7,si
2019-05,QV,7.6,no
2019-05,RO,93.8,si
2019-05,RU,1182.6,no
2019-05,SE,284.7,si
2019-05,SI,223.8,si
2019-05,SK,25.0,si
2019-05,TR,108.7,no
2019-05,TW,0.1,no
2019-05,US,39.7,no
2019-06,AT,429.4,si
2019-06,BE,7638.7,si
2019-06,BG,7.3,si
2019-06,CH,15.5,no
2019-06,CY,35.1,si
2019-06,CZ,40.1,si
2019-06,DE,2234.5,si
2019-06,DK,2.7,si
2019-06,EE,0.0,si
2019-06,ES,6191.9,si
2019-06,FI,4.1,si
2019-06,FR,4694.5,si
2019-06,GB,4654.9,no
2019-06,GR,2245.7,si
2019-06,HR,14023.1,si
2019-06,HU,1910.3,si
2019-06,IE,0.0,si
2019-06,IN,40.0,no
2019-06,JP,2.2,no
2019-06,LT,3.6,si
2019-06,LU,2.0,si
2019-06,LV,2.6,si
2019-06,MT,6.4,si
2019-06,MX,7.9,no
2019-06,NL,3619.5,si
2019-06,PL,1366.3,si
2019-06,PT,10.0,si
2019-06,QV,10.8,no
2019-06,RO,81.8,si
2019-06,RU,1323.2,no
2019-06,SE,238.5,si
2019-06,SI,181.7,si
2019-06,SK,21.8,si
2019-06,TR,18.9,no
2019-06,US,3876.2,no
2019-07,AE,45.3,no
2019-07,AL,37.2,no
2019-07,AT,303.1,si
2019-07,BE,8810.0,si
2019-07,BG,10.1,si
2019-07,CA,0.3,no
2019-07,CH,74.7,no
2019-07,CN,0.0,no
2019-07,CY,36.4,si
2019-07,CZ,89.6,si
2019-07,DE,3006.4,si
2019-07,DK,2.9,si
2019-07,ES,5055.9,si
2019-07,FI,2.3,si
2019-07,FR,4639.6,si
2019-07,GB,6793.4,no
2019-07,GE,0.1,no
2019-07,GR,186.5,si
2019-07,HR,34.4,si
2019-07,HU,1600.1,si
2019-07,IN,139.6,no
2019-07,JP,7.8,no
2019-07,LT,3.7,si
2019-07,LU,2.0,si
2019-07,LV,2.7,si
2019-07,MT,6.6,si
2019-07,MX,10.0,no
2019-07,NL,5880.5,si
2019-07,NO,0.1,no
2019-07,PL,2129.2,si
2019-07,PT,14.6,si
2019-07,QV,2.1,no
2019-07,RO,85.8,si
2019-07,RU,967.0,no
2019-07,SE,307.2,si
2019-07,SI,225.0,si
2019-07,SK,19.1,si
2019-07,TR,33.7,no
2019-07,US,26.9,no
2019-08,AL,20.6,no
2019-08,AT,399.5,si
2019-08,BE,6337.6,si
2019-08,BG,5.4,si
2019-08,CH,6.8,no
2019-08,CY,25.6,si
2019-08,CZ,21.6,si
2019-08,DE,1973.7,si
2019-08,DK,1510.2,si
2019-08,ES,9756.5,si
2019-08,FI,3.0,si
2019-08,FR,3351.2,si
2019-08,GB,5186.5,no
2019-08,GR,75.7,si
2019-08,HR,23.5,si
2019-08,HU,1743.6,si
2019-08,IE,0.1,si
2019-08,JP,2.2,no
2019-08,KR,953.3,no
2019-08,LT,2.6,si
2019-08,LU,1.4,si
2019-08,LV,1.9,si
2019-08,MT,4.7,si
2019-08,MX,5.7,no
2019-08,NL,2645.9,si
2019-08,PL,685.2,si
2019-08,PT,5.8,si
2019-08,QV,0.9,no
2019-08,RO,58.7,si
2019-08,RU,700.7,no
2019-08,SE,215.9,si
2019-08,SI,94.7,si
2019-08,SK,16.3,si
2019-08,TR,24.3,no
2019-08,TW,0.2,no
2019-08,US,29.0,no
2019-09,AL,35.7,no
2019-09,AT,277.1,si
2019-09,BE,7831.4,si
2019-09,BG,12.1,si
2019-09,BR,1.4,no
2019-09,CA,0.4,no
2019-09,CH,24.6,no
2019-09,CY,36.2,si
2019-09,CZ,66.6,si
2019-09,DE,2782.1,si
2019-09,DK,803.5,si
2019-09,EG,10.8,no
2019-09,ES,4047.9,si
2019-09,FI,2.3,si
2019-09,FR,3578.7,si
2019-09,GB,170.9,no
2019-09,GR,117.4,si
2019-09,HR,13508.9,si
2019-09,HU,1735.6,si
2019-09,IL,5.8,no
2019-09,IN,300.0,no
2019-09,JP,2.2,no
2019-09,KR,921.7,no
2019-09,LT,3.7,si
2019-09,LU,2.0,si
2019-09,LV,2.7,si
2019-09,MT,6.6,si
2019-09,MX,6.1,no
2019-09,MY,3946.9,no
2019-09,NL,3073.0,si
2019-09,PL,1413.9,si
2019-09,PT,11.1,si
2019-09,QV,0.8,no
2019-09,RO,84.1,si
2019-09,RU,958.9,no
2019-09,SE,134.5,si
2019-09,SI,171.3,si
2019-09,SK,18.9,si
2019-09,TR,120.8,no
2019-09,TW,507.3,no
2019-09,US,83.0,no
2019-10,AL,17.5,no
2019-10,AT,717.0,si
2019-10,BE,4460.0,si
2019-10,BG,11.1,si
2019-10,CH,45.4,no
2019-10,CY,37.6,si
2019-10,CZ,103.8,si
2019-10,DE,3377.6,si
2019-10,DK,842.6,si
2019-10,ES,9932.9,si
2019-10,FI,50.4,si
2019-10,FR,3933.0,si
2019-10,GB,318.4,no
2019-10,GR,100.4,si
2019-10,HR,13728.6,si
2019-10,HU,2983.3,si
2019-10,IN,279.3,no
2019-10,JP,4.1,no
2019-10,KR,232.6,no
2019-10,LT,3.8,si
2019-10,LU,2.1,si
2019-10,LV,2.8,si
2019-10,MT,6.9,si
2019-10,MX,4.3,no
2019-10,NL,2879.3,si
2019-10,PL,809.0,si
2019-10,PT,9.5,si
2019-10,QV,20.4,no
2019-10,RO,87.5,si
2019-10,RU,1148.0,no
2019-10,SE,298.5,si
2019-10,SI,155.7,si
2019-10,SK,24.0,si
2019-10,TR,70.0,no
2019-10,TW,0.2,no
2019-10,US,27.2,no
2019-11,AT,296.2,si
2019-11,BE,6866.9,si
2019-11,BG,20.3,si
2019-11,CA,1.5,no
2019-11,CH,19.3,no
2019-11,CY,35.2,si
2019-11,CZ,160.9,si
2019-11,DE,2041.7,si
2019-11,DK,2.7,si
2019-11,ES,6228.0,si
2019-11,FI,2.0,si
2019-11,FR,4465.3,si
2019-11,GB,133.6,no
2019-11,GR,320.7,si
2019-11,HR,33.3,si
2019-11,HU,911.9,si
2019-11,IN,296.9,no
2019-11,JP,7.4,no
2019-11,KR,275.4,no
2019-11,LT,3.6,si
2019-11,LU,2.1,si
2019-11,LV,2.6,si
2019-11,MT,6.4,si
2019-11,MX,11.1,no
2019-11,MY,4007.4,no
2019-11,NL,2822.3,si
2019-11,PL,650.1,si
2019-11,PT,7.3,si
2019-11,RO,87.6,si
2019-11,RU,787.2,no
2019-11,SE,219.9,si
2019-11,SI,128.0,si
2019-11,SK,18.5,si
2019-11,TR,52.8,no
2019-11,TW,1123.8,no
2019-11,US,14.6,no
2019-12,AE,55.4,no
2019-12,AL,29.5,no
2019-12,AT,201.5,si
2019-12,BE,7179.6,si
2019-12,BG,7.8,si
2019-12,CA,80.3,no
2019-12,CH,20.4,no
2019-12,CN,1.5,no
2019-12,CY,32.1,si
2019-12,CZ,104.7,si
2019-12,DE,1817.0,si
2019-12,DK,2.6,si
2019-12,EE,3.8,si
2019-12,ES,4784.7,si
2019-12,FI,1.8,si
2019-12,FR,2924.1,si
2019-12,GB,507.2,no
2019-12,GR,82.6,si
2019-12,HR,13966.7,si
2019-12,HU,1551.1,si
2019-12,IN,418.0,no
2019-12,JP,0.3,no
2019-12,KR,453.3,no
2019-12,LT,3.3,si
2019-12,LU,1.8,si
2019-12,LV,2.4,si
2019-12,MT,5.9,si
2019-12,MX,6.1,no
2019-12,NL,3227.6,si
2019-12,PL,248.1,si
2019-12,PT,7.9,si
2019-12,RO,75.2,si
2019-12,RU,891.7,no
2019-12,SE,188.7,si
2019-12,SI,166.9,si
2019-12,SK,18.2,si
2019-12,TR,29.2,no
2019-12,UA,17.5,no
2019-12,US,39.4,no
2020-01,AL,31.5,no
2020-01,AT,175.3,si
2020-01,BE,7102.5,si
2020-01,BG,11.8,si
2020-01,CH,24.3,no
2020-01,CN,4.0,no
2020-01,CY,0.9,si
2020-01,CZ,24.0,si
2020-01,DE,3135.4,si
2020-01,DK,2.5,si
2020-01,EE,0.1,si
2020-01,EG,13.4,no
2020-01,ES,5549.8,si
2020-01,FI,2.1,si
2020-01,FR,3680.8,si
2020-01,GB,438.5,no
2020-01,GR,161.5,si
2020-01,HR,13957.1,si
2020-01,HU,1572.4,si
2020-01,IL,12.0,no
2020-01,IN,359.4,no
2020-01,JP,8.0,no
2020-01,KR,1518.4,no
2020-01,LT,2.9,si
2020-01,LU,0.5,si
2020-01,LV,3.8,si
2020-01,MT,1.4,si
2020-01,MX,4.8,no
2020-01,NL,7413.2,si
2020-01,PL,1563.0,si
2020-01,PT,5.9,si
2020-01,RO,5.6,si
2020-01,RU,886.5,no
2020-01,SE,267.4,si
2020-01,SG,0.5,no
2020-01,SI,23.0,si
2020-01,SK,3.9,si
2020-01,TR,40.4,no
2020-01,TW,1914.9,no
2020-01,US,43.6,no
2020-02,AL,42.4,no
2020-02,AT,348.8,si
2020-02,BE,8166.2,si
2020-02,BG,2.3,si
2020-02,CH,30.5,no
2020-02,CN,0.4,no
2020-02,CY,0.9,si
2020-02,CZ,14.2,si
2020-02,DE,2409.0,si
2020-02,DK,2.6,si
2020-02,EE,0.1,si
2020-02,ES,1279.3,si
2020-02,FI,3.6,si
2020-02,FR,6874.5,si
2020-02,GB,223.5,no
2020-02,GR,173.7,si
2020-02,HR,9.6,si
2020-02,HU,1567.8,si
2020-02,IE,1.0,si
2020-02,IN,538.7,no
2020-02,KR,759.0,no
2020-02,LT,3.0,si
2020-02,LU,0.5,si
2020-02,LV,4.0,si
2020-02,MT,1.4,si
2020-02,MX,8.4,no
2020-02,NL,6902.7,si
2020-02,NO,0.0,no
2020-02,PL,1396.0,si
2020-02,PT,4.1,si
2020-02,QV,1.2,no
2020-02,RO,5.8,si
2020-02,RU,994.2,no
2020-02,SE,255.1,si
2020-02,SI,14.8,si
2020-02,SK,8.7,si
2020-02,TH,9.9,no
2020-02,TR,19.9,no
2020-02,UA,13.0,no
2020-02,US,16.5,no
2020-03,AL,7.9,no
2020-03,AT,934.2,si
2020-03,BE,5463.9,si
2020-03,BG,1.0,si
2020-03,CA,0.2,no
2020-03,CH,15.8,no
2020-03,CY,0.8,si
2020-03,CZ,24.8,si
2020-03,DE,3130.3,si
2020-03,DK,2.3,si
2020-03,EE,1.1,si
2020-03,ES,5713.3,si
2020-03,FI,1.6,si
2020-03,FR,3595.1,si
2020-03,GB,6246.7,no
2020-03,GR,37.8,si
2020-03,HR,8.4,si
2020-03,HU,1532.8,si
2020-03,IN,935.6,no
2020-03,JP,6.1,no
2020-03,KR,2326.8,no
2020-03,LT,2.8,si
2020-03,LU,0.5,si
2020-03,LV,3.5,si
2020-03,MT,1.3,si
2020-03,MX,12.2,no
2020-03,NL,8730.5,si
2020-03,PL,1328.5,si
2020-03,PT,11.0,si
2020-03,QV,10.4,no
2020-03,RO,5.2,si
2020-03,RU,1141.4,no
2020-03,SE,243.5,si
2020-03,SI,21.9,si
2020-03,SK,4.6,si
2020-03,TR,57.0,no
2020-03,TW,704.6,no
2020-03,US,27.9,no
2020-04,AT,241.7,si
2020-04,BE,3965.8,si
2020-04,BG,5.2,si
2020-04,CH,6.4,no
2020-04,CY,0.6,si
2020-04,CZ,12.3,si
2020-04,DE,1520.7,si
2020-04,DK,1.7,si
2020-04,EE,0.0,si
2020-04,ES,5475.5,si
2020-04,FI,1.2,si
2020-04,FR,1873.5,si
2020-04,GB,3341.9,no
2020-04,GR,13.3,si
2020-04,HR,8.0,si
2020-04,HU,430.3,si
2020-04,IN,39.9,no
2020-04,JP,1.9,no
2020-04,KR,2193.0,no
2020-04,LT,9.2,si
2020-04,LU,0.3,si
2020-04,LV,2.5,si
2020-04,MT,0.9,si
2020-04,MX,6.0,no
2020-04,MY,3721.1,no
2020-04,NL,6757.0,si
2020-04,PL,470.6,si
2020-04,PT,0.3,si
2020-04,RO,3.7,si
2020-04,RU,672.0,no
2020-04,SE,130.9,si
2020-04,SI,14.2,si
2020-04,SK,2.4,si
2020-04,TH,3.5,no
2020-04,TR,38.3,no
2020-04,TW,500.2,no
2020-04,US,31.1,no
2020-05,AL,34.7,no
2020-05,AT,111.1,si
2020-05,BE,7107.8,si
2020-05,BG,0.9,si
2020-05,BH,1.4,no
2020-05,CH,11.5,no
2020-05,CY,0.7,si
2020-05,CZ,12.6,si
2020-05,DE,2204.8,si
2020-05,DK,1693.5,si
2020-05,EE,0.0,si
2020-05,ES,583.0,si
2020-05,FI,1.3,si
2020-05,FR,1385.8,si
2020-05,GB,239.3,no
2020-05,GR,89.2,si
2020-05,HR,7.6,si
2020-05,HU,173.0,si
2020-05,IN,79.4,no
2020-05,JP,1.6,no
2020-05,LT,17.9,si
2020-05,LU,0.4,si
2020-05,LV,2.9,si
2020-05,MT,1.1,si
2020-05,MX,7.8,no
2020-05,NL,2972.1,si
2020-05,PL,999.9,si
2020-05,PT,5.7,si
2020-05,RO,4.3,si
2020-05,RU,721.7,no
2020-05,SE,196.6,si
2020-05,SI,8.5,si
2020-05,SK,2.9,si
2020-05,TR,33.0,no
2020-05,US,47.7,no
2020-06,AL,21.6,no
2020-06,AT,102.4,si
2020-06,BE,4270.4,si
2020-06,BG,4.0,si
2020-06,CA,0.7,no
2020-06,CH,21.8,no
2020-06,CN,0.2,no
2020-06,CY,0.8,si
2020-06,CZ,16.8,si
2020-06,DE,1908.1,si
2020-06,DK,2.2,si
2020-06,EE,0.0,si
2020-06,ES,3029.5,si
2020-06,FI,1.5,si
2020-06,FR,2648.1,si
2020-06,GB,381.7,no
2020-06,GR,134.9,si
2020-06,HR,8.9,si
2020-06,HU,339.3,si
2020-06,IN,593.8,no
2020-06,JP,10.4,no
2020-06,LT,45.5,si
2020-06,LU,0.4,si
2020-06,LV,3.4,si
2020-06,MT,1.2,si
2020-06,MX,6.9,no
2020-06,NL,3688.2,si
2020-06,PL,1325.0,si
2020-06,PT,24.5,si
2020-06,QV,3.6,no
2020-06,RO,5.1,si
2020-06,RU,865.0,no
2020-06,SE,264.8,si
2020-06,SI,43.0,si
2020-06,SK,5.9,si
2020-06,TR,38.5,no
2020-06,US,57.1,no
2020-07,AL,9.2,no
2020-07,AT,16.0,si
2020-07,BE,5005.1,si
2020-07,BG,15.3,si
2020-07,CH,34.0,no
2020-07,CN,22.5,no
2020-07,CY,0.9,si
2020-07,CZ,17.9,si
2020-07,DE,3266.3,si
2020-07,DK,2.4,si
2020-07,EE,0.1,si
2020-07,ES,7013.2,si
2020-07,FI,1.7,si
2020-07,FR,3807.0,si
2020-07,GB,298.6,no
2020-07,GR,7353.4,si
2020-07,HR,9.1,si
2020-07,HU,454.1,si
2020-07,IN,413.2,no
2020-07,JP,0.3,no
2020-07,LT,46.7,si
2020-07,LU,0.5,si
2020-07,LV,3.7,si
2020-07,MT,1.4,si
2020-07,MX,9.4,no
2020-07,MY,3997.9,no
2020-07,NL,4279.8,si
2020-07,PL,1622.0,si
2020-07,PT,5.4,si
2020-07,RO,5.5,si
2020-07,RU,727.7,no
2020-07,SE,270.5,si
2020-07,SI,27.2,si
2020-07,SK,8.1,si
2020-07,TR,30.5,no
2020-07,TW,305.3,no
2020-07,UA,10.1,no
2020-07,US,17.9,no
2020-08,AE,42.0,no
2020-08,AL,12.6,no
2020-08,AT,195.6,si
2020-08,AU,10.8,no
2020-08,BE,4113.0,si
2020-08,BG,4.8,si
2020-08,CA,0.9,no
2020-08,CH,23.6,no
2020-08,CY,0.6,si
2020-08,CZ,13.7,si
2020-08,DE,1719.7,si
2020-08,DK,2.1,si
2020-08,EE,0.0,si
2020-08,ES,5412.8,si
2020-08,FI,1.2,si
2020-08,FR,3078.2,si
2020-08,GB,895.5,no
2020-08,GR,14130.5,si
2020-08,HR,6.2,si
2020-08,HU,406.4,si
2020-08,IN,59.9,no
2020-08,JP,0.8,no
2020-08,KR,1092.9,no
2020-08,LT,64.7,si
2020-08,LU,0.3,si
2020-08,LV,2.7,si
2020-08,MT,1.0,si
2020-08,MX,3.4,no
2020-08,NL,6707.9,si
2020-08,PL,767.2,si
2020-08,PT,5.7,si
2020-08,RO,3.9,si
2020-08,RU,587.4,no
2020-08,SE,275.8,si
2020-08,SI,9.0,si
2020-08,SK,2.5,si
2020-08,TR,62.3,no
2020-08,TW,423.1,no
2020-08,UA,1.7,no
2020-08,US,6.3,no
2020-09,AE,11.3,no
2020-09,AL,30.5,no
2020-09,AT,74.6,si
2020-09,BE,6565.8,si
2020-09,BG,1.2,si
2020-09,CA,0.1,no
2020-09,CH,34.1,no
2020-09,CY,0.9,si
2020-09,CZ,21.5,si
2020-09,DE,2102.8,si
2020-09,DK,352.6,si
2020-09,EE,0.1,si
2020-09,ES,6577.7,si
2020-09,FI,1.8,si
2020-09,FR,3714.7,si
2020-09,GB,2142.8,no
2020-09,GR,360.1,si
2020-09,HR,9.7,si
2020-09,HU,1553.3,si
2020-09,IN,496.6,no
2020-09,JP,6.9,no
2020-09,KR,941.7,no
2020-09,LT,25.0,si
2020-09,LU,0.5,si
2020-09,LV,4.0,si
2020-09,MT,1.5,si
2020-09,MX,4.8,no
2020-09,NL,5455.2,si
2020-09,PL,1670.6,si
2020-09,PT,3.2,si
2020-09,QV,3.9,no
2020-09,RO,6.0,si
2020-09,RU,1036.6,no
2020-09,SE,279.6,si
2020-09,SI,50.1,si
2020-09,SK,388.6,si
2020-09,TH,5.5,no
2020-09,TR,38.3,no
2020-09,TW,421.0,no
2020-09,UA,2.8,no
2020-09,US,33.0,no
2020-10,AE,7.4,no
2020-10,AL,20.2,no
2020-10,AT,125.6,si
2020-10,BE,5938.1,si
2020-10,BG,2.9,si
2020-10,BY,52.1,no
2020-10,CH,24.3,no
2020-10,CY,0.9,si
2020-10,CZ,17.8,si
2020-10,DE,3276.9,si
2020-10,DK,63.0,si
2020-10,EE,0.1,si
2020-10,EG,11.4,no
2020-10,ES,9264.8,si
2020-10,FI,1.8,si
2020-10,FR,4816.6,si
2020-10,GB,14223.6,no
2020-10,GR,689.9,si
2020-10,HR,10.4,si
2020-10,HU,1557.4,si
2020-10,IE,0.0,si
2020-10,IN,515.7,no
2020-10,KR,434.6,no
2020-10,LT,51.7,si
2020-10,LU,0.5,si
2020-10,LV,3.9,si
2020-10,MT,1.4,si
2020-10,MX,8.8,no
2020-10,NL,7497.2,si
2020-10,NO,0.7,no
2020-10,PL,1164.8,si
2020-10,PT,5.9,si
2020-10,QV,1.5,no
2020-10,RO,5.9,si
2020-10,RU,1058.3,no
2020-10,SE,205.3,si
2020-10,SI,19.5,si
2020-10,SK,3.8,si
2020-10,TR,79.7,no
2020-10,TW,706.0,no
2020-10,US,87.8,no
2020-11,AE,0.8,no
2020-11,AL,17.6,no
2020-11,AT,575.4,si
2020-11,BE,6475.9,si
2020-11,BG,8.0,si
2020-11,CH,39.4,no
2020-11,CY,0.9,si
2020-11,CZ,19.3,si
2020-11,DE,3847.7,si
2020-11,DK,948.8,si
2020-11,EE,0.1,si
2020-11,ES,7452.0,si
2020-11,FI,1.8,si
2020-11,FR,4222.2,si
2020-11,GB,9733.8,no
2020-11,GR,14245.4,si
2020-11,HR,10.4,si
2020-11,HU,2313.0,si
2020-11,IE,0.0,si
2020-11,IN,255.9,no
2020-11,JP,2.9,no
2020-11,KR,281.0,no
2020-11,LT,2.9,si
2020-11,LU,0.5,si
2020-11,LV,3.8,si
2020-11,MT,1.4,si
2020-11,MX,4.6,no
2020-11,MY,2497.1,no
2020-11,NL,5078.8,si
2020-11,PL,2307.9,si
2020-11,PT,4.1,si
2020-11,QV,7.7,no
2020-11,RO,5.8,si
2020-11,RU,1125.1,no
2020-11,SE,225.0,si
2020-11,SI,21.3,si
2020-11,SK,4.7,si
2020-11,TR,43.5,no
2020-11,TW,706.2,no
2020-11,UA,2.4,no
2020-11,US,41.5,no
2020-12,AL,28.2,no
2020-12,AT,108.1,si
2020-12,BE,4419.1,si
2020-12,BG,1.1,si
2020-12,CA,1.7,no
2020-12,CH,45.4,no
2020-12,CY,0.8,si
2020-12,CZ,14.5,si
2020-12,DE,4276.2,si
2020-12,DK,3.3,si
2020-12,EE,0.1,si
2020-12,ES,4863.1,si
2020-12,FI,1.7,si
2020-12,FR,4041.2,si
2020-12,GB,530.4,no
2020-12,GR,263.7,si
2020-12,HR,8.3,si
2020-12,HU,729.4,si
2020-12,IN,199.3,no
2020-12,JP,5.8,no
2020-12,KR,320.7,no
2020-12,LT,88.9,si
2020-12,LU,0.5,si
2020-12,LV,3.5,si
2020-12,MT,1.3,si
2020-12,MX,12.0,no
2020-12,MY,994.7,no
2020-12,NL,6341.4,si
2020-12,PL,1696.3,si
2020-12,PT,34.5,si
2020-12,RO,5.1,si
2020-12,RU,993.4,no
2020-12,SE,268.3,si
2020-12,SI,29.1,si
2020-12,SK,3.4,si
2020-12,TH,0.1,no
2020-12,TR,71.9,no
2020-12,TW,806.2,no
2020-12,US,90.5,no
2021-01,AL,31.2,no
2021-01,AT,109.2,si
2021-01,BE,6647.1,si
2021-01,BG,4.0,si
2021-01,CA,0.0,no
2021-01,CH,40.7,no
2021-01,CN,166.2,no
2021-01,CY,0.1,si
2021-01,CZ,74.7,si
2021-01,DE,3037.7,si
2021-01,DK,0.7,si
2021-01,EE,0.5,si
2021-01,ES,4560.0,si
2021-01,FI,2.6,si
2021-01,FR,2146.0,si
2021-01,GB,1.2,no
2021-01,GR,14196.0,si
2021-01,HR,6.0,si
2021-01,HU,1138.7,si
2021-01,IE,0.0,si
2021-01,IN,7.8,no
2021-01,JP,9.3,no
2021-01,KR,570.8,no
2021-01,LT,22.3,si
2021-01,LU,0.1,si
2021-01,LV,2.6,si
2021-01,MR,0.0,no
2021-01,MX,2.7,no
2021-01,NL,3947.5,si
2021-01,PL,1006.0,si
2021-01,PT,5.6,si
2021-01,QV,1.4,no
2021-01,RO,6.4,si
2021-01,RU,787.7,no
2021-01,SE,185.7,si
2021-01,SI,14.1,si
2021-01,SK,1.1,si
2021-01,TR,18.6,no
2021-01,TW,704.9,no
2021-01,US,38.0,no
2021-01,XS,38.1,no
2021-02,AE,6.5,no
2021-02,AL,20.3,no
2021-02,AT,83.4,si
2021-02,BE,7015.8,si
2021-02,BG,5.9,si
2021-02,CH,29.0,no
2021-02,CN,0.3,no
2021-02,CY,0.1,si
2021-02,CZ,64.6,si
2021-02,DE,2932.8,si
2021-02,DK,0.7,si
2021-02,EE,0.6,si
2021-02,ES,8541.6,si
2021-02,FI,2.8,si
2021-02,FR,3062.8,si
2021-02,GB,119.7,no
2021-02,GR,104.0,si
2021-02,HR,5.0,si
2021-02,HU,1135.9,si
2021-02,IN,34.4,no
2021-02,JP,1.0,no
2021-02,LT,27.9,si
2021-02,LU,0.1,si
2021-02,LV,2.8,si
2021-02,MX,5.2,no
2021-02,NL,7919.1,si
2021-02,PL,504.4,si
2021-02,PT,2.0,si
2021-02,RO,10.3,si
2021-02,RU,984.9,no
2021-02,SE,243.6,si
2021-02,SI,23.4,si
2021-02,SK,1.7,si
2021-02,TR,27.6,no
2021-02,UA,2.2,no
2021-02,US,16.1,no
2021-02,XS,59.6,no
2021-02,ZA,0.7,no
2021-03,AL,23.8,no
2021-03,AT,209.8,si
2021-03,BE,9177.8,si
2021-03,BG,10.4,si
2021-03,BR,1.2,no
2021-03,CH,73.3,no
2021-03,CN,1.8,no
2021-03,CY,0.2,si
2021-03,CZ,76.8,si
2021-03,DE,3097.4,si
2021-03,DK,8.4,si
2021-03,EE,0.7,si
2021-03,EG,11.6,no
2021-03,ES,5465.2,si
2021-03,FI,3.4,si
2021-03,FR,3542.0,si
2021-03,GB,1869.7,no
2021-03,GR,14232.0,si
2021-03,HR,6.1,si
2021-03,HU,2446.0,si
2021-03,IE,0.0,si
2021-03,IN,160.3,no
2021-03,JP,8.1,no
2021-03,LT,0.8,si
2021-03,LU,460.1,si
2021-03,LV,3.4,si
2021-03,MX,6.2,no
2021-03,MY,3531.3,no
2021-03,NL,11937.1,si
2021-03,NO,0.1,no
2021-03,PL,807.6,si
2021-03,PT,1.1,si
2021-03,RO,2.1,si
2021-03,RU,1471.0,no
2021-03,SE,286.0,si
2021-03,SI,29.0,si
2021-03,SK,1.5,si
2021-03,TR,37.4,no
2021-03,TW,0.3,no
2021-03,UA,4.0,no
2021-03,US,11.2,no
2021-03,XS,41.9,no
2021-04,AL,1.0,no
2021-04,AT,328.4,si
2021-04,BE,6621.8,si
2021-04,BG,3.7,si
2021-04,CA,103.0,no
2021-04,CH,42.7,no
2021-04,CN,0.7,no
2021-04,CY,0.1,si
2021-04,CZ,39.1,si
2021-04,DE,2060.3,si
2021-04,DK,0.7,si
2021-04,EE,0.6,si
2021-04,EG,11.9,no
2021-04,ES,17451.3,si
2021-04,FI,3.1,si
2021-04,FR,4745.1,si
2021-04,GB,4867.3,no
2021-04,GR,184.2,si
2021-04,HR,4.9,si
2021-04,HU,1798.5,si
2021-04,IE,0.1,si
2021-04,IL,0.6,no
2021-04,IN,519.2,no
2021-04,JP,2.6,no
2021-04,LT,4.1,si
2021-04,LU,0.1,si
2021-04,LV,3.1,si
2021-04,MX,8.6,no
2021-04,NL,8802.9,si
2021-04,NO,0.0,no
2021-04,PL,859.1,si
2021-04,PT,4.7,si
2021-04,QV,0.2,no
2021-04,RO,1.9,si
2021-04,RU,1242.7,no
2021-04,SE,172.8,si
2021-04,SI,36.1,si
2021-04,SK,2.2,si
2021-04,SV,1.1,no
2021-04,TR,63.5,no
2021-04,US,340.3,no
2021-04,XS,105.0,no
2021-05,AL,62.6,no
2021-05,AT,192.2,si
2021-05,BA,81.8,no
2021-05,BE,7018.6,si
2021-05,BG,27.1,si
2021-05,CA,0.4,no
2021-05,CH,52.5,no
2021-05,CY,0.1,si
2021-05,CZ,12.1,si
2021-05,DE,2937.6,si
2021-05,DK,1.5,si
2021-05,EE,0.6,si
2021-05,ES,6953.0,si
2021-05,FI,22.7,si
2021-05,FR,4466.7,si
2021-05,GA,0.0,no
2021-05,GB,2872.0,no
2021-05,GR,6865.1,si
2021-05,HR,5.0,si
2021-05,HU,512.2,si
2021-05,IE,0.1,si
2021-05,IN,1270.2,no
2021-05,JP,0.4,no
2021-05,LT,44.8,si
2021-05,LU,0.1,si
2021-05,LV,3.1,si
2021-05,MX,7.4,no
2021-05,NL,5080.3,si
2021-05,PL,1180.6,si
2021-05,PT,3.8,si
2021-05,QV,6.7,no
2021-05,RO,2.8,si
2021-05,RU,921.9,no
2021-05,SE,190.7,si
2021-05,SI,40.5,si
2021-05,SK,1.3,si
2021-05,TR,56.7,no
2021-05,TW,423.0,no
2021-05,UA,2.1,no
2021-05,US,112.7,no
2021-05,XS,111.0,no
2021-06,AE,345.2,no
2021-06,AL,32.4,no
2021-06,AT,109.3,si
2021-06,BA,413.1,no
2021-06,BE,7321.0,si
2021-06,BG,5.0,si
2021-06,BR,0.0,no
2021-06,BY,162.9,no
2021-06,CA,0.3,no
2021-06,CH,25.6,no
2021-06,CN,1.3,no
2021-06,CY,0.2,si
2021-06,CZ,19.0,si
2021-06,DE,2747.9,si
2021-06,DK,94.4,si
2021-06,EE,0.6,si
2021-06,ES,13031.6,si
2021-06,FI,3.2,si
2021-06,FR,4872.9,si
2021-06,GB,3254.8,no
2021-06,GR,476.0,si
2021-06,HR,6.3,si
2021-06,HU,360.7,si
2021-06,IE,0.1,si
2021-06,IL,12.3,no
2021-06,IN,1008.6,no
2021-06,JP,6.4,no
2021-06,KR,294.8,no
2021-06,LT,24.6,si
2021-06,LU,0.1,si
2021-06,LV,3.2,si
2021-06,MX,7.1,no
2021-06,MY,3953.6,no
2021-06,NL,4655.8,si
2021-06,PL,1329.6,si
2021-06,PT,8.2,si
2021-06,RO,3.8,si
2021-06,RU,1074.6,no
2021-06,SE,101.8,si
2021-06,SI,61.3,si
2021-06,SK,2.0,si
2021-06,TR,132.2,no
2021-06,TW,0.2,no
2021-06,UA,0.7,no
2021-06,US,75.7,no
2021-06,XS,59.4,no
2021-07,AL,60.6,no
2021-07,AT,458.1,si
2021-07,BE,6103.8,si
2021-07,BG,35.0,si
2021-07,CH,26.7,no
2021-07,CN,61.6,no
2021-07,CY,0.1,si
2021-07,CZ,23.5,si
2021-07,DE,2744.4,si
2021-07,DK,0.7,si
2021-07,EE,0.7,si
2021-07,ES,4851.1,si
2021-07,FI,3.1,si
2021-07,FR,4451.0,si
2021-07,GB,210.2,no
2021-07,GR,14196.3,si
2021-07,HR,5.4,si
2021-07,HU,734.9,si
2021-07,IE,0.0,si
2021-07,IN,136.1,no
2021-07,JP,2.8,no
2021-07,KR,97.7,no
2021-07,LT,44.9,si
2021-07,LU,0.1,si
2021-07,LV,3.1,si
2021-07,MX,8.2,no
2021-07,MY,2000.9,no
2021-07,NL,8853.0,si
2021-07,PL,1664.0,si
2021-07,PT,3.9,si
2021-07,RO,2.1,si
2021-07,RU,214.5,no
2021-07,SE,133.8,si
2021-07,SI,45.9,si
2021-07,SK,1.3,si
2021-07,TR,55.6,no
2021-07,TW,305.0,no
2021-07,US,57.6,no
2021-08,AL,21.0,no
2021-08,AT,462.4,si
2021-08,BE,7471.9,si
2021-08,BG,13.6,si
2021-08,CH,14.6,no
2021-08,CY,0.1,si
2021-08,CZ,5.3,si
2021-08,DE,6836.6,si
2021-08,DK,0.5,si
2021-08,EE,0.5,si
2021-08,ES,5129.0,si
2021-08,FI,2.2,si
2021-08,FR,2341.3,si
2021-08,GB,3241.1,no
2021-08,GR,14168.9,si
2021-08,HR,3.3,si
2021-08,HU,735.4,si
2021-08,IE,0.0,si
2021-08,IN,198.9,no
2021-08,JP,2.7,no
2021-08,KR,97.2,no
2021-08,LT,28.0,si
2021-08,LU,0.1,si
2021-08,LV,2.2,si
2021-08,MX,9.6,no
2021-08,MY,3.2,no
2021-08,NL,3775.7,si
2021-08,PL,987.2,si
2021-08,PT,3.7,si
2021-08,RO,6.5,si
2021-08,RU,864.2,no
2021-08,SE,62.8,si
2021-08,SI,32.2,si
2021-08,SK,1.0,si
2021-08,TH,0.4,no
2021-08,TR,79.0,no
2021-08,US,6.7,no
2021-08,XS,15.4,no
2021-09,AL,38.0,no
2021-09,AT,200.7,si
2021-09,BA,99.9,no
2021-09,BE,9790.7,si
2021-09,BG,3.7,si
2021-09,CH,48.5,no
2021-09,CN,0.2,no
2021-09,CY,0.1,si
2021-09,CZ,13.9,si
2021-09,DE,3110.6,si
2021-09,DK,0.8,si
2021-09,EE,0.6,si
2021-09,ES,7234.7,si
2021-09,FI,3.2,si
2021-09,FR,4427.1,si
2021-09,GB,3371.1,no
2021-09,GR,239.2,si
2021-09,HR,4.7,si
2021-09,HU,1906.8,si
2021-09,IE,0.1,si
2021-09,IN,894.7,no
2021-09,JP,6.3,no
2021-09,KR,97.5,no
2021-09,LT,4.7,si
2021-09,LU,0.1,si
2021-09,LV,3.2,si
2021-09,MX,9.6,no
2021-09,MY,15.0,no
2021-09,NL,4760.8,si
2021-09,PL,2852.3,si
2021-09,PT,3.8,si
2021-09,QV,1.9,no
2021-09,RO,3.9,si
2021-09,RU,1026.6,no
2021-09,SE,233.7,si
2021-09,SI,44.1,si
2021-09,SK,1.5,si
2021-09,TR,53.5,no
2021-09,TW,301.7,no
2021-09,UA,1.9,no
2021-09,US,325.9,no
2021-09,XS,61.4,no
2021-10,AL,0.8,no
2021-10,AT,270.5,si
2021-10,AZ,21.3,no
2021-10,BA,54.3,no
2021-10,BE,6777.4,si
2021-10,BG,7.0,si
2021-10,CH,27.3,no
2021-10,CY,0.1,si
2021-10,CZ,26.4,si
2021-10,DE,3339.3,si
2021-10,DK,0.8,si
2021-10,EE,0.7,si
2021-10,ES,8593.0,si
2021-10,FI,3.2,si
2021-10,FR,3621.7,si
2021-10,GB,3021.0,no
2021-10,GR,14219.6,si
2021-10,HR,6.2,si
2021-10,HU,1087.9,si
2021-10,IE,0.1,si
2021-10,IN,1121.8,no
2021-10,JP,0.2,no
2021-10,KR,116.8,no
2021-10,LT,22.6,si
2021-10,LU,0.1,si
2021-10,LV,3.2,si
2021-10,MX,5.8,no
2021-10,NL,7134.6,si
2021-10,PL,1682.6,si
2021-10,PT,4.7,si
2021-10,QV,37.7,no
2021-10,RO,9.8,si
2021-10,RU,1175.1,no
2021-10,SE,133.3,si
2021-10,SI,63.5,si
2021-10,SK,3.5,si
2021-10,TR,97.6,no
2021-10,TW,161.0,no
2021-10,US,19.3,no
2021-10,XS,42.7,no
2021-11,AL,17.6,no
2021-11,AT,90.4,si
2021-11,BE,7476.6,si
2021-11,BG,25.4,si
2021-11,BR,0.0,no
2021-11,CH,25.4,no
2021-11,CN,0.2,no
2021-11,CY,0.2,si
2021-11,CZ,21.5,si
2021-11,DE,2971.9,si
2021-11,DK,0.8,si
2021-11,EE,0.7,si
2021-11,ES,8589.0,si
2021-11,FI,3.5,si
2021-11,FR,3730.5,si
2021-11,GB,250.0,no
2021-11,GR,14247.9,si
2021-11,HR,5.2,si
2021-11,HU,488.8,si
2021-11,IE,0.1,si
2021-11,IN,935.2,no
2021-11,JP,3.2,no
2021-11,KR,38.9,no
2021-11,LT,43.7,si
2021-11,LU,0.1,si
2021-11,LV,3.5,si
2021-11,MX,9.8,no
2021-11,MY,2300.0,no
2021-11,NL,2489.6,si
2021-11,PL,1994.1,si
2021-11,PT,10.3,si
2021-11,QV,0.9,no
2021-11,RO,3.4,si
2021-11,RU,830.5,no
2021-11,SE,137.6,si
2021-11,SI,79.1,si
2021-11,SK,1.5,si
2021-11,TR,61.4,no
2021-11,UA,3.0,no
2021-11,US,207.4,no
2021-11,XS,59.8,no
2021-12,AL,58.8,no
2021-12,AT,415.1,si
2021-12,BA,53.9,no
2021-12,BE,4262.1,si
2021-12,BG,0.9,si
2021-12,CH,38.5,no
2021-12,CN,0.1,no
2021-12,CY,0.2,si
2021-12,CZ,19.8,si
2021-12,DE,2668.3,si
2021-12,DK,0.8,si
2021-12,EE,0.7,si
2021-12,ES,14690.1,si
2021-12,FI,3.5,si
2021-12,FR,4657.7,si
2021-12,GB,328.9,no
2021-12,GR,10076.4,si
2021-12,HR,5.3,si
2021-12,HU,1552.8,si
2021-12,IE,0.1,si
2021-12,IN,96.0,no
2021-12,JP,6.5,no
2021-12,KR,273.2,no
2021-12,LT,24.0,si
2021-12,LU,0.1,si
2021-12,LV,3.5,si
2021-12,MX,8.9,no
2021-12,NL,4459.9,si
2021-12,PL,1280.1,si
2021-12,PT,24.1,si
2021-12,QV,0.4,no
2021-12,QW,0.8,no
2021-12,RO,2.2,si
2021-12,RU,762.5,no
2021-12,SE,116.5,si
2021-12,SI,27.0,si
2021-12,SK,3.1,si
2021-12,TR,70.5,no
2021-12,UA,0.6,no
2021-12,US,13.0,no
2021-12,XS,17.2,no
2022-01,AL,24.7,no
2022-01,AT,809.1,si
2022-01,BA,134.2,no
2022-01,BE,7652.4,si
2022-01,BG,2.1,si
2022-01,CA,0.9,no
2022-01,CH,34.5,no
2022-01,CN,0.8,no
2022-01,CZ,13.5,si
2022-01,DE,2605.1,si
2022-01,DK,0.0,si
2022-01,EG,11.2,no
2022-01,ES,5729.1,si
2022-01,FR,2523.2,si
2022-01,GB,2815.7,no
2022-01,GR,42.9,si
2022-01,HU,819.0,si
2022-01,IE,0.2,si
2022-01,IN,317.2,no
2022-01,JP,6.0,no
2022-01,KR,75.2,no
2022-01,LT,4.5,si
2022-01,MX,6.0,no
2022-01,MY,3749.9,no
2022-01,NL,6869.3,si
2022-01,PL,1863.5,si
2022-01,PT,17.9,si
2022-01,RO,41.7,si
2022-01,RU,1332.7,no
2022-01,SE,179.7,si
2022-01,SI,207.5,si
2022-01,SK,0.1,si
2022-01,TW,140.6,no
2022-01,US,140.3,no
2022-01,XS,17.9,no
2022-02,AE,20.0,no
2022-02,AL,14.6,no
2022-02,AT,289.6,si
2022-02,BA,219.3,no
2022-02,BE,10554.0,si
2022-02,BG,12.1,si
2022-02,CH,27.9,no
2022-02,CZ,11.0,si
2022-02,DE,3610.1,si
2022-02,DK,0.6,si
2022-02,ES,16781.0,si
2022-02,FI,0.0,si
2022-02,FR,4093.2,si
2022-02,GB,2080.5,no
2022-02,GR,14327.4,si
2022-02,HR,0.5,si
2022-02,HU,1167.4,si
2022-02,IE,0.5,si
2022-02,IN,119.5,no
2022-02,KR,0.5,no
2022-02,LT,7.7,si
2022-02,LU,0.0,si
2022-02,MX,8.5,no
2022-02,NL,5661.1,si
2022-02,PL,1796.4,si
2022-02,PT,22.5,si
2022-02,QV,1.2,no
2022-02,RO,52.9,si
2022-02,RU,1494.3,no
2022-02,SE,174.9,si
2022-02,SI,172.4,si
2022-02,SK,1.6,si
2022-02,TR,58.9,no
2022-02,TW,160.6,no
2022-02,US,178.5,no
2022-02,XS,79.0,no
2022-03,AL,18.2,no
2022-03,AT,552.4,si
2022-03,BE,9203.8,si
2022-03,BG,0.6,si
2022-03,BR,1.6,no
2022-03,CH,46.9,no
2022-03,CN,2.7,no
2022-03,CZ,14.5,si
2022-03,DE,4284.3,si
2022-03,ES,13598.8,si
2022-03,FR,4460.4,si
2022-03,GB,339.8,no
2022-03,GR,356.1,si
2022-03,HR,45.3,si
2022-03,HU,1834.8,si
2022-03,IN,159.1,no
2022-03,JP,5.7,no
2022-03,KR,0.3,no
2022-03,MT,10.9,si
2022-03,MX,13.9,no
2022-03,NL,4427.0,si
2022-03,NO,0.7,no
2022-03,PL,2251.1,si
2022-03,PT,22.6,si
2022-03,QV,6.2,no
2022-03,RO,3.7,si
2022-03,RU,1025.7,no
2022-03,SE,178.7,si
2022-03,SI,316.1,si
2022-03,SK,0.1,si
2022-03,TR,61.0,no
2022-03,US,354.4,no
2022-03,XS,18.4,no
2022-04,AL,17.4,no
2022-04,AT,419.3,si
2022-04,AW,0.0,no
2022-04,BE,8454.5,si
2022-04,BG,3.3,si
2022-04,CA,0.2,no
2022-04,CH,21.3,no
2022-04,CZ,35.5,si
2022-04,DE,3506.5,si
2022-04,DK,1433.0,si
2022-04,EE,10.3,si
2022-04,ES,10641.3,si
2022-04,FI,38.8,si
2022-04,FR,4818.1,si
2022-04,GB,291.6,no
2022-04,GR,14194.4,si
2022-04,HR,109.7,si
2022-04,HU,1696.1,si
2022-04,IE,0.0,si
2022-04,IN,477.8,no
2022-04,JP,9.1,no
2022-04,KR,375.2,no
2022-04,LT,5.3,si
2022-04,LU,0.0,si
2022-04,LV,4.3,si
2022-04,MT,2.6,si
2022-04,MX,13.2,no
2022-04,NL,3133.4,si
2022-04,PL,1625.2,si
2022-04,PT,1.8,si
2022-04,QV,25.7,no
2022-04,RO,0.0,si
2022-04,RU,297.3,no
2022-04,SE,217.6,si
2022-04,SI,272.1,si
2022-04,SK,0.0,si
2022-04,TH,0.2,no
2022-04,TR,68.0,no
2022-04,TW,100.3,no
2022-04,UA,1.6,no
2022-04,US,166.3,no
2022-05,AT,621.9,si
2022-05,AZ,161.0,no
2022-05,BE,21948.1,si
2022-05,BG,2.1,si
2022-05,CA,1.8,no
2022-05,CH,39.3,no
2022-05,CN,1.7,no
2022-05,CZ,71.6,si
2022-05,DE,5693.2,si
2022-05,DK,0.0,si
2022-05,EE,26.5,si
2022-05,ES,14905.0,si
2022-05,FI,102.2,si
2022-05,FR,4118.6,si
2022-05,GB,5120.9,no
2022-05,GR,251.8,si
2022-05,HR,90.7,si
2022-05,HU,2184.9,si
2022-05,IE,0.0,si
2022-05,IL,1.4,no
2022-05,IN,1013.2,no
2022-05,JP,3.5,no
2022-05,KR,425.4,no
2022-05,LU,0.0,si
2022-05,MX,8.5,no
2022-05,MY,3558.1,no
2022-05,NL,6714.6,si
2022-05,PL,1954.4,si
2022-05,PT,5.5,si
2022-05,QV,1.1,no
2022-05,RO,2.1,si
2022-05,RU,571.6,no
2022-05,SE,199.1,si
2022-05,SI,191.3,si
2022-05,SK,0.0,si
2022-05,TR,62.6,no
2022-05,TW,100.5,no
2022-05,UA,4.0,no
2022-05,US,191.0,no
2022-05,XS,23.6,no
2022-06,AL,3.2,no
2022-06,AT,309.4,si
2022-06,AZ,300.0,no
2022-06,BE,12868.7,si
2022-06,BG,5.1,si
2022-06,CA,0.3,no
2022-06,CH,27.4,no
2022-06,CN,0.5,no
2022-06,CZ,11.4,si
2022-06,DE,4602.3,si
2022-06,DK,2.2,si
2022-06,EE,0.0,si
2022-06,ES,6760.4,si
2022-06,FI,37.3,si
2022-06,FR,3551.7,si
2022-06,GB,1814.9,no
2022-06,GR,19853.2,si
2022-06,HR,77.5,si
2022-06,HU,1403.5,si
2022-06,IN,515.0,no
2022-06,JP,7.2,no
2022-06,KR,200.0,no
2022-06,LT,7.3,si
2022-06,LU,0.0,si
2022-06,MA,0.3,no
2022-06,MX,7.1,no
2022-06,NL,3732.7,si
2022-06,NO,0.0,no
2022-06,PL,725.1,si
2022-06,PT,29.8,si
2022-06,QV,1.1,no
2022-06,RO,0.7,si
2022-06,RU,568.6,no
2022-06,SE,137.2,si
2022-06,SI,206.7,si
2022-06,SK,0.1,si
2022-06,TR,86.1,no
2022-06,UA,2.4,no
2022-06,US,60.4,no
2022-06,XS,22.4,no
2022-07,AE,325.3,no
2022-07,AL,20.6,no
2022-07,AT,372.9,si
2022-07,AZ,40.0,no
2022-07,BE,8432.1,si
2022-07,BG,3.2,si
2022-07,CA,135.9,no
2022-07,CH,31.3,no
2022-07,CN,4.3,no
2022-07,CZ,108.9,si
2022-07,DE,4039.6,si
2022-07,EG,123.2,no
2022-07,ES,9376.9,si
2022-07,FI,179.2,si
2022-07,FR,3227.5,si
2022-07,GB,4517.8,no
2022-07,GR,14360.5,si
2022-07,HR,110.6,si
2022-07,HU,1588.9,si
2022-07,IE,0.0,si
2022-07,IN,457.6,no
2022-07,JP,5.5,no
2022-07,KR,100.0,no
2022-07,LU,0.1,si
2022-07,MX,13.8,no
2022-07,NL,3925.2,si
2022-07,NO,0.1,no
2022-07,PL,876.0,si
2022-07,PT,9.9,si
2022-07,QV,4.0,no
2022-07,RO,0.2,si
2022-07,RU,573.8,no
2022-07,SA,123.7,no
2022-07,SE,180.2,si
2022-07,SI,219.5,si
2022-07,SK,0.5,si
2022-07,TR,74.8,no
2022-07,TW,383.9,no
2022-07,US,41.3,no
2022-07,XS,74.0,no
2022-08,AL,21.6,no
2022-08,AR,0.0,no
2022-08,AT,194.3,si
2022-08,BE,6654.6,si
2022-08,BG,5.2,si
2022-08,CH,21.0,no
2022-08,CN,0.7,no
2022-08,CZ,12.0,si
2022-08,DE,4894.6,si
2022-08,DK,0.4,si
2022-08,EE,43.1,si
2022-08,EG,20.4,no
2022-08,ES,12469.0,si
2022-08,FI,21.0,si
2022-08,FR,2240.6,si
2022-08,GB,3392.8,no
2022-08,GR,352.7,si
2022-08,HR,39.2,si
2022-08,HU,1656.8,si
2022-08,IN,289.4,no
2022-08,KR,300.5,no
2022-08,LT,8.8,si
2022-08,MT,7.5,si
2022-08,MX,6.9,no
2022-08,NL,1988.4,si
2022-08,PL,365.2,si
2022-08,PT,23.6,si
2022-08,QV,4.1,no
2022-08,RO,2.0,si
2022-08,RU,456.7,no
2022-08,SE,64.7,si
2022-08,SI,85.6,si
2022-08,SK,0.1,si
2022-08,TR,212.6,no
2022-08,TW,304.2,no
2022-08,US,49.6,no
2022-08,XS,48.8,no
2022-09,AL,18.5,no
2022-09,AT,206.1,si
2022-09,AZ,59.8,no
2022-09,BA,134.9,no
2022-09,BE,9622.8,si
2022-09,BG,1.6,si
2022-09,CA,1.5,no
2022-09,CH,37.9,no
2022-09,CN,0.9,no
2022-09,CZ,12.1,si
2022-09,DE,3329.3,si
2022-09,DK,713.8,si
2022-09,EE,0.1,si
2022-09,ES,7999.7,si
2022-09,FI,59.1,si
2022-09,FR,2894.3,si
2022-09,GB,1976.8,no
2022-09,GR,14235.4,si
2022-09,HR,24.0,si
2022-09,HU,1021.2,si
2022-09,IN,673.2,no
2022-09,JP,7.5,no
2022-09,KR,0.7,no
2022-09,LT,43.8,si
2022-09,LU,0.0,si
2022-09,LV,0.0,si
2022-09,MX,14.5,no
2022-09,NL,4340.1,si
2022-09,NO,0.7,no
2022-09,PL,1452.0,si
2022-09,PT,9.5,si
2022-09,QV,0.2,no
2022-09,RO,0.7,si
2022-09,RU,54.1,no
2022-09,SE,143.2,si
2022-09,SI,55.6,si
2022-09,SK,0.1,si
2022-09,TR,496.7,no
2022-09,TW,141.1,no
2022-09,US,29.3,no
2022-09,XS,57.0,no
2022-10,AL,19.8,no
2022-10,AR,0.0,no
2022-10,AT,440.8,si
2022-10,AZ,59.6,no
2022-10,BE,8533.0,si
2022-10,BG,7.4,si
2022-10,CH,28.2,no
2022-10,CN,1.1,no
2022-10,CZ,28.5,si
2022-10,DE,3500.7,si
2022-10,DK,2.1,si
2022-10,EE,110.0,si
2022-10,ES,8932.7,si
2022-10,FI,34.3,si
2022-10,FR,3919.0,si
2022-10,GB,337.2,no
2022-10,GR,14102.7,si
2022-10,HR,40.1,si
2022-10,HU,1356.3,si
2022-10,IE,0.6,si
2022-10,IN,1275.3,no
2022-10,JP,2.7,no
2022-10,LT,1.4,si
2022-10,MX,8.3,no
2022-10,MY,2802.3,no
2022-10,NL,5116.8,si
2022-10,PL,2260.3,si
2022-10,PT,29.2,si
2022-10,QV,1.9,no
2022-10,RO,0.2,si
2022-10,RU,378.2,no
2022-10,SE,182.8,si
2022-10,SI,208.9,si
2022-10,SK,2.3,si
2022-10,TH,0.2,no
2022-10,TR,244.2,no
2022-10,TW,202.8,no
2022-10,US,36.7,no
2022-10,XS,0.4,no
2022-11,AO,0.1,no
2022-11,AT,1131.5,si
2022-11,AZ,318.5,no
2022-11,BE,7715.9,si
2022-11,BG,0.0,si
2022-11,CA,0.0,no
2022-11,CH,39.7,no
2022-11,CN,0.3,no
2022-11,CZ,26.3,si
2022-11,DE,3132.9,si
2022-11,DK,3.6,si
2022-11,ES,10512.0,si
2022-11,FI,33.9,si
2022-11,FR,3770.6,si
2022-11,GB,3069.4,no
2022-11,GR,14391.1,si
2022-11,HR,98.7,si
2022-11,HU,889.6,si
2022-11,IE,0.0,si
2022-11,IN,1158.1,no
2022-11,JP,2.4,no
2022-11,KR,0.2,no
2022-11,LU,0.2,si
2022-11,LV,0.0,si
2022-11,MX,9.9,no
2022-11,NL,3542.9,si
2022-11,PL,672.3,si
2022-11,PT,11.9,si
2022-11,QV,0.0,no
2022-11,RO,0.2,si
2022-11,RU,379.9,no
2022-11,SE,121.3,si
2022-11,SI,177.1,si
2022-11,SK,0.0,si
2022-11,TH,0.5,no
2022-11,TR,250.5,no
2022-11,UA,0.5,no
2022-11,US,1104.7,no
2022-12,AL,17.1,no
2022-12,AT,218.8,si
2022-12,BE,5734.7,si
2022-12,BG,1.7,si
2022-12,CH,33.2,no
2022-12,CN,0.5,no
2022-12,CZ,13.2,si
2022-12,DE,2334.1,si
2022-12,DK,1.6,si
2022-12,EE,14.7,si
2022-12,ES,7095.8,si
2022-12,FR,3132.5,si
2022-12,GB,193.1,no
2022-12,GR,10204.4,si
2022-12,HR,18.5,si
2022-12,HU,1799.4,si
2022-12,IE,0.6,si
2022-12,IL,15.6,no
2022-12,IN,239.1,no
2022-12,JP,7.4,no
2022-12,KR,0.7,no
2022-12,LU,0.0,si
2022-12,LV,15.1,si
2022-12,MX,8.3,no
2022-12,MY,3323.6,no
2022-12,NL,2542.1,si
2022-12,NO,0.0,no
2022-12,PL,562.5,si
2022-12,PT,38.0,si
2022-12,RO,0.5,si
2022-12,RU,53.1,no
2022-12,SE,83.0,si
2022-12,SI,182.4,si
2022-12,SK,0.0,si
2022-12,TR,39.4,no
2022-12,TW,241.2,no
2022-12,US,37.7,no
2023-01,AT,232.1,si
2023-01,BE,6735.7,si
2023-01,BG,39.4,si
2023-01,CA,0.1,no
2023-01,CH,16.4,no
2023-01,CN,11.2,no
2023-01,CZ,34.8,si
2023-01,DE,4166.9,si
2023-01,DK,0.1,si
2023-01,ES,11123.4,si
2023-01,FI,53.2,si
2023-01,FR,2817.0,si
2023-01,GB,206.8,no
2023-01,GR,216.6,si
2023-01,HR,57.9,si
2023-01,HU,840.1,si
2023-01,IE,0.2,si
2023-01,IN,1206.3,no
2023-01,JP,0.2,no
2023-01,LT,26.2,si
2023-01,LU,0.0,si
2023-01,LV,5.4,si
2023-01,MX,7.0,no
2023-01,MY,15.5,no
2023-01,NL,2651.4,si
2023-01,PL,627.8,si
2023-01,PT,136.2,si
2023-01,RO,2.4,si
2023-01,RU,26.6,no
2023-01,SE,37.8,si
2023-01,SI,567.9,si
2023-01,SK,0.0,si
2023-01,TR,21.6,no
2023-01,TW,707.4,no
2023-01,US,1017.8,no
2023-02,AL,18.2,no
2023-02,AT,304.0,si
2023-02,BE,6835.4,si
2023-02,BG,44.6,si
2023-02,CA,0.1,no
2023-02,CH,20.5,no
2023-02,CN,0.9,no
2023-02,CY,2.0,si
2023-02,CZ,46.1,si
2023-02,DE,6038.8,si
2023-02,EG,105.1,no
2023-02,ES,6610.5,si
2023-02,FI,18.4,si
2023-02,FR,3819.2,si
2023-02,GB,4737.2,no
2023-02,GR,4258.1,si
2023-02,HR,37.3,si
2023-02,HU,1235.4,si
2023-02,IN,1783.8,no
2023-02,JP,2.6,no
2023-02,KR,0.1,no
2023-02,LT,17.5,si
2023-02,LU,0.0,si
2023-02,LV,0.5,si
2023-02,MX,9.9,no
2023-02,NL,12896.5,si
2023-02,PL,1431.3,si
2023-02,PT,8.8,si
2023-02,QV,0.1,no
2023-02,RO,2.1,si
2023-02,SE,36.9,si
2023-02,SI,219.1,si
2023-02,TR,241.4,no
2023-02,TW,301.2,no
2023-02,UA,1.7,no
2023-02,US,855.3,no
2023-03,AL,17.7,no
2023-03,AT,349.8,si
2023-03,BE,8804.9,si
2023-03,BG,53.6,si
2023-03,CA,1.8,no
2023-03,CH,26.4,no
2023-03,CY,2.0,si
2023-03,CZ,43.8,si
2023-03,DE,5310.7,si
2023-03,DK,0.7,si
2023-03,EG,101.6,no
2023-03,ES,9025.2,si
2023-03,FI,72.2,si
2023-03,FR,3751.9,si
2023-03,GB,2964.1,no
2023-03,GR,297.0,si
2023-03,HR,41.9,si
2023-03,HU,1372.8,si
2023-03,IN,575.7,no
2023-03,JP,8.3,no
2023-03,KR,0.4,no
2023-03,LT,8.2,si
2023-03,LV,0.6,si
2023-03,MX,8.6,no
2023-03,NL,6235.1,si
2023-03,PL,970.7,si
2023-03,PT,13.6,si
2023-03,RO,2.5,si
2023-03,SE,71.1,si
2023-03,SI,490.6,si
2023-03,SK,0.8,si
2023-03,TR,43.0,no
2023-03,TW,725.7,no
2023-03,US,411.0,no
2023-04,AL,109.2,no
2023-04,AT,254.2,si
2023-04,BE,8842.1,si
2023-04,BG,86.0,si
2023-04,BR,1.8,no
2023-04,CH,41.5,no
2023-04,CN,0.7,no
2023-04,CZ,47.5,si
2023-04,DE,3827.1,si
2023-04,DK,0.0,si
2023-04,EG,301.4,no
2023-04,ES,2426.4,si
2023-04,FI,18.1,si
2023-04,FR,3579.8,si
2023-04,GB,2137.1,no
2023-04,GR,388.2,si
2023-04,HR,51.3,si
2023-04,HU,1309.7,si
2023-04,IN,298.6,no
2023-04,JP,0.7,no
2023-04,KR,50.2,no
2023-04,LT,23.5,si
2023-04,LU,0.0,si
2023-04,LV,0.9,si
2023-04,MX,4.8,no
2023-04,MY,3655.6,no
2023-04,NL,4039.7,si
2023-04,PL,595.5,si
2023-04,PT,9.1,si
2023-04,RO,0.9,si
2023-04,SE,60.5,si
2023-04,SI,221.3,si
2023-04,SK,12.6,si
2023-04,TR,43.7,no
2023-04,TW,505.7,no
2023-04,UA,0.8,no
2023-04,US,12.8,no
2023-05,AE,59.3,no
2023-05,AL,160.9,no
2023-05,AT,254.6,si
2023-05,BE,9783.7,si
2023-05,BG,106.2,si
2023-05,CA,1.5,no
2023-05,CH,27.9,no
2023-05,CN,0.7,no
2023-05,CZ,65.8,si
2023-05,DE,5714.3,si
2023-05,DK,0.7,si
2023-05,EG,20.5,no
2023-05,ES,8216.2,si
2023-05,FI,36.1,si
2023-05,FR,4305.0,si
2023-05,GB,1686.8,no
2023-05,GR,4132.8,si
2023-05,HR,83.2,si
2023-05,HU,1322.7,si
2023-05,IN,1042.4,no
2023-05,JP,5.8,no
2023-05,KR,225.4,no
2023-05,LT,6.3,si
2023-05,LU,0.1,si
2023-05,LV,0.5,si
2023-05,MX,13.4,no
2023-05,NL,12808.8,si
2023-05,NO,1.6,no
2023-05,PL,705.5,si
2023-05,PT,12.6,si
2023-05,RO,6.5,si
2023-05,SE,93.7,si
2023-05,SI,127.1,si
2023-05,SK,14.9,si
2023-05,TR,58.0,no
2023-05,TW,1106.5,no
2023-05,US,277.2,no
2023-06,AL,52.6,no
2023-06,AO,0.0,no
2023-06,AT,125.3,si
2023-06,BE,10252.5,si
2023-06,BG,25.3,si
2023-06,CA,1.3,no
2023-06,CH,19.3,no
2023-06,CZ,155.0,si
2023-06,DE,5214.2,si
2023-06,DK,1.0,si
2023-06,EG,203.0,no
2023-06,ES,8777.7,si
2023-06,FI,0.0,si
2023-06,FR,4320.8,si
2023-06,GB,315.7,no
2023-06,GR,404.6,si
2023-06,HR,34.1,si
2023-06,HU,1268.7,si
2023-06,IN,678.4,no
2023-06,JP,4.1,no
2023-06,KR,0.2,no
2023-06,KW,0.0,no
2023-06,LT,10.5,si
2023-06,LU,0.1,si
2023-06,LV,1.1,si
2023-06,MT,0.1,si
2023-06,MX,7.5,no
2023-06,NL,2697.0,si
2023-06,PL,736.0,si
2023-06,PT,176.6,si
2023-06,RO,4.8,si
2023-06,SE,112.1,si
2023-06,SI,123.4,si
2023-06,TR,91.6,no
2023-06,TW,223.4,no
2023-06,US,1667.3,no
2023-07,AE,28.0,no
2023-07,AL,146.3,no
2023-07,AT,649.4,si
2023-07,BE,9716.2,si
2023-07,BG,58.5,si
2023-07,CA,4.1,no
2023-07,CH,40.1,no
2023-07,CN,0.8,no
2023-07,CZ,91.2,si
2023-07,DE,4739.1,si
2023-07,DK,2.1,si
2023-07,EG,182.2,no
2023-07,ES,17358.3,si
2023-07,FI,20.5,si
2023-07,FR,4496.3,si
2023-07,GB,314.8,no
2023-07,GR,4351.3,si
2023-07,HR,32.8,si
2023-07,HU,1150.8,si
2023-07,IN,354.5,no
2023-07,JP,0.6,no
2023-07,KR,0.9,no
2023-07,LT,9.3,si
2023-07,LU,0.1,si
2023-07,MX,9.3,no
2023-07,NL,9084.1,si
2023-07,PL,1849.3,si
2023-07,PT,105.0,si
2023-07,RO,0.0,si
2023-07,SE,164.7,si
2023-07,SI,435.2,si
2023-07,SK,0.2,si
2023-07,TR,18.1,no
2023-07,TW,301.0,no
2023-07,US,1324.9,no
2023-08,AL,25.5,no
2023-08,AT,129.1,si
2023-08,BA,3.2,no
2023-08,BE,5444.3,si
2023-08,BG,0.1,si
2023-08,BY,0.6,no
2023-08,CA,0.2,no
2023-08,CH,13.2,no
2023-08,CZ,28.9,si
2023-08,DE,3394.2,si
2023-08,DK,0.3,si
2023-08,EG,181.2,no
2023-08,ES,10899.0,si
2023-08,FI,0.0,si
2023-08,FR,3456.7,si
2023-08,GB,116.6,no
2023-08,GR,14203.6,si
2023-08,HR,1.7,si
2023-08,HU,936.8,si
2023-08,IN,484.9,no
2023-08,JP,0.9,no
2023-08,LT,14.2,si
2023-08,LU,0.3,si
2023-08,LV,0.6,si
2023-08,MX,6.4,no
2023-08,NL,8114.1,si
2023-08,PL,1691.5,si
2023-08,PT,7.5,si
2023-08,RO,1.3,si
2023-08,SE,45.2,si
2023-08,SI,309.4,si
2023-08,SK,19.7,si
2023-08,TR,98.2,no
2023-08,US,1023.9,no
2023-09,AL,111.5,no
2023-09,AT,119.3,si
2023-09,BE,9868.4,si
2023-09,BG,64.3,si
2023-09,CA,0.2,no
2023-09,CH,20.1,no
2023-09,CN,0.0,no
2023-09,CY,0.1,si
2023-09,CZ,33.9,si
2023-09,DE,4600.4,si
2023-09,DK,2.0,si
2023-09,EG,102.3,no
2023-09,ES,3932.8,si
2023-09,FR,3032.8,si
2023-09,GB,3486.0,no
2023-09,GR,4293.2,si
2023-09,HR,32.3,si
2023-09,HU,982.6,si
2023-09,IN,240.5,no
2023-09,JP,0.3,no
2023-09,KR,0.1,no
2023-09,LT,20.4,si
2023-09,LV,0.9,si
2023-09,MX,6.8,no
2023-09,MY,2283.2,no
2023-09,NL,9950.4,si
2023-09,NO,1.0,no
2023-09,PL,1547.9,si
2023-09,PT,12.1,si
2023-09,QV,5.6,no
2023-09,RO,0.3,si
2023-09,SE,131.5,si
2023-09,SI,473.6,si
2023-09,SK,6.9,si
2023-09,TR,57.2,no
2023-09,TW,423.4,no
2023-09,UA,1.8,no
2023-09,US,1330.6,no
2023-10,AL,115.0,no
2023-10,AT,119.7,si
2023-10,BE,11104.5,si
2023-10,BG,53.4,si
2023-10,CA,0.9,no
2023-10,CH,36.9,no
2023-10,CN,0.1,no
2023-10,CZ,35.7,si
2023-10,DE,5390.2,si
2023-10,DK,0.3,si
2023-10,EG,676.3,no
2023-10,ES,4177.3,si
2023-10,FI,0.1,si
2023-10,FR,6514.5,si
2023-10,GB,4411.5,no
2023-10,GR,14544.9,si
2023-10,HR,39.7,si
2023-10,HU,1057.6,si
2023-10,IN,660.7,no
2023-10,JP,7.8,no
2023-10,KR,0.2,no
2023-10,LT,10.7,si
2023-10,LU,1.0,si
2023-10,LV,10.5,si
2023-10,MR,0.0,no
2023-10,MX,3.9,no
2023-10,NL,16941.8,si
2023-10,PL,2327.0,si
2023-10,PT,16.5,si
2023-10,RO,1.6,si
2023-10,SE,180.4,si
2023-10,SI,197.2,si
2023-10,SK,0.0,si
2023-10,TH,0.6,no
2023-10,TR,15.4,no
2023-10,TW,484.4,no
2023-10,US,709.6,no
2023-10,UZ,17.6,no
2023-11,AL,107.6,no
2023-11,AR,0.0,no
2023-11,AT,234.4,si
2023-11,AZ,21.0,no
2023-11,BE,8228.8,si
2023-11,BG,26.4,si
2023-11,CA,0.1,no
2023-11,CH,23.5,no
2023-11,CN,0.2,no
2023-11,CZ,60.5,si
2023-11,DE,3827.4,si
2023-11,DK,3.8,si
2023-11,EG,347.6,no
2023-11,ES,5611.0,si
2023-11,FR,3950.7,si
2023-11,GB,425.3,no
2023-11,GR,4326.4,si
2023-11,HR,31.0,si
2023-11,HU,1008.6,si
2023-11,IN,1493.7,no
2023-11,JP,5.6,no
2023-11,KR,0.1,no
2023-11,LV,1.6,si
2023-11,MX,10.3,no
2023-11,NL,8616.0,si
2023-11,PL,1756.3,si
2023-11,PT,46.3,si
2023-11,RO,0.3,si
2023-11,SE,253.3,si
2023-11,SI,315.6,si
2023-11,TR,0.8,no
2023-11,TW,140.4,no
2023-11,US,2033.9,no
2023-11,UZ,140.8,no
2023-12,AL,23.5,no
2023-12,AT,162.5,si
2023-12,BE,7165.0,si
2023-12,CA,0.1,no
2023-12,CH,18.6,no
2023-12,CN,0.7,no
2023-12,CZ,31.8,si
2023-12,DE,2959.8,si
2023-12,DK,0.1,si
2023-12,EG,349.4,no
2023-12,ES,8377.0,si
2023-12,FR,3540.5,si
2023-12,GB,101.2,no
2023-12,GR,4164.9,si
2023-12,HR,0.8,si
2023-12,HU,1086.5,si
2023-12,IN,100.0,no
2023-12,LU,0.1,si
2023-12,MX,6.9,no
2023-12,NL,4988.2,si
2023-12,NO,0.0,no
2023-12,PL,1028.3,si
2023-12,PT,61.6,si
2023-12,RO,0.2,si
2023-12,SA,0.0,no
2023-12,SE,200.9,si
2023-12,SI,378.7,si
2023-12,SK,0.1,si
2023-12,TR,37.6,no
2023-12,TW,401.4,no
2023-12,UA,2.1,no
2023-12,US,23.7,no
2023-12,UZ,848.4,no
2024-01,AL,65.3,no
2024-01,AT,161.6,si
2024-01,BE,8607.6,si
2024-01,BG,12.5,si
2024-01,BR,0.0,no
2024-01,CH,17.3,no
2024-01,CZ,39.6,si
2024-01,DE,4967.8,si
2024-01,DK,0.1,si
2024-01,EG,204.6,no
2024-01,ES,2561.1,si
2024-01,FI,58.7,si
2024-01,FR,4040.6,si
2024-01,GB,4294.5,no
2024-01,GH,0.0,no
2024-01,GR,347.6,si
2024-01,HR,89.3,si
2024-01,HU,710.6,si
2024-01,IN,125.7,no
2024-01,JP,7.2,no
2024-01,KR,39.8,no
2024-01,LT,26.8,si
2024-01,LU,2.1,si
2024-01,LV,16.1,si
2024-01,MX,6.3,no
2024-01,MY,1783.6,no
2024-01,NL,14470.8,si
2024-01,NO,0.2,no
2024-01,PL,874.9,si
2024-01,PT,1.4,si
2024-01,QV,1.8,no
2024-01,RO,0.5,si
2024-01,SE,310.8,si
2024-01,SI,65.7,si
2024-01,SK,0.1,si
2024-01,TR,78.7,no
2024-01,UA,2.8,no
2024-01,US,531.2,no
2024-01,UZ,277.2,no
2024-02,AL,70.6,no
2024-02,AT,214.0,si
2024-02,BE,8966.0,si
2024-02,CA,0.4,no
2024-02,CH,20.4,no
2024-02,CZ,31.7,si
2024-02,DE,4495.8,si
2024-02,DK,0.2,si
2024-02,EG,600.0,no
2024-02,ES,1764.7,si
2024-02,FI,0.1,si
2024-02,FR,7608.5,si
2024-02,GB,252.4,no
2024-02,GR,446.6,si
2024-02,HR,56.2,si
2024-02,HU,1085.8,si
2024-02,IE,0.7,si
2024-02,IN,45.6,no
2024-02,JP,0.3,no
2024-02,KR,59.4,no
2024-02,LT,3.0,si
2024-02,LU,0.1,si
2024-02,LV,25.6,si
2024-02,MX,7.1,no
2024-02,MY,3108.3,no
2024-02,NL,8804.9,si
2024-02,PL,688.8,si
2024-02,PT,1.3,si
2024-02,QV,0.0,no
2024-02,RO,2.1,si
2024-02,SA,63.0,no
2024-02,SE,291.0,si
2024-02,SI,264.4,si
2024-02,SK,0.8,si
2024-02,US,2142.6,no
2024-03,AL,87.0,no
2024-03,AR,0.0,no
2024-03,AT,259.0,si
2024-03,AZ,205.6,no
2024-03,BE,9963.6,si
2024-03,BG,10.9,si
2024-03,CA,2.4,no
2024-03,CH,29.7,no
2024-03,CN,0.6,no
2024-03,CZ,50.4,si
2024-03,DE,5713.3,si
2024-03,DK,6.7,si
2024-03,EG,412.9,no
2024-03,ES,9437.7,si
2024-03,FR,3453.5,si
2024-03,GB,287.5,no
2024-03,GR,14320.5,si
2024-03,HR,40.9,si
2024-03,HU,1355.7,si
2024-03,IE,1.5,si
2024-03,IN,300.5,no
2024-03,JP,0.3,no
2024-03,KR,0.1,no
2024-03,LT,23.6,si
2024-03,LU,0.2,si
2024-03,LV,26.2,si
2024-03,MX,13.0,no
2024-03,NL,9102.0,si
2024-03,PL,1527.5,si
2024-03,QV,5.0,no
2024-03,RO,49.8,si
2024-03,SE,138.0,si
2024-03,SI,138.5,si
2024-03,SK,0.0,si
2024-03,TN,0.2,no
2024-03,TR,14.7,no
2024-03,UA,1.7,no
2024-03,US,1830.4,no
2024-04,AL,23.5,no
2024-04,AT,175.0,si
2024-04,AZ,20.9,no
2024-04,BE,8392.4,si
2024-04,BG,8.6,si
2024-04,CH,29.3,no
2024-04,CZ,15.2,si
2024-04,DE,3907.9,si
2024-04,DK,1.2,si
2024-04,EE,0.6,si
2024-04,EG,461.0,no
2024-04,ES,15124.2,si
2024-04,FR,2848.5,si
2024-04,GB,211.4,no
2024-04,GR,14262.5,si
2024-04,HR,43.8,si
2024-04,HU,813.6,si
2024-04,IN,739.1,no
2024-04,JP,2.6,no
2024-04,KR,0.4,no
2024-04,LV,46.5,si
2024-04,MX,5.4,no
2024-04,NL,7474.3,si
2024-04,PL,1681.0,si
2024-04,PT,9.3,si
2024-04,RO,20.9,si
2024-04,SE,150.3,si
2024-04,SI,64.9,si
2024-04,SK,0.5,si
2024-04,TR,28.1,no
2024-04,TW,401.7,no
2024-04,UA,1.8,no
2024-04,US,2219.9,no
2024-04,UZ,213.3,no
2024-05,AE,26.8,no
2024-05,AL,64.2,no
2024-05,AT,82.8,si
2024-05,AZ,40.7,no
2024-05,BE,9622.0,si
2024-05,BG,1.8,si
2024-05,BR,0.8,no
2024-05,CA,1.3,no
2024-05,CH,35.6,no
2024-05,CZ,53.7,si
2024-05,DE,4002.6,si
2024-05,DK,0.4,si
2024-05,EE,45.4,si
2024-05,EG,371.7,no
2024-05,ES,9562.7,si
2024-05,FI,0.1,si
2024-05,FR,2865.2,si
2024-05,GB,166.3,no
2024-05,GR,14194.5,si
2024-05,HR,24.3,si
2024-05,HU,1133.8,si
2024-05,IN,610.9,no
2024-05,JP,9.1,no
2024-05,KR,0.4,no
2024-05,LT,18.5,si
2024-05,LU,0.2,si
2024-05,LV,1.0,si
2024-05,MT,0.0,si
2024-05,MX,6.3,no
2024-05,MY,4083.4,no
2024-05,NL,8576.6,si
2024-05,NO,0.6,no
2024-05,PL,1924.9,si
2024-05,PT,121.4,si
2024-05,QV,0.0,no
2024-05,RO,0.7,si
2024-05,SE,126.4,si
2024-05,SI,207.2,si
2024-05,SK,51.9,si
2024-05,TR,26.5,no
2024-05,TW,301.1,no
2024-05,UA,2.6,no
2024-05,US,1466.2,no
2024-05,UZ,1078.3,no
2024-06,AL,29.5,no
2024-06,AT,284.5,si
2024-06,BE,7833.6,si
2024-06,BG,18.6,si
2024-06,CA,0.8,no
2024-06,CH,24.6,no
2024-06,CN,1.7,no
2024-06,CZ,28.5,si
2024-06,DE,4091.2,si
2024-06,DK,0.1,si
2024-06,EE,0.1,si
2024-06,EG,348.9,no
2024-06,ES,9363.4,si
2024-06,FR,2595.6,si
2024-06,GB,6847.9,no
2024-06,GR,19001.6,si
2024-06,HR,82.2,si
2024-06,HU,889.4,si
2024-06,IE,0.0,si
2024-06,IN,399.4,no
2024-06,JP,0.4,no
2024-06,LT,16.3,si
2024-06,LU,0.0,si
2024-06,LV,1.3,si
2024-06,MX,4.8,no
2024-06,NL,11701.8,si
2024-06,PL,2242.8,si
2024-06,PT,119.8,si
2024-06,QV,7.1,no
2024-06,RO,0.0,si
2024-06,SE,256.9,si
2024-06,SI,19.8,si
2024-06,SK,2.6,si
2024-06,TR,15.5,no
2024-06,TW,200.6,no
2024-06,US,2662.6,no
2024-07,AE,59.9,no
2024-07,AL,64.1,no
2024-07,AT,613.0,si
2024-07,AZ,224.4,no
2024-07,BE,13065.9,si
2024-07,BG,0.0,si
2024-07,CH,42.2,no
2024-07,CI,0.2,no
2024-07,CN,0.7,no
2024-07,CZ,42.5,si
2024-07,DE,4712.7,si
2024-07,DK,4.3,si
2024-07,EE,0.6,si
2024-07,EG,309.9,no
2024-07,ES,33550.9,si
2024-07,FI,0.1,si
2024-07,FR,2823.0,si
2024-07,GB,457.7,no
2024-07,GR,14343.8,si
2024-07,HR,59.7,si
2024-07,HU,688.2,si
2024-07,IN,375.4,no
2024-07,JP,0.6,no
2024-07,KR,0.4,no
2024-07,LT,12.8,si
2024-07,LU,0.7,si
2024-07,LV,2.4,si
2024-07,MT,6.2,si
2024-07,MX,10.7,no
2024-07,MY,4597.0,no
2024-07,NL,8744.2,si
2024-07,NO,0.1,no
2024-07,PL,2205.8,si
2024-07,PT,5.3,si
2024-07,QV,24.3,no
2024-07,RO,1.0,si
2024-07,SE,143.9,si
2024-07,SG,0.0,no
2024-07,SI,71.9,si
2024-07,SK,1.0,si
2024-07,TR,79.7,no
2024-07,TW,200.8,no
2024-07,US,1934.8,no
2024-07,UZ,17.8,no
2024-07,XS,0.4,no
2024-08,AT,94.7,si
2024-08,AZ,121.3,no
2024-08,BE,3388.6,si
2024-08,BG,21.3,si
2024-08,CA,0.2,no
2024-08,CH,14.4,no
2024-08,CN,1.4,no
2024-08,CZ,13.8,si
2024-08,DE,2529.2,si
2024-08,DK,3.9,si
2024-08,EG,303.9,no
2024-08,ES,6164.3,si
2024-08,FI,0.5,si
2024-08,FR,2255.7,si
2024-08,GB,2819.1,no
2024-08,GR,4300.7,si
2024-08,HU,499.8,si
2024-08,IE,0.1,si
2024-08,IN,20.1,no
2024-08,JP,7.0,no
2024-08,LT,14.4,si
2024-08,LU,0.4,si
2024-08,LV,0.1,si
2024-08,MX,5.0,no
2024-08,NL,10932.8,si
2024-08,PL,1531.2,si
2024-08,PT,41.9,si
2024-08,QV,0.1,no
2024-08,RO,0.1,si
2024-08,SA,21.0,no
2024-08,SE,164.9,si
2024-08,SI,53.2,si
2024-08,SK,0.0,si
2024-08,TM,43.1,no
2024-08,TR,38.2,no
2024-08,UA,2.6,no
2024-08,US,2699.8,no
2024-09,AL,43.4,no
2024-09,AT,209.6,si
2024-09,BE,10971.0,si
2024-09,BG,1.7,si
2024-09,CH,23.5,no
2024-09,CN,0.6,no
2024-09,CZ,23.4,si
2024-09,DE,4123.7,si
2024-09,DK,137.0,si
2024-09,EG,326.0,no
2024-09,ES,10016.2,si
2024-09,FI,0.1,si
2024-09,FR,3177.9,si
2024-09,GB,342.6,no
2024-09,GR,356.4,si
2024-09,HR,17.4,si
2024-09,HU,573.2,si
2024-09,IE,0.0,si
2024-09,IN,37.1,no
2024-09,JP,0.0,no
2024-09,KR,0.5,no
2024-09,LT,6.6,si
2024-09,LU,0.1,si
2024-09,LV,0.4,si
2024-09,MX,11.6,no
2024-09,MY,0.1,no
2024-09,NL,15376.8,si
2024-09,PL,2757.5,si
2024-09,PT,245.0,si
2024-09,QV,3.2,no
2024-09,RO,0.3,si
2024-09,SE,99.6,si
2024-09,SI,40.6,si
2024-09,SK,0.4,si
2024-09,TR,24.0,no
2024-09,UA,0.5,no
2024-09,US,2228.3,no
2024-10,AE,39.9,no
2024-10,AL,17.8,no
2024-10,AT,227.1,si
2024-10,BA,54.1,no
2024-10,BE,13744.9,si
2024-10,BG,1.9,si
2024-10,CA,1.3,no
2024-10,CH,17.2,no
2024-10,CN,0.8,no
2024-10,CY,109.0,si
2024-10,CZ,31.2,si
2024-10,DE,4504.9,si
2024-10,DK,25.1,si
2024-10,EG,263.8,no
2024-10,ES,9043.6,si
2024-10,ET,0.0,no
2024-10,FI,0.0,si
2024-10,FR,3176.4,si
2024-10,GB,3197.7,no
2024-10,GR,8300.6,si
2024-10,HR,61.7,si
2024-10,HU,749.0,si
2024-10,ID,3.6,no
2024-10,IN,298.7,no
2024-10,JP,2.0,no
2024-10,KR,0.3,no
2024-10,LT,5.3,si
2024-10,LV,1.9,si
2024-10,MT,2.5,si
2024-10,MX,8.6,no
2024-10,MY,4099.5,no
2024-10,NL,9406.1,si
2024-10,NO,0.1,no
2024-10,PL,2225.0,si
2024-10,PT,94.7,si
2024-10,QV,16.4,no
2024-10,RO,0.2,si
2024-10,SE,179.6,si
2024-10,SI,1935.2,si
2024-10,SK,3.1,si
2024-10,TR,23.7,no
2024-10,US,627.9,no
2024-10,UZ,180.0,no
2024-11,AL,25.5,no
2024-11,AT,169.1,si
2024-11,AZ,455.9,no
2024-11,BA,135.3,no
2024-11,BE,13158.8,si
2024-11,BG,1.7,si
2024-11,BR,1.2,no
2024-11,CH,31.4,no
2024-11,CZ,25.6,si
2024-11,DE,3364.8,si
2024-11,DK,5.0,si
2024-11,EG,442.9,no
2024-11,ES,3966.0,si
2024-11,FI,0.0,si
2024-11,FR,2452.7,si
2024-11,GB,3295.1,no
2024-11,GR,13120.6,si
2024-11,HR,22.2,si
2024-11,HU,971.1,si
2024-11,IE,47.4,si
2024-11,IN,316.9,no
2024-11,JP,0.9,no
2024-11,KR,0.1,no
2024-11,LT,6.4,si
2024-11,LV,0.2,si
2024-11,MX,6.6,no
2024-11,MY,18.0,no
2024-11,NL,12247.3,si
2024-11,PL,1053.7,si
2024-11,PT,26.0,si
2024-11,QV,1.3,no
2024-11,RO,1.6,si
2024-11,SA,105.0,no
2024-11,SE,216.1,si
2024-11,SI,33.0,si
2024-11,SK,22.2,si
2024-11,TR,22.2,no
2024-11,US,1707.8,no
2024-11,UZ,89.4,no
2024-12,AE,40.2,no
2024-12,AL,20.4,no
2024-12,AT,174.1,si
2024-12,AZ,271.6,no
2024-12,BA,108.5,no
2024-12,BE,6809.0,si
2024-12,BG,0.1,si
2024-12,CA,0.4,no
2024-12,CH,24.5,no
2024-12,CN,17.7,no
2024-12,CY,72.5,si
2024-12,CZ,19.0,si
2024-12,DE,2654.3,si
2024-12,DK,1.8,si
2024-12,EE,15.8,si
2024-12,EG,324.2,no
2024-12,ES,3629.3,si
2024-12,ET,0.2,no
2024-12,FI,1.8,si
2024-12,FR,1978.0,si
2024-12,GB,2810.9,no
2024-12,GR,255.4,si
2024-12,HR,60.9,si
2024-12,HU,889.9,si
2024-12,IN,100.4,no
2024-12,IQ,0.0,no
2024-12,JO,22.0,no
2024-12,JP,0.3,no
2024-12,LT,7.0,si
2024-12,LV,1.2,si
2024-12,MX,5.6,no
2024-12,NL,2923.6,si
2024-12,NO,0.0,no
2024-12,OM,0.1,no
2024-12,PL,620.4,si
2024-12,PT,20.1,si
2024-12,RO,0.9,si
2024-12,SA,21.0,no
2024-12,SE,67.7,si
2024-12,SI,39.7,si
2024-12,SK,57.6,si
2024-12,TR,3009.4,no
2024-12,TW,1.1,no
2024-12,UA,2.0,no
2024-12,US,1886.0,no
2024-12,UZ,126.0,no
2025-01,AL,65.8,no
2025-01,AT,137.5,si
2025-01,AZ,554.4,no
2025-01,BE,9158.2,si
2025-01,BG,2.5,si
2025-01,CA,1.2,no
2025-01,CH,14.0,no
2025-01,CN,18.6,no
2025-01,CY,14.9,si
2025-01,CZ,24.6,si
2025-01,DE,2771.8,si
2025-01,DK,10.5,si
2025-01,EE,60.0,si
2025-01,EG,41.4,no
2025-01,ES,2471.7,si
2025-01,FR,3057.0,si
2025-01,GB,2073.4,no
2025-01,GR,4396.5,si
2025-01,HR,83.0,si
2025-01,HU,606.8,si
2025-01,IN,498.6,no
2025-01,IQ,2.9,no
2025-01,JP,7.8,no
2025-01,KR,0.6,no
2025-01,LT,9.6,si
2025-01,LU,0.2,si
2025-01,LV,1.4,si
2025-01,MX,5.1,no
2025-01,NL,21697.0,si
2025-01,PL,1137.3,si
2025-01,PT,26.6,si
2025-01,RO,41.9,si
2025-01,SE,114.1,si
2025-01,SI,58.1,si
2025-01,SK,13.1,si
2025-01,TR,36.3,no
2025-01,TW,140.6,no
2025-01,UA,7.9,no
2025-01,US,1470.6,no
2025-01,UZ,54.0,no
2025-01,VN,0.8,no
2025-02,AL,54.5,no
2025-02,AT,169.8,si
2025-02,AZ,164.9,no
2025-02,BE,9348.5,si
2025-02,BG,1.2,si
2025-02,CH,23.0,no
2025-02,CN,22.2,no
2025-02,CY,72.9,si
2025-02,CZ,16.3,si
2025-02,DE,3853.6,si
2025-02,DK,20.5,si
2025-02,EE,24.2,si
2025-02,EG,305.8,no
2025-02,ES,7713.0,si
2025-02,ET,0.1,no
2025-02,FI,0.0,si
2025-02,FR,3386.2,si
2025-02,GB,2754.8,no
2025-02,GR,10736.6,si
2025-02,HR,82.9,si
2025-02,HU,937.9,si
2025-02,IE,0.1,si
2025-02,IN,339.3,no
2025-02,JP,1.5,no
2025-02,KR,0.3,no
2025-02,LT,0.0,si
2025-02,LU,0.2,si
2025-02,LV,1.6,si
2025-02,MX,9.5,no
2025-02,NL,21869.6,si
2025-02,PL,1620.3,si
2025-02,PT,2.5,si
2025-02,QV,1.9,no
2025-02,RO,0.6,si
2025-02,SE,104.0,si
2025-02,SI,41.6,si
2025-02,SK,37.1,si
2025-02,TR,17.8,no
2025-02,TW,0.2,no
2025-02,UA,7.3,no
2025-02,US,907.8,no
2025-02,VN,0.8,no
2025-03,AL,29.5,no
2025-03,AT,58.3,si
2025-03,BE,9857.9,si
2025-03,BG,0.8,si
2025-03,BR,0.2,no
2025-03,CA,0.7,no
2025-03,CH,67.7,no
2025-03,CN,71.9,no
2025-03,CY,97.7,si
2025-03,CZ,33.4,si
2025-03,DE,4463.7,si
2025-03,DK,14.7,si
2025-03,EE,0.1,si
2025-03,EG,128.1,no
2025-03,ES,5294.3,si
2025-03,FR,3408.7,si
2025-03,GB,425.7,no
2025-03,GR,4730.2,si
2025-03,HR,41.9,si
2025-03,HU,1107.7,si
2025-03,IE,2.9,si
2025-03,IN,615.3,no
2025-03,JP,0.5,no
2025-03,KR,1.0,no
2025-03,LT,0.0,si
2025-03,LV,0.1,si
2025-03,MT,2.8,si
2025-03,MX,4.7,no
2025-03,MY,4905.6,no
2025-03,NL,12370.4,si
2025-03,NO,0.0,no
2025-03,PL,2969.3,si
2025-03,RO,0.0,si
2025-03,SA,258.0,no
2025-03,SE,161.3,si
2025-03,SI,77.1,si
2025-03,SK,89.1,si
2025-03,TH,0.4,no
2025-03,TR,4.1,no
2025-03,UA,6.5,no
2025-03,US,922.1,no
2025-03,UZ,180.0,no
2025-04,AL,3.3,no
2025-04,AT,36.1,si
2025-04,AZ,20.0,no
2025-04,BE,12443.8,si
2025-04,BG,0.4,si
2025-04,CA,0.2,no
2025-04,CH,27.2,no
2025-04,CN,0.5,no
2025-04,CY,47.1,si
2025-04,CZ,19.5,si
2025-04,DE,2820.0,si
2025-04,DK,37.0,si
2025-04,EG,245.3,no
2025-04,ES,3199.5,si
2025-04,FI,0.0,si
2025-04,FR,3434.4,si
2025-04,GB,7917.5,no
2025-04,GR,7407.6,si
2025-04,HR,76.3,si
2025-04,HU,852.3,si
2025-04,ID,7.2,no
2025-04,IE,0.2,si
2025-04,IN,1258.0,no
2025-04,JP,2.7,no
2025-04,KR,0.1,no
2025-04,LT,26.3,si
2025-04,LV,1.7,si
2025-04,MX,8.6,no
2025-04,NL,15564.4,si
2025-04,PL,1416.1,si
2025-04,QV,0.9,no
2025-04,RO,0.1,si
2025-04,SE,71.1,si
2025-04,SI,49.1,si
2025-04,SK,260.4,si
2025-04,TR,39.6,no
2025-04,TW,0.5,no
2025-04,US,1053.5,no
2025-04,UZ,906.1,no
2025-05,AE,20.0,no
2025-05,AL,19.9,no
2025-05,AT,203.9,si
2025-05,BE,9703.1,si
2025-05,BG,86.3,si
2025-05,CA,0.2,no
2025-05,CH,20.1,no
2025-05,CY,55.4,si
2025-05,CZ,46.2,si
2025-05,DE,2582.9,si
2025-05,DK,12.0,si
2025-05,EE,0.0,si
2025-05,EG,579.0,no
2025-05,ES,5656.2,si
2025-05,FI,0.4,si
2025-05,FR,2878.5,si
2025-05,GB,4710.5,no
2025-05,GR,7526.8,si
2025-05,HR,84.8,si
2025-05,HU,703.2,si
2025-05,IE,0.6,si
2025-05,IN,361.7,no
2025-05,JP,0.2,no
2025-05,KR,0.5,no
2025-05,LV,0.9,si
2025-05,MT,945.4,si
2025-05,MX,7.6,no
2025-05,MY,3862.5,no
2025-05,NL,19128.6,si
2025-05,PL,2279.4,si
2025-05,PT,3.4,si
2025-05,RO,0.1,si
2025-05,SA,43.0,no
2025-05,SE,108.5,si
2025-05,SI,19.5,si
2025-05,SK,58.0,si
2025-05,TR,40.5,no
2025-05,US,2764.0,no
2025-05,UZ,360.0,no
2025-06,AL,32.4,no
2025-06,AT,384.3,si
2025-06,AZ,19.0,no
2025-06,BE,9038.6,si
2025-06,CA,0.3,no
2025-06,CH,19.4,no
2025-06,CN,32.3,no
2025-06,CY,49.4,si
2025-06,CZ,42.4,si
2025-06,DE,4882.4,si
2025-06,DK,0.8,si
2025-06,EE,42.0,si
2025-06,EG,508.1,no
2025-06,ES,5068.6,si
2025-06,FI,0.0,si
2025-06,FR,4071.7,si
2025-06,GB,2777.4,no
2025-06,GR,7687.1,si
2025-06,HR,105.4,si
2025-06,HU,709.7,si
2025-06,IE,0.8,si
2025-06,IN,321.8,no
2025-06,JP,1.4,no
2025-06,KR,0.2,no
2025-06,LT,0.0,si
2025-06,LV,1.3,si
2025-06,MT,1512.3,si
2025-06,MX,10.0,no
2025-06,MY,0.1,no
2025-06,NL,20776.0,si
2025-06,PL,2509.9,si
2025-06,PT,15.9,si
2025-06,RO,0.4,si
2025-06,SA,63.2,no
2025-06,SE,94.1,si
2025-06,SI,46.4,si
2025-06,SK,7.6,si
2025-06,TR,36.8,no
2025-06,TW,0.1,no
2025-06,UA,9.2,no
2025-06,US,1298.5,no
2025-07,AL,12.5,no
2025-07,AT,212.2,si
2025-07,BE,8357.7,si
2025-07,BG,26.2,si
2025-07,CA,1.3,no
2025-07,CH,34.4,no
2025-07,CI,0.5,no
2025-07,CN,0.7,no
2025-07,CY,12.3,si
2025-07,CZ,20.8,si
2025-07,DE,3457.0,si
2025-07,DK,2.7,si
2025-07,EE,0.0,si
2025-07,EG,351.9,no
2025-07,ES,3998.8,si
2025-07,FI,9.3,si
2025-07,FR,3129.8,si
2025-07,GB,5117.7,no
2025-07,GR,7519.9,si
2025-07,HR,39.9,si
2025-07,HU,368.1,si
2025-07,ID,0.0,no
2025-07,IE,0.5,si
2025-07,IL,78.7,no
2025-07,IN,738.4,no
2025-07,JP,10.3,no
2025-07,KR,398.8,no
2025-07,LU,0.0,si
2025-07,LV,0.0,si
2025-07,MA,1.3,no
2025-07,MT,0.5,si
2025-07,MX,11.5,no
2025-07,MY,1739.2,no
2025-07,NL,5122.2,si
2025-07,NO,0.0,no
2025-07,PL,1811.0,si
2025-07,RO,2.7,si
2025-07,SA,64.1,no
2025-07,SE,96.0,si
2025-07,SG,7.9,no
2025-07,SI,70.8,si
2025-07,SK,155.2,si
2025-07,TH,0.2,no
2025-07,TR,42.7,no
2025-07,TW,0.7,no
2025-07,UA,16.9,no
2025-07,US,2873.1,no
2025-08,AE,40.0,no
2025-08,AT,171.7,si
2025-08,AZ,20.2,no
2025-08,BE,3525.3,si
2025-08,BG,2.5,si
2025-08,CH,8.5,no
2025-08,CZ,9.3,si
2025-08,DE,2583.8,si
2025-08,DK,3.4,si
2025-08,DZ,0.0,no
2025-08,EG,744.2,no
2025-08,ES,1812.8,si
2025-08,FR,2221.5,si
2025-08,GB,175.0,no
2025-08,GR,4485.8,si
2025-08,HR,41.9,si
2025-08,HU,502.0,si
2025-08,ID,0.1,no
2025-08,IE,0.6,si
2025-08,IN,21.1,no
2025-08,JP,1.2,no
2025-08,KR,0.3,no
2025-08,LV,0.8,si
2025-08,MX,4.8,no
2025-08,MY,4869.4,no
2025-08,NL,3500.1,si
2025-08,PL,135.3,si
2025-08,QV,14.7,no
2025-08,RO,0.0,si
2025-08,SA,21.1,no
2025-08,SE,64.7,si
2025-08,SI,126.5,si
2025-08,SK,82.9,si
2025-08,TR,54.4,no
2025-08,TW,100.3,no
2025-08,UA,17.6,no
2025-08,US,1333.8,no
2025-08,UZ,288.0,no
2025-09,AL,4.5,no
2025-09,AT,38.4,si
2025-09,AZ,239.7,no
2025-09,BE,8126.5,si
2025-09,BG,0.4,si
2025-09,CH,15.8,no
2025-09,CN,26.0,no
2025-09,CY,47.4,si
2025-09,CZ,54.0,si
2025-09,DE,3750.9,si
2025-09,DK,0.2,si
2025-09,EE,40.5,si
2025-09,EG,582.1,no
2025-09,ES,4151.6,si
2025-09,FI,0.0,si
2025-09,FR,3643.9,si
2025-09,GB,2926.0,no
2025-09,GR,1619.7,si
2025-09,HR,21.9,si
2025-09,HU,413.9,si
2025-09,IE,1.9,si
2025-09,IN,380.0,no
2025-09,JP,0.1,no
2025-09,LT,22.4,si
2025-09,LV,0.9,si
2025-09,MX,7.6,no
2025-09,NL,3841.1,si
2025-09,PL,269.2,si
2025-09,PT,3.4,si
2025-09,SA,434.3,no
2025-09,SE,114.9,si
2025-09,SI,71.2,si
2025-09,SK,413.9,si
2025-09,TR,115.5,no
2025-09,US,3045.9,no
2025-09,UZ,90.0,no
2025-10,AT,73.9,si
2025-10,AZ,20.2,no
2025-10,BE,9587.8,si
2025-10,BG,13.8,si
2025-10,CA,0.2,no
2025-10,CH,20.4,no
2025-10,CN,135.7,no
2025-10,CY,24.9,si
2025-10,CZ,26.3,si
2025-10,DE,3523.7,si
2025-10,DK,3.1,si
2025-10,EE,0.1,si
2025-10,EG,808.9,no
2025-10,ES,5586.2,si
2025-10,FI,72.7,si
2025-10,FR,6139.4,si
2025-10,GB,323.2,no
2025-10,GR,10636.0,si
2025-10,HR,21.2,si
2025-10,HU,491.5,si
2025-10,IE,2.6,si
2025-10,IN,359.8,no
2025-10,JP,8.1,no
2025-10,KR,0.1,no
2025-10,LT,7.6,si
2025-10,LU,0.0,si
2025-10,LV,1.1,si
2025-10,MX,7.0,no
2025-10,MY,108.7,no
2025-10,NL,25563.2,si
2025-10,PL,888.5,si
2025-10,RO,1.0,si
2025-10,SA,564.7,no
2025-10,SE,182.5,si
2025-10,SI,149.5,si
2025-10,SK,58.7,si
2025-10,TR,4.1,no
2025-10,TW,0.2,no
2025-10,UA,18.6,no
2025-10,US,520.2,no
2025-11,AE,25.1,no
2025-11,AL,10.7,no
2025-11,AT,308.9,si
2025-11,BE,8253.9,si
2025-11,BG,4.0,si
2025-11,BO,0.0,no
2025-11,CA,0.2,no
2025-11,CH,30.4,no
2025-11,CN,60.2,no
2025-11,CZ,16.7,si
2025-11,DE,4019.2,si
2025-11,DK,9.5,si
2025-11,EG,951.6,no
2025-11,ES,3834.9,si
2025-11,FI,88.7,si
2025-11,FR,2121.7,si
2025-11,GB,400.8,no
2025-11,GR,564.0,si
2025-11,HR,42.6,si
2025-11,HU,326.9,si
2025-11,IE,1.7,si
2025-11,IN,516.8,no
2025-11,JP,4.1,no
2025-11,KR,0.2,no
2025-11,LT,20.1,si
2025-11,LU,0.5,si
2025-11,MX,7.1,no
2025-11,MY,3049.2,no
2025-11,NL,13691.5,si
2025-11,NO,0.0,no
2025-11,PL,2111.3,si
2025-11,PT,17.9,si
2025-11,QV,17.5,no
2025-11,RO,0.4,si
2025-11,SA,302.3,no
2025-11,SE,177.3,si
2025-11,SG,0.0,no
2025-11,SI,146.3,si
2025-11,SK,24.5,si
2025-11,TR,59.6,no
2025-11,TW,0.1,no
2025-11,US,1161.6,no
2025-12,AL,21.1,no
2025-12,AT,68.6,si
2025-12,AZ,19.9,no
2025-12,BE,6794.1,si
2025-12,BG,9.9,si
2025-12,BO,0.0,no
2025-12,CA,0.8,no
2025-12,CH,26.2,no
2025-12,CN,0.2,no
2025-12,CY,0.0,si
2025-12,CZ,14.5,si
2025-12,DE,2942.4,si
2025-12,DK,0.8,si
2025-12,EG,44.6,no
2025-12,ES,5490.4,si
2025-12,FI,118.5,si
2025-12,FR,1488.4,si
2025-12,GB,2598.9,no
2025-12,GR,13533.8,si
2025-12,HR,13.1,si
2025-12,HU,247.8,si
2025-12,IN,339.4,no
2025-12,JP,0.1,no
2025-12,KR,0.5,no
2025-12,LT,0.0,si
2025-12,MT,2700.0,si
2025-12,MX,7.5,no
2025-12,NL,17167.4,si
2025-12,PL,1389.8,si
2025-12,QV,0.5,no
2025-12,RO,0.8,si
2025-12,SA,665.8,no
2025-12,SE,172.3,si
2025-12,SI,82.6,si
2025-12,SK,0.1,si
2025-12,TH,0.4,no
2025-12,TR,128.2,no
2025-12,TW,140.8,no
2025-12,UA,18.0,no
2025-12,US,238.7,no
2026-01,AE,65.0,no
2026-01,AL,13.9,no
2026-01,AT,26.8,si
2026-01,AZ,80.3,no
2026-01,BE,5861.4,si
2026-01,BG,0.4,si
2026-01,CH,29.8,no
2026-01,CN,0.7,no
2026-01,CZ,27.2,si
2026-01,DE,3343.3,si
2026-01,DK,4.1,si
2026-01,EE,0.3,si
2026-01,EG,413.9,no
2026-01,ES,3624.2,si
2026-01,FI,57.3,si
2026-01,FR,1178.5,si
2026-01,GB,4101.3,no
2026-01,GR,13520.9,si
2026-01,HR,13.1,si
2026-01,HU,369.7,si
2026-01,IE,1.3,si
2026-01,IN,90.0,no
2026-01,JP,2.2,no
2026-01,KR,0.9,no
2026-01,LT,30.2,si
2026-01,LV,0.3,si
2026-01,MX,13.6,no
2026-01,MY,156.1,no
2026-01,NL,14741.2,si
2026-01,NO,0.0,no
2026-01,PL,1082.8,si
2026-01,PT,8.5,si
2026-01,QV,0.0,no
2026-01,RO,14.3,si
2026-01,SA,44.0,no
2026-01,SE,164.8,si
2026-01,SI,134.6,si
2026-01,SK,5.6,si
2026-01,TR,30.1,no
2026-01,US,1391.1,no
2026-02,AE,20.0,no
2026-02,AT,84.5,si
2026-02,AZ,21.4,no
2026-02,BE,8941.3,si
2026-02,BG,1.2,si
2026-02,CA,0.2,no
2026-02,CH,19.7,no
2026-02,CZ,59.2,si
2026-02,DE,6194.6,si
2026-02,DK,2.7,si
2026-02,EE,0.0,si
2026-02,EG,599.5,no
2026-02,ES,5108.1,si
2026-02,FI,78.1,si
2026-02,FR,2002.0,si
2026-02,GB,2425.8,no
2026-02,GR,795.4,si
2026-02,HR,39.5,si
2026-02,HU,403.0,si
2026-02,IE,0.9,si
2026-02,IN,580.7,no
2026-02,JP,1.7,no
2026-02,KR,0.2,no
2026-02,LT,12.7,si
2026-02,LU,0.6,si
2026-02,LV,3.1,si
2026-02,MR,0.0,no
2026-02,MX,7.7,no
2026-02,MY,4315.9,no
2026-02,NL,9791.8,si
2026-02,PL,858.6,si
2026-02,PT,3.4,si
2026-02,QV,0.0,no
2026-02,RO,8.7,si
2026-02,SA,242.0,no
2026-02,SE,142.1,si
2026-02,SI,105.1,si
2026-02,SK,8.7,si
2026-02,TR,112.6,no
2026-02,TW,80.4,no
2026-02,UA,18.5,no
2026-02,US,1967.3,no
2026-03,AL,5.2,no
2026-03,AT,81.6,si
2026-03,BE,11270.5,si
2026-03,BG,4.3,si
2026-03,CA,0.7,no
2026-03,CH,17.1,no
2026-03,CN,110.2,no
2026-03,CZ,90.1,si
2026-03,DE,5303.5,si
2026-03,DK,4.2,si
2026-03,EE,14.9,si
2026-03,EG,588.2,no
2026-03,ES,14423.4,si
2026-03,FI,36.7,si
2026-03,FR,2227.2,si
2026-03,GB,211.4,no
2026-03,GR,13376.2,si
2026-03,HR,40.4,si
2026-03,HU,560.4,si
2026-03,IE,0.2,si
2026-03,IN,200.0,no
2026-03,JP,0.0,no
2026-03,LT,55.1,si
2026-03,LU,0.1,si
2026-03,LV,2.8,si
2026-03,MX,7.4,no
2026-03,MY,4280.4,no
2026-03,NA,0.1,no
2026-03,NL,4275.4,si
2026-03,PL,750.3,si
2026-03,PT,16.3,si
2026-03,RO,10.9,si
2026-03,SA,22.0,no
2026-03,SE,226.9,si
2026-03,SI,206.5,si
2026-03,SK,0.1,si
2026-03,TR,159.8,no
2026-03,TW,0.1,no
2026-03,US,855.7,no
2026-03,UZ,35.2,no
2026-04,AL,71.8,no
2026-04,AT,188.3,si
2026-04,BE,9171.6,si
2026-04,BG,9.8,si
2026-04,CA,0.2,no
2026-04,CH,17.9,no
2026-04,CN,0.2,no
2026-04,CY,72.7,si
2026-04,CZ,22.9,si
2026-04,DE,5216.8,si
2026-04,DK,32.1,si
2026-04,EE,0.0,si
2026-04,EG,1377.8,no
2026-04,ES,11586.9,si
2026-04,FI,56.9,si
2026-04,FR,8740.8,si
2026-04,GB,181.4,no
2026-04,GR,9900.7,si
2026-04,HR,28.6,si
2026-04,HU,657.6,si
2026-04,IE,0.2,si
2026-04,IN,359.7,no
2026-04,JP,7.8,no
2026-04,KR,218.1,no
2026-04,LT,47.6,si
2026-04,LU,0.3,si
2026-04,LV,0.4,si
2026-04,MT,0.1,si
2026-04,MX,11.4,no
2026-04,NL,6203.8,si
2026-04,PL,47.8,si
2026-04,PT,7.4,si
2026-04,RO,17.6,si
2026-04,SA,22.0,no
2026-04,SE,317.9,si
2026-04,SI,170.5,si
2026-04,SK,58.7,si
2026-04,TR,262.1,no
2026-04,TW,200.8,no
2026-04,UA,34.5,no
2026-04,US,2116.6,no
2026-04,VN,73.3,no
2026-05,AE,37.9,no
2026-05,AL,32.6,no
2026-05,AR,0.0,no
2026-05,AT,45.7,si
2026-05,AZ,18.6,no
2026-05,BE,7805.3,si
2026-05,BG,1.0,si
2026-05,CA,0.0,no
2026-05,CH,30.6,no
2026-05,CN,0.8,no
2026-05,CZ,16.0,si
2026-05,DE,2873.5,si
2026-05,DK,0.5,si
2026-05,EE,0.2,si
2026-05,EG,446.1,no
2026-05,ES,2044.0,si
2026-05,FI,54.9,si
2026-05,FR,2133.0,si
2026-05,GB,2191.0,no
2026-05,GR,6906.3,si
2026-05,HR,29.8,si
2026-05,HU,499.3,si
2026-05,IE,2.8,si
2026-05,IN,1.7,no
2026-05,JP,1.9,no
2026-05,KR,0.4,no
2026-05,LT,1.9,si
2026-05,LV,0.2,si
2026-05,MX,12.9,no
2026-05,MY,2491.6,no
2026-05,NL,28018.7,si
2026-05,PL,577.6,si
2026-05,PT,16.5,si
2026-05,QV,0.1,no
2026-05,RO,3.7,si
2026-05,SA,462.1,no
2026-05,SE,440.1,si
2026-05,SI,255.4,si
2026-05,SK,26.6,si
2026-05,TH,0.0,no
2026-05,TR,188.8,no
2026-05,US,1298.0,no
2026-06,AL,31.0,no
2026-06,AR,0.0,no
2026-06,CA,2.4,no
2026-06,CH,28.6,no
2026-06,CN,0.3,no
2026-06,EG,1240.7,no
2026-06,GB,1250.2,no
2026-06,IN,0.6,no
2026-06,JP,2.8,no
2026-06,MX,7.9,no
2026-06,MY,4308.5,no
2026-06,NO,0.0,no
2026-06,SA,264.0,no
2026-06,TR,142.2,no
2026-06,TW,100.4,no
2026-06,US,2098.3,no
2026-06,VN,17.2,no
