mese,codice_cn8,descrizione,valore_eur,quantita_t,eur_per_kg,provvisorio
2019-01,27101971,Oli lubrificanti destinati a un processo specifico,4147494.0,5937.5,0.6985,no
2019-02,27101971,Oli lubrificanti destinati a un processo specifico,654269.0,934.4,0.7002,no
2019-03,27101971,Oli lubrificanti destinati a un processo specifico,704452.0,970.2,0.7261,no
2019-04,27101971,Oli lubrificanti destinati a un processo specifico,3039118.0,4903.5,0.6198,no
2019-05,27101971,Oli lubrificanti destinati a un processo specifico,415585.0,621.7,0.6685,no
2019-06,27101971,Oli lubrificanti destinati a un processo specifico,82483.0,49.7,1.6603,no
2019-07,27101971,Oli lubrificanti destinati a un processo specifico,1434.0,0.1,17.925,no
2019-08,27101971,Oli lubrificanti destinati a un processo specifico,711981.0,998.1,0.7133,no
2019-09,27101971,Oli lubrificanti destinati a un processo specifico,1095224.0,1525.6,0.7179,no
2019-10,27101971,Oli lubrificanti destinati a un processo specifico,158578.0,233.1,0.6802,no
2019-11,27101971,Oli lubrificanti destinati a un processo specifico,1015682.0,1423.9,0.7133,no
2019-12,27101971,Oli lubrificanti destinati a un processo specifico,366415.0,533.6,0.6867,no
2020-01,27101971,Oli lubrificanti destinati a un processo specifico,2039895.0,3001.1,0.6797,no
2020-02,27101971,Oli lubrificanti destinati a un processo specifico,429766.0,643.4,0.668,no
2020-03,27101971,Oli lubrificanti destinati a un processo specifico,1376737.0,2018.8,0.6819,no
2020-04,27101971,Oli lubrificanti destinati a un processo specifico,1116021.0,1649.5,0.6766,no
2020-05,27101971,Oli lubrificanti destinati a un processo specifico,4732.0,0.4,10.9032,no
2020-06,27101971,Oli lubrificanti destinati a un processo specifico,73864.0,2.9,25.899,no
2020-07,27101971,Oli lubrificanti destinati a un processo specifico,172388.0,305.6,0.5641,no
2020-08,27101971,Oli lubrificanti destinati a un processo specifico,836243.0,1441.6,0.5801,no
2020-09,27101971,Oli lubrificanti destinati a un processo specifico,670121.0,1289.0,0.5199,no
2020-10,27101971,Oli lubrificanti destinati a un processo specifico,644041.0,1141.3,0.5643,no
2020-11,27101971,Oli lubrificanti destinati a un processo specifico,559947.0,987.6,0.567,no
2020-12,27101971,Oli lubrificanti destinati a un processo specifico,701995.0,1168.7,0.6006,no
2021-01,27101971,Oli lubrificanti destinati a un processo specifico,794682.0,1278.5,0.6216,no
2021-02,27101971,Oli lubrificanti destinati a un processo specifico,5335.0,1.3,4.1261,no
2021-03,27101971,Oli lubrificanti destinati a un processo specifico,5240.0,1.3,4.172,no
2021-04,27101971,Oli lubrificanti destinati a un processo specifico,86887.0,103.6,0.8388,no
2021-05,27101971,Oli lubrificanti destinati a un processo specifico,501109.0,425.3,1.1782,no
2021-06,27101971,Oli lubrificanti destinati a un processo specifico,4216.0,1.1,3.771,no
2021-07,27101971,Oli lubrificanti destinati a un processo specifico,329066.0,305.3,1.078,no
2021-08,27101971,Oli lubrificanti destinati a un processo specifico,2479.0,0.7,3.7561,no
2021-09,27101971,Oli lubrificanti destinati a un processo specifico,712884.0,579.8,1.2296,no
2021-10,27101971,Oli lubrificanti destinati a un processo specifico,248270.0,161.1,1.5411,no
2021-11,27101971,Oli lubrificanti destinati a un processo specifico,187223.0,198.0,0.9458,no
2021-12,27101971,Oli lubrificanti destinati a un processo specifico,12617.0,3.1,4.0661,no
2022-01,27101971,Oli lubrificanti destinati a un processo specifico,324565.0,259.5,1.2505,no
2022-02,27101971,Oli lubrificanti destinati a un processo specifico,237317.0,162.4,1.4614,no
2022-03,27101971,Oli lubrificanti destinati a un processo specifico,195216.0,199.0,0.9811,no
2022-04,27101971,Oli lubrificanti destinati a un processo specifico,156633.0,100.8,1.5531,no
2022-05,27101971,Oli lubrificanti destinati a un processo specifico,164613.0,103.0,1.5981,no
2022-06,27101971,Oli lubrificanti destinati a un processo specifico,51494.0,2.4,21.4469,no
2022-07,27101971,Oli lubrificanti destinati a un processo specifico,670056.0,387.2,1.7305,no
2022-08,27101971,Oli lubrificanti destinati a un processo specifico,517456.0,306.8,1.6868,no
2022-09,27101971,Oli lubrificanti destinati a un processo specifico,248722.0,141.9,1.7524,no
2022-10,27101971,Oli lubrificanti destinati a un processo specifico,326505.0,205.1,1.5922,no
2022-11,27101971,Oli lubrificanti destinati a un processo specifico,1484190.0,1078.5,1.3762,no
2022-12,27101971,Oli lubrificanti destinati a un processo specifico,339491.0,242.2,1.4016,no
2023-01,27101971,Oli lubrificanti destinati a un processo specifico,1944977.0,1715.1,1.134,no
2023-02,27101971,Oli lubrificanti destinati a un processo specifico,1280151.0,1149.4,1.1138,no
2023-03,27101971,Oli lubrificanti destinati a un processo specifico,806307.0,727.4,1.1085,no
2023-04,27101971,Oli lubrificanti destinati a un processo specifico,519015.0,505.9,1.0259,no
2023-05,27101971,Oli lubrificanti destinati a un processo specifico,1402384.0,1349.0,1.0396,no
2023-06,27101971,Oli lubrificanti destinati a un processo specifico,1493099.0,1492.1,1.0007,no
2023-07,27101971,Oli lubrificanti destinati a un processo specifico,824616.0,804.7,1.0248,no
2023-08,27101971,Oli lubrificanti destinati a un processo specifico,467477.0,507.0,0.9221,no
2023-09,27101971,Oli lubrificanti destinati a un processo specifico,626680.0,626.1,1.0009,no
2023-10,27101971,Oli lubrificanti destinati a un processo specifico,486041.0,485.3,1.0016,no
2023-11,27101971,Oli lubrificanti destinati a un processo specifico,939051.0,896.3,1.0477,no
2023-12,27101971,Oli lubrificanti destinati a un processo specifico,443572.0,402.1,1.1032,no
2024-01,27101971,Oli lubrificanti destinati a un processo specifico,8620.0,1.1,8.2095,no
2024-02,27101971,Oli lubrificanti destinati a un processo specifico,1452457.0,1552.7,0.9354,no
2024-03,27101971,Oli lubrificanti destinati a un processo specifico,1148821.0,1174.9,0.9778,no
2024-04,27101971,Oli lubrificanti destinati a un processo specifico,1633383.0,1621.9,1.0071,no
2024-05,27101971,Oli lubrificanti destinati a un processo specifico,779922.0,667.8,1.1679,no
2024-06,27101971,Oli lubrificanti destinati a un processo specifico,975715.0,971.4,1.0044,no
2024-07,27101971,Oli lubrificanti destinati a un processo specifico,967465.0,910.2,1.0629,no
2024-08,27101971,Oli lubrificanti destinati a un processo specifico,1072664.0,1096.2,0.9785,no
2024-09,27101971,Oli lubrificanti destinati a un processo specifico,1188936.0,1090.7,1.09,no
2024-10,27101971,Oli lubrificanti destinati a un processo specifico,5155.0,1.7,3.0648,no
2024-11,27101971,Oli lubrificanti destinati a un processo specifico,951670.0,992.5,0.9589,no
2024-12,27101971,Oli lubrificanti destinati a un processo specifico,1670551.0,1857.3,0.8995,no
2025-01,27101971,Oli lubrificanti destinati a un processo specifico,1530034.0,1576.8,0.9703,no
2025-02,27101971,Oli lubrificanti destinati a un processo specifico,951746.0,894.4,1.0641,no
2025-03,27101971,Oli lubrificanti destinati a un processo specifico,5092.0,1.3,4.0541,no
2025-04,27101971,Oli lubrificanti destinati a un processo specifico,660028.0,591.6,1.1157,no
2025-05,27101971,Oli lubrificanti destinati a un processo specifico,1482435.0,1681.5,0.8816,no
2025-06,27101971,Oli lubrificanti destinati a un processo specifico,956442.0,1009.4,0.9476,no
2025-07,27101971,Oli lubrificanti destinati a un processo specifico,2333397.0,2691.9,0.8668,no
2025-08,27101971,Oli lubrificanti destinati a un processo specifico,1266961.0,1328.3,0.9539,no
2025-09,27101971,Oli lubrificanti destinati a un processo specifico,2094394.0,2396.8,0.8738,no
2025-10,27101971,Oli lubrificanti destinati a un processo specifico,69859.0,61.4,1.138,no
2025-11,27101971,Oli lubrificanti destinati a un processo specifico,14934.0,2.7,5.5954,no
2025-12,27101971,Oli lubrificanti destinati a un processo specifico,4847.0,1.3,3.8438,no
2026-01,27101971,Oli lubrificanti destinati a un processo specifico,14161.0,2.1,6.7465,no
2026-02,27101971,Oli lubrificanti destinati a un processo specifico,9895.0,2.3,4.2725,no
2026-03,27101971,Oli lubrificanti destinati a un processo specifico,24819.0,1.4,17.4782,no
2026-04,27101971,Oli lubrificanti destinati a un processo specifico,6606.0,2.2,3.0711,no
2026-05,27101971,Oli lubrificanti destinati a un processo specifico,16996.0,4.1,4.1202,no
2019-01,27101981,"Oli motore, oli per compressori e turbine",9145025.0,3757.6,2.4337,no
2019-02,27101981,"Oli motore, oli per compressori e turbine",8756337.0,3791.0,2.3098,no
2019-03,27101981,"Oli motore, oli per compressori e turbine",9535761.0,3981.3,2.3951,no
2019-04,27101981,"Oli motore, oli per compressori e turbine",8550267.0,3519.4,2.4295,no
2019-05,27101981,"Oli motore, oli per compressori e turbine",11005822.0,4620.6,2.3819,no
2019-06,27101981,"Oli motore, oli per compressori e turbine",10461700.0,4327.1,2.4177,no
2019-07,27101981,"Oli motore, oli per compressori e turbine",11008802.0,4303.3,2.5582,no
2019-08,27101981,"Oli motore, oli per compressori e turbine",8026105.0,4534.1,1.7702,no
2019-09,27101981,"Oli motore, oli per compressori e turbine",10102895.0,4756.2,2.1241,no
2019-10,27101981,"Oli motore, oli per compressori e turbine",9461144.0,4393.8,2.1533,no
2019-11,27101981,"Oli motore, oli per compressori e turbine",8865541.0,3571.6,2.4822,no
2019-12,27101981,"Oli motore, oli per compressori e turbine",9553203.0,3832.6,2.4926,no
2020-01,27101981,"Oli motore, oli per compressori e turbine",7393962.0,3728.9,1.9829,no
2020-02,27101981,"Oli motore, oli per compressori e turbine",7599907.0,4031.8,1.885,no
2020-03,27101981,"Oli motore, oli per compressori e turbine",6851015.0,3425.1,2.0002,no
2020-04,27101981,"Oli motore, oli per compressori e turbine",2969901.0,1434.2,2.0707,no
2020-05,27101981,"Oli motore, oli per compressori e turbine",4234784.0,3345.4,1.2659,no
2020-06,27101981,"Oli motore, oli per compressori e turbine",6584089.0,3121.8,2.1091,no
2020-07,27101981,"Oli motore, oli per compressori e turbine",8897040.0,4260.0,2.0885,no
2020-08,27101981,"Oli motore, oli per compressori e turbine",6772146.0,3248.5,2.0847,no
2020-09,27101981,"Oli motore, oli per compressori e turbine",8241234.0,4335.6,1.9008,no
2020-10,27101981,"Oli motore, oli per compressori e turbine",9137629.0,4892.5,1.8677,no
2020-11,27101981,"Oli motore, oli per compressori e turbine",7612693.0,4382.0,1.7373,no
2020-12,27101981,"Oli motore, oli per compressori e turbine",10793981.0,4983.4,2.166,no
2021-01,27101981,"Oli motore, oli per compressori e turbine",6069065.0,2769.6,2.1913,no
2021-02,27101981,"Oli motore, oli per compressori e turbine",8351220.0,4035.5,2.0694,no
2021-03,27101981,"Oli motore, oli per compressori e turbine",10298426.0,4503.5,2.2868,no
2021-04,27101981,"Oli motore, oli per compressori e turbine",8471542.0,3694.3,2.2931,no
2021-05,27101981,"Oli motore, oli per compressori e turbine",9137186.0,4116.6,2.2196,no
2021-06,27101981,"Oli motore, oli per compressori e turbine",11367106.0,4762.8,2.3866,no
2021-07,27101981,"Oli motore, oli per compressori e turbine",10636077.0,4302.9,2.4718,no
2021-08,27101981,"Oli motore, oli per compressori e turbine",8743371.0,3825.7,2.2854,no
2021-09,27101981,"Oli motore, oli per compressori e turbine",11892076.0,4663.2,2.5502,no
2021-10,27101981,"Oli motore, oli per compressori e turbine",12248624.0,4639.6,2.64,no
2021-11,27101981,"Oli motore, oli per compressori e turbine",12469887.0,4658.8,2.6766,no
2021-12,27101981,"Oli motore, oli per compressori e turbine",10339448.0,3736.1,2.7675,no
2022-01,27101981,"Oli motore, oli per compressori e turbine",10315628.0,3576.0,2.8847,no
2022-02,27101981,"Oli motore, oli per compressori e turbine",13733175.0,5229.0,2.6263,no
2022-03,27101981,"Oli motore, oli per compressori e turbine",16032780.0,5689.6,2.8179,no
2022-04,27101981,"Oli motore, oli per compressori e turbine",15087457.0,6033.7,2.5005,no
2022-05,27101981,"Oli motore, oli per compressori e turbine",17417191.0,6671.3,2.6108,no
2022-06,27101981,"Oli motore, oli per compressori e turbine",17519371.0,6434.3,2.7228,no
2022-07,27101981,"Oli motore, oli per compressori e turbine",17251162.0,5728.9,3.0113,no
2022-08,27101981,"Oli motore, oli per compressori e turbine",12873438.0,4568.6,2.8178,no
2022-09,27101981,"Oli motore, oli per compressori e turbine",19344781.0,6476.5,2.9869,no
2022-10,27101981,"Oli motore, oli per compressori e turbine",19771708.0,6419.4,3.08,no
2022-11,27101981,"Oli motore, oli per compressori e turbine",17345567.0,6219.1,2.7891,no
2022-12,27101981,"Oli motore, oli per compressori e turbine",15055663.0,4602.7,3.271,no
2023-01,27101981,"Oli motore, oli per compressori e turbine",17524935.0,5002.6,3.5031,no
2023-02,27101981,"Oli motore, oli per compressori e turbine",19944296.0,6122.9,3.2573,no
2023-03,27101981,"Oli motore, oli per compressori e turbine",22247459.0,6971.4,3.1913,no
2023-04,27101981,"Oli motore, oli per compressori e turbine",16267991.0,5278.1,3.0822,no
2023-05,27101981,"Oli motore, oli per compressori e turbine",21679597.0,7197.4,3.0121,no
2023-06,27101981,"Oli motore, oli per compressori e turbine",21255607.0,7070.6,3.0062,no
2023-07,27101981,"Oli motore, oli per compressori e turbine",19231721.0,5806.3,3.3122,no
2023-08,27101981,"Oli motore, oli per compressori e turbine",16187869.0,5135.1,3.1524,no
2023-09,27101981,"Oli motore, oli per compressori e turbine",20159067.0,6574.0,3.0665,no
2023-10,27101981,"Oli motore, oli per compressori e turbine",21323922.0,6673.2,3.1955,no
2023-11,27101981,"Oli motore, oli per compressori e turbine",19068981.0,5969.3,3.1945,no
2023-12,27101981,"Oli motore, oli per compressori e turbine",15737258.0,5376.9,2.9269,no
2024-01,27101981,"Oli motore, oli per compressori e turbine",18289225.0,6018.6,3.0388,no
2024-02,27101981,"Oli motore, oli per compressori e turbine",18437865.0,5969.4,3.0887,no
2024-03,27101981,"Oli motore, oli per compressori e turbine",19536422.0,6336.1,3.0833,no
2024-04,27101981,"Oli motore, oli per compressori e turbine",17369156.0,5551.4,3.1288,no
2024-05,27101981,"Oli motore, oli per compressori e turbine",18816013.0,6116.5,3.0763,no
2024-06,27101981,"Oli motore, oli per compressori e turbine",17043281.0,5610.5,3.0377,no
2024-07,27101981,"Oli motore, oli per compressori e turbine",22954998.0,7654.9,2.9987,no
2024-08,27101981,"Oli motore, oli per compressori e turbine",10275114.0,3686.1,2.7876,no
2024-09,27101981,"Oli motore, oli per compressori e turbine",20908030.0,7184.2,2.9103,no
2024-10,27101981,"Oli motore, oli per compressori e turbine",21469948.0,7171.4,2.9938,no
2024-11,27101981,"Oli motore, oli per compressori e turbine",15719088.0,5013.6,3.1353,no
2024-12,27101981,"Oli motore, oli per compressori e turbine",14439868.0,4845.0,2.9804,no
2025-01,27101981,"Oli motore, oli per compressori e turbine",16513161.0,5721.3,2.8863,no
2025-02,27101981,"Oli motore, oli per compressori e turbine",23379026.0,8034.9,2.9097,no
2025-03,27101981,"Oli motore, oli per compressori e turbine",22442576.0,6984.9,3.213,no
2025-04,27101981,"Oli motore, oli per compressori e turbine",20964487.0,7186.1,2.9174,no
2025-05,27101981,"Oli motore, oli per compressori e turbine",20809480.0,7056.8,2.9489,no
2025-06,27101981,"Oli motore, oli per compressori e turbine",20017600.0,6885.9,2.9071,no
2025-07,27101981,"Oli motore, oli per compressori e turbine",21183096.0,7154.3,2.9609,no
2025-08,27101981,"Oli motore, oli per compressori e turbine",14913767.0,5285.3,2.8217,no
2025-09,27101981,"Oli motore, oli per compressori e turbine",18854735.0,7658.4,2.462,no
2025-10,27101981,"Oli motore, oli per compressori e turbine",20581627.0,6870.8,2.9955,no
2025-11,27101981,"Oli motore, oli per compressori e turbine",19204169.0,6595.3,2.9118,no
2025-12,27101981,"Oli motore, oli per compressori e turbine",13246774.0,4622.0,2.866,no
2026-01,27101981,"Oli motore, oli per compressori e turbine",13613642.0,4199.8,3.2415,no
2026-02,27101981,"Oli motore, oli per compressori e turbine",20023163.0,6484.4,3.0879,no
2026-03,27101981,"Oli motore, oli per compressori e turbine",25744667.0,8287.4,3.1065,no
2026-04,27101981,"Oli motore, oli per compressori e turbine",17863292.0,6064.3,2.9457,no
2026-05,27101981,"Oli motore, oli per compressori e turbine",21096035.0,6398.7,3.2969,no
2026-06,27101981,"Oli motore, oli per compressori e turbine",303875.0,39.7,7.6545,si
2019-01,27101983,Oli idraulici,1098262.0,703.5,1.5611,no
2019-02,27101983,Oli idraulici,918638.0,553.5,1.6596,no
2019-03,27101983,Oli idraulici,993091.0,602.5,1.6483,no
2019-04,27101983,Oli idraulici,838169.0,452.6,1.8518,no
2019-05,27101983,Oli idraulici,958501.0,577.8,1.6588,no
2019-06,27101983,Oli idraulici,1213134.0,675.6,1.7957,no
2019-07,27101983,Oli idraulici,1040449.0,652.5,1.5945,no
2019-08,27101983,Oli idraulici,770811.0,490.5,1.5716,no
2019-09,27101983,Oli idraulici,817432.0,552.4,1.4797,no
2019-10,27101983,Oli idraulici,940768.0,570.0,1.6504,no
2019-11,27101983,Oli idraulici,825704.0,529.3,1.5599,no
2019-12,27101983,Oli idraulici,803746.0,478.3,1.6803,no
2020-01,27101983,Oli idraulici,912188.0,576.5,1.5824,no
2020-02,27101983,Oli idraulici,927774.0,523.6,1.7719,no
2020-03,27101983,Oli idraulici,1021963.0,687.7,1.4861,no
2020-04,27101983,Oli idraulici,529845.0,356.1,1.4881,no
2020-05,27101983,Oli idraulici,803945.0,426.2,1.8861,no
2020-06,27101983,Oli idraulici,785346.0,504.2,1.5577,no
2020-07,27101983,Oli idraulici,866135.0,538.4,1.6086,no
2020-08,27101983,Oli idraulici,902101.0,664.2,1.3581,no
2020-09,27101983,Oli idraulici,1374705.0,821.8,1.6729,no
2020-10,27101983,Oli idraulici,1513162.0,1325.6,1.1415,no
2020-11,27101983,Oli idraulici,923400.0,587.4,1.5721,no
2020-12,27101983,Oli idraulici,819449.0,501.6,1.6335,no
2021-01,27101983,Oli idraulici,721299.0,460.1,1.5678,no
2021-02,27101983,Oli idraulici,1154654.0,794.1,1.454,no
2021-03,27101983,Oli idraulici,1203717.0,766.5,1.5705,no
2021-04,27101983,Oli idraulici,1090096.0,630.2,1.7297,no
2021-05,27101983,Oli idraulici,939225.0,498.4,1.8843,no
2021-06,27101983,Oli idraulici,1205252.0,677.0,1.7802,no
2021-07,27101983,Oli idraulici,1055121.0,551.6,1.9128,no
2021-08,27101983,Oli idraulici,915618.0,440.0,2.0809,no
2021-09,27101983,Oli idraulici,1102800.0,573.8,1.922,no
2021-10,27101983,Oli idraulici,1081667.0,505.1,2.1415,no
2021-11,27101983,Oli idraulici,990880.0,469.6,2.1103,no
2021-12,27101983,Oli idraulici,1050600.0,516.8,2.0328,no
2022-01,27101983,Oli idraulici,810012.0,383.1,2.1146,no
2022-02,27101983,Oli idraulici,1665962.0,826.7,2.0151,no
2022-03,27101983,Oli idraulici,1861004.0,896.4,2.0761,no
2022-04,27101983,Oli idraulici,1864009.0,860.2,2.1668,no
2022-05,27101983,Oli idraulici,2223200.0,1150.4,1.9326,no
2022-06,27101983,Oli idraulici,1736453.0,744.4,2.3326,no
2022-07,27101983,Oli idraulici,2045103.0,860.0,2.3779,no
2022-08,27101983,Oli idraulici,1364783.0,525.0,2.5996,no
2022-09,27101983,Oli idraulici,2239110.0,749.7,2.9866,no
2022-10,27101983,Oli idraulici,1764072.0,615.8,2.8645,no
2022-11,27101983,Oli idraulici,1999027.0,668.0,2.9926,no
2022-12,27101983,Oli idraulici,1456476.0,554.0,2.629,no
2023-01,27101983,Oli idraulici,1408085.0,526.9,2.6724,no
2023-02,27101983,Oli idraulici,1568471.0,566.0,2.771,no
2023-03,27101983,Oli idraulici,1771101.0,683.5,2.5911,no
2023-04,27101983,Oli idraulici,1428155.0,591.7,2.4135,no
2023-05,27101983,Oli idraulici,1744993.0,805.2,2.1673,no
2023-06,27101983,Oli idraulici,1365800.0,564.7,2.4188,no
2023-07,27101983,Oli idraulici,1606115.0,716.5,2.2415,no
2023-08,27101983,Oli idraulici,1084677.0,445.3,2.4358,no
2023-09,27101983,Oli idraulici,1583665.0,654.5,2.4197,no
2023-10,27101983,Oli idraulici,1769322.0,876.0,2.0199,no
2023-11,27101983,Oli idraulici,1750397.0,742.0,2.3591,no
2023-12,27101983,Oli idraulici,1874633.0,910.2,2.0595,no
2024-01,27101983,Oli idraulici,1432954.0,670.0,2.1386,no
2024-02,27101983,Oli idraulici,1331170.0,527.1,2.5255,no
2024-03,27101983,Oli idraulici,1325319.0,587.4,2.2564,no
2024-04,27101983,Oli idraulici,1591613.0,701.9,2.2676,no
2024-05,27101983,Oli idraulici,1939448.0,754.0,2.5721,no
2024-06,27101983,Oli idraulici,1688614.0,763.8,2.2108,no
2024-07,27101983,Oli idraulici,2026170.0,980.9,2.0657,no
2024-08,27101983,Oli idraulici,1319583.0,631.8,2.0886,no
2024-09,27101983,Oli idraulici,1658968.0,742.9,2.233,no
2024-10,27101983,Oli idraulici,1282838.0,607.5,2.1117,no
2024-11,27101983,Oli idraulici,1316554.0,548.5,2.4002,no
2024-12,27101983,Oli idraulici,1586805.0,674.0,2.3543,no
2025-01,27101983,Oli idraulici,1177512.0,600.3,1.9616,no
2025-02,27101983,Oli idraulici,1319324.0,747.9,1.764,no
2025-03,27101983,Oli idraulici,1988666.0,740.0,2.6874,no
2025-04,27101983,Oli idraulici,2298094.0,859.0,2.6752,no
2025-05,27101983,Oli idraulici,4210626.0,1455.8,2.8922,no
2025-06,27101983,Oli idraulici,7008128.0,2443.4,2.8681,no
2025-07,27101983,Oli idraulici,1664412.0,838.0,1.9861,no
2025-08,27101983,Oli idraulici,1339864.0,667.5,2.0073,no
2025-09,27101983,Oli idraulici,1893925.0,906.9,2.0884,no
2025-10,27101983,Oli idraulici,1384402.0,677.7,2.0427,no
2025-11,27101983,Oli idraulici,1680435.0,821.6,2.0453,no
2025-12,27101983,Oli idraulici,10251251.0,3240.0,3.164,no
2026-01,27101983,Oli idraulici,1339758.0,619.8,2.1616,no
2026-02,27101983,Oli idraulici,1501290.0,690.1,2.1754,no
2026-03,27101983,Oli idraulici,2034277.0,1031.6,1.9719,no
2026-04,27101983,Oli idraulici,2348319.0,1471.2,1.5962,no
2026-05,27101983,Oli idraulici,1333196.0,563.3,2.3667,no
2026-06,27101983,Oli idraulici,22862.0,3.5,6.5658,si
2019-01,27101985,Oli bianchi e paraffina liquida,1954186.0,1501.4,1.3016,no
2019-02,27101985,Oli bianchi e paraffina liquida,2481058.0,1967.7,1.2609,no
2019-03,27101985,Oli bianchi e paraffina liquida,2281141.0,1997.8,1.1418,no
2019-04,27101985,Oli bianchi e paraffina liquida,2129589.0,1726.2,1.2337,no
2019-05,27101985,Oli bianchi e paraffina liquida,2259706.0,1816.2,1.2442,no
2019-06,27101985,Oli bianchi e paraffina liquida,1528086.0,1098.5,1.3911,no
2019-07,27101985,Oli bianchi e paraffina liquida,2347072.0,1798.1,1.3053,no
2019-08,27101985,Oli bianchi e paraffina liquida,1244123.0,871.8,1.4271,no
2019-09,27101985,Oli bianchi e paraffina liquida,2153702.0,1573.0,1.3692,no
2019-10,27101985,Oli bianchi e paraffina liquida,2044914.0,1630.4,1.2542,no
2019-11,27101985,Oli bianchi e paraffina liquida,1833443.0,1532.1,1.1967,no
2019-12,27101985,Oli bianchi e paraffina liquida,2067909.0,1822.7,1.1345,no
2020-01,27101985,Oli bianchi e paraffina liquida,1901100.0,1931.0,0.9845,no
2020-02,27101985,Oli bianchi e paraffina liquida,2113433.0,2059.9,1.026,no
2020-03,27101985,Oli bianchi e paraffina liquida,2743439.0,2608.0,1.0519,no
2020-04,27101985,Oli bianchi e paraffina liquida,1158145.0,1057.6,1.0951,no
2020-05,27101985,Oli bianchi e paraffina liquida,1134847.0,1014.4,1.1187,no
2020-06,27101985,Oli bianchi e paraffina liquida,1883899.0,1927.8,0.9773,no
2020-07,27101985,Oli bianchi e paraffina liquida,1985270.0,2275.2,0.8726,no
2020-08,27101985,Oli bianchi e paraffina liquida,1493088.0,1341.1,1.1133,no
2020-09,27101985,Oli bianchi e paraffina liquida,1940285.0,1930.3,1.0052,no
2020-10,27101985,Oli bianchi e paraffina liquida,1816683.0,2008.3,0.9046,no
2020-11,27101985,Oli bianchi e paraffina liquida,2464751.0,2694.3,0.9148,no
2020-12,27101985,Oli bianchi e paraffina liquida,1962034.0,2000.7,0.9807,no
2021-01,27101985,Oli bianchi e paraffina liquida,1586055.0,1281.0,1.2381,no
2021-02,27101985,Oli bianchi e paraffina liquida,2105224.0,1907.6,1.1036,no
2021-03,27101985,Oli bianchi e paraffina liquida,2538668.0,1896.0,1.339,no
2021-04,27101985,Oli bianchi e paraffina liquida,3508526.0,2657.2,1.3204,no
2021-05,27101985,Oli bianchi e paraffina liquida,4684927.0,3430.6,1.3656,no
2021-06,27101985,Oli bianchi e paraffina liquida,3572953.0,2454.4,1.4558,no
2021-07,27101985,Oli bianchi e paraffina liquida,2380174.0,1486.9,1.6007,no
2021-08,27101985,Oli bianchi e paraffina liquida,1833094.0,1306.5,1.403,no
2021-09,27101985,Oli bianchi e paraffina liquida,3708096.0,2504.9,1.4803,no
2021-10,27101985,Oli bianchi e paraffina liquida,3662641.0,2702.5,1.3553,no
2021-11,27101985,Oli bianchi e paraffina liquida,3349254.0,2433.1,1.3765,no
2021-12,27101985,Oli bianchi e paraffina liquida,2934188.0,1766.9,1.6606,no
2022-01,27101985,Oli bianchi e paraffina liquida,2370731.0,1619.1,1.4642,no
2022-02,27101985,Oli bianchi e paraffina liquida,3147766.0,2064.3,1.5249,no
2022-03,27101985,Oli bianchi e paraffina liquida,3171623.0,1591.3,1.9932,no
2022-04,27101985,Oli bianchi e paraffina liquida,2337931.0,1454.4,1.6075,no
2022-05,27101985,Oli bianchi e paraffina liquida,3183371.0,1754.3,1.8146,no
2022-06,27101985,Oli bianchi e paraffina liquida,2777275.0,1420.7,1.9549,no
2022-07,27101985,Oli bianchi e paraffina liquida,2811162.0,1467.8,1.9152,no
2022-08,27101985,Oli bianchi e paraffina liquida,2736727.0,1275.8,2.1451,no
2022-09,27101985,Oli bianchi e paraffina liquida,3093252.0,1533.4,2.0173,no
2022-10,27101985,Oli bianchi e paraffina liquida,3269051.0,1769.0,1.848,no
2022-11,27101985,Oli bianchi e paraffina liquida,3157727.0,1673.4,1.887,no
2022-12,27101985,Oli bianchi e paraffina liquida,1462268.0,909.6,1.6076,no
2023-01,27101985,Oli bianchi e paraffina liquida,2964317.0,1833.4,1.6169,no
2023-02,27101985,Oli bianchi e paraffina liquida,4093026.0,2826.3,1.4482,no
2023-03,27101985,Oli bianchi e paraffina liquida,2487550.0,1631.6,1.5246,no
2023-04,27101985,Oli bianchi e paraffina liquida,1985566.0,1237.0,1.6052,no
2023-05,27101985,Oli bianchi e paraffina liquida,3718951.0,2640.3,1.4085,no
2023-06,27101985,Oli bianchi e paraffina liquida,2599183.0,1819.5,1.4285,no
2023-07,27101985,Oli bianchi e paraffina liquida,1741711.0,1097.1,1.5876,no
2023-08,27101985,Oli bianchi e paraffina liquida,1337679.0,950.9,1.4067,no
2023-09,27101985,Oli bianchi e paraffina liquida,1963180.0,1310.4,1.4982,no
2023-10,27101985,Oli bianchi e paraffina liquida,2638538.0,1903.9,1.3859,no
2023-11,27101985,Oli bianchi e paraffina liquida,3269530.0,2380.8,1.3733,no
2023-12,27101985,Oli bianchi e paraffina liquida,1179132.0,800.9,1.4722,no
2024-01,27101985,Oli bianchi e paraffina liquida,1472547.0,891.9,1.651,no
2024-02,27101985,Oli bianchi e paraffina liquida,2286078.0,1306.0,1.7504,no
2024-03,27101985,Oli bianchi e paraffina liquida,2201530.0,1479.7,1.4878,no
2024-04,27101985,Oli bianchi e paraffina liquida,2666509.0,1774.4,1.5028,no
2024-05,27101985,Oli bianchi e paraffina liquida,2034047.0,1255.3,1.6204,no
2024-06,27101985,Oli bianchi e paraffina liquida,1426730.0,931.8,1.5311,no
2024-07,27101985,Oli bianchi e paraffina liquida,2145327.0,1366.4,1.5701,no
2024-08,27101985,Oli bianchi e paraffina liquida,1186063.0,696.9,1.702,no
2024-09,27101985,Oli bianchi e paraffina liquida,1269947.0,754.8,1.6825,no
2024-10,27101985,Oli bianchi e paraffina liquida,1719455.0,1060.9,1.6207,no
2024-11,27101985,Oli bianchi e paraffina liquida,2026522.0,1373.9,1.475,no
2024-12,27101985,Oli bianchi e paraffina liquida,1381195.0,722.0,1.9129,no
2025-01,27101985,Oli bianchi e paraffina liquida,2021221.0,1360.2,1.4859,no
2025-02,27101985,Oli bianchi e paraffina liquida,1789999.0,1136.8,1.5746,no
2025-03,27101985,Oli bianchi e paraffina liquida,2469063.0,1606.2,1.5372,no
2025-04,27101985,Oli bianchi e paraffina liquida,2380097.0,1759.1,1.353,no
2025-05,27101985,Oli bianchi e paraffina liquida,1306865.0,838.4,1.5587,no
2025-06,27101985,Oli bianchi e paraffina liquida,1592776.0,1030.6,1.5455,no
2025-07,27101985,Oli bianchi e paraffina liquida,2410515.0,1840.3,1.3099,no
2025-08,27101985,Oli bianchi e paraffina liquida,585603.0,389.7,1.5029,no
2025-09,27101985,Oli bianchi e paraffina liquida,2488357.0,1884.1,1.3207,no
2025-10,27101985,Oli bianchi e paraffina liquida,1696298.0,1211.7,1.3999,no
2025-11,27101985,Oli bianchi e paraffina liquida,2707725.0,2367.3,1.1438,no
2025-12,27101985,Oli bianchi e paraffina liquida,1233267.0,943.5,1.3071,no
2026-01,27101985,Oli bianchi e paraffina liquida,835064.0,565.9,1.4755,no
2026-02,27101985,Oli bianchi e paraffina liquida,1889650.0,1566.1,1.2066,no
2026-03,27101985,Oli bianchi e paraffina liquida,1982111.0,1532.5,1.2934,no
2026-04,27101985,Oli bianchi e paraffina liquida,8497311.0,6491.9,1.3089,no
2026-05,27101985,Oli bianchi e paraffina liquida,3161327.0,1941.1,1.6286,no
2026-06,27101985,Oli bianchi e paraffina liquida,855530.0,620.4,1.379,si
2019-01,27101987,Oli per ingranaggi e riduttori,1132173.0,457.9,2.4725,no
2019-02,27101987,Oli per ingranaggi e riduttori,1032841.0,379.0,2.7249,no
2019-03,27101987,Oli per ingranaggi e riduttori,1486177.0,481.0,3.0897,no
2019-04,27101987,Oli per ingranaggi e riduttori,1075141.0,442.4,2.4302,no
2019-05,27101987,Oli per ingranaggi e riduttori,1602209.0,704.4,2.2746,no
2019-06,27101987,Oli per ingranaggi e riduttori,1406924.0,519.0,2.7109,no
2019-07,27101987,Oli per ingranaggi e riduttori,1112200.0,400.2,2.7792,no
2019-08,27101987,Oli per ingranaggi e riduttori,1185411.0,403.9,2.9352,no
2019-09,27101987,Oli per ingranaggi e riduttori,1342458.0,439.3,3.0557,no
2019-10,27101987,Oli per ingranaggi e riduttori,1058630.0,427.0,2.4792,no
2019-11,27101987,Oli per ingranaggi e riduttori,1122473.0,421.2,2.6649,no
2019-12,27101987,Oli per ingranaggi e riduttori,935653.0,334.8,2.7949,no
2020-01,27101987,Oli per ingranaggi e riduttori,1200015.0,438.7,2.7352,no
2020-02,27101987,Oli per ingranaggi e riduttori,1406938.0,500.1,2.8134,no
2020-03,27101987,Oli per ingranaggi e riduttori,959829.0,515.8,1.8609,no
2020-04,27101987,Oli per ingranaggi e riduttori,651192.0,295.2,2.2059,no
2020-05,27101987,Oli per ingranaggi e riduttori,650071.0,284.6,2.284,no
2020-06,27101987,Oli per ingranaggi e riduttori,1889034.0,672.7,2.8082,no
2020-07,27101987,Oli per ingranaggi e riduttori,1433861.0,931.1,1.54,no
2020-08,27101987,Oli per ingranaggi e riduttori,862080.0,627.8,1.3732,no
2020-09,27101987,Oli per ingranaggi e riduttori,1398464.0,3238.2,0.4319,no
2020-10,27101987,Oli per ingranaggi e riduttori,1239893.0,822.1,1.5082,no
2020-11,27101987,Oli per ingranaggi e riduttori,972082.0,412.4,2.3568,no
2020-12,27101987,Oli per ingranaggi e riduttori,1016929.0,782.8,1.2991,no
2021-01,27101987,Oli per ingranaggi e riduttori,1313333.0,480.0,2.736,no
2021-02,27101987,Oli per ingranaggi e riduttori,1170846.0,477.5,2.4519,no
2021-03,27101987,Oli per ingranaggi e riduttori,1558354.0,608.7,2.56,no
2021-04,27101987,Oli per ingranaggi e riduttori,1232630.0,484.1,2.5464,no
2021-05,27101987,Oli per ingranaggi e riduttori,1578071.0,517.7,3.0481,no
2021-06,27101987,Oli per ingranaggi e riduttori,1964875.0,679.2,2.893,no
2021-07,27101987,Oli per ingranaggi e riduttori,1526415.0,617.5,2.472,no
2021-08,27101987,Oli per ingranaggi e riduttori,1333459.0,457.6,2.9138,no
2021-09,27101987,Oli per ingranaggi e riduttori,1342228.0,368.5,3.6429,no
2021-10,27101987,Oli per ingranaggi e riduttori,1396777.0,376.7,3.7084,no
2021-11,27101987,Oli per ingranaggi e riduttori,1896458.0,573.0,3.3098,no
2021-12,27101987,Oli per ingranaggi e riduttori,1172682.0,328.5,3.5697,no
2022-01,27101987,Oli per ingranaggi e riduttori,1855353.0,496.5,3.7372,no
2022-02,27101987,Oli per ingranaggi e riduttori,2006558.0,588.7,3.4086,no
2022-03,27101987,Oli per ingranaggi e riduttori,2459213.0,697.8,3.5242,no
2022-04,27101987,Oli per ingranaggi e riduttori,1823566.0,522.6,3.4897,no
2022-05,27101987,Oli per ingranaggi e riduttori,2264724.0,700.6,3.2324,no
2022-06,27101987,Oli per ingranaggi e riduttori,2351617.0,611.0,3.8487,no
2022-07,27101987,Oli per ingranaggi e riduttori,2243658.0,575.4,3.8995,no
2022-08,27101987,Oli per ingranaggi e riduttori,1901293.0,593.5,3.2037,no
2022-09,27101987,Oli per ingranaggi e riduttori,3731672.0,615.6,6.0619,no
2022-10,27101987,Oli per ingranaggi e riduttori,4043830.0,760.9,5.3142,no
2022-11,27101987,Oli per ingranaggi e riduttori,2829904.0,561.1,5.0436,no
2022-12,27101987,Oli per ingranaggi e riduttori,2184391.0,562.2,3.8853,no
2023-01,27101987,Oli per ingranaggi e riduttori,2746337.0,683.6,4.0172,no
2023-02,27101987,Oli per ingranaggi e riduttori,2674904.0,664.5,4.0257,no
2023-03,27101987,Oli per ingranaggi e riduttori,3155374.0,743.0,4.2466,no
2023-04,27101987,Oli per ingranaggi e riduttori,2584810.0,646.8,3.996,no
2023-05,27101987,Oli per ingranaggi e riduttori,2775138.0,639.8,4.3375,no
2023-06,27101987,Oli per ingranaggi e riduttori,2262747.0,572.5,3.9523,no
2023-07,27101987,Oli per ingranaggi e riduttori,2337685.0,574.8,4.0672,no
2023-08,27101987,Oli per ingranaggi e riduttori,1758566.0,426.7,4.1212,no
2023-09,27101987,Oli per ingranaggi e riduttori,2041069.0,482.2,4.2324,no
2023-10,27101987,Oli per ingranaggi e riduttori,1992427.0,535.1,3.7231,no
2023-11,27101987,Oli per ingranaggi e riduttori,2062369.0,497.4,4.1466,no
2023-12,27101987,Oli per ingranaggi e riduttori,1697468.0,455.5,3.7264,no
2024-01,27101987,Oli per ingranaggi e riduttori,2257277.0,581.8,3.8796,no
2024-02,27101987,Oli per ingranaggi e riduttori,2357622.0,559.2,4.2162,no
2024-03,27101987,Oli per ingranaggi e riduttori,2399813.0,571.6,4.1986,no
2024-04,27101987,Oli per ingranaggi e riduttori,2559284.0,570.0,4.4899,no
2024-05,27101987,Oli per ingranaggi e riduttori,2105363.0,506.3,4.1584,no
2024-06,27101987,Oli per ingranaggi e riduttori,1933066.0,398.1,4.8558,no
2024-07,27101987,Oli per ingranaggi e riduttori,2439987.0,524.0,4.6565,no
2024-08,27101987,Oli per ingranaggi e riduttori,1579914.0,398.5,3.9646,no
2024-09,27101987,Oli per ingranaggi e riduttori,2465738.0,557.4,4.4233,no
2024-10,27101987,Oli per ingranaggi e riduttori,2104453.0,510.1,4.1253,no
2024-11,27101987,Oli per ingranaggi e riduttori,2028406.0,472.2,4.2958,no
2024-12,27101987,Oli per ingranaggi e riduttori,2100118.0,498.6,4.2117,no
2025-01,27101987,Oli per ingranaggi e riduttori,1876401.0,508.5,3.69,no
2025-02,27101987,Oli per ingranaggi e riduttori,2441734.0,1021.3,2.3908,no
2025-03,27101987,Oli per ingranaggi e riduttori,2506424.0,708.5,3.5377,no
2025-04,27101987,Oli per ingranaggi e riduttori,2540471.0,697.1,3.6442,no
2025-05,27101987,Oli per ingranaggi e riduttori,2123142.0,573.3,3.7034,no
2025-06,27101987,Oli per ingranaggi e riduttori,2338724.0,725.9,3.222,no
2025-07,27101987,Oli per ingranaggi e riduttori,2712150.0,830.4,3.2661,no
2025-08,27101987,Oli per ingranaggi e riduttori,2098560.0,771.0,2.7219,no
2025-09,27101987,Oli per ingranaggi e riduttori,2220302.0,1035.7,2.1438,no
2025-10,27101987,Oli per ingranaggi e riduttori,2234092.0,655.1,3.4101,no
2025-11,27101987,Oli per ingranaggi e riduttori,2217967.0,969.0,2.2889,no
2025-12,27101987,Oli per ingranaggi e riduttori,1791936.0,445.7,4.0203,no
2026-01,27101987,Oli per ingranaggi e riduttori,1849035.0,491.8,3.7595,no
2026-02,27101987,Oli per ingranaggi e riduttori,2523923.0,810.4,3.1144,no
2026-03,27101987,Oli per ingranaggi e riduttori,3216867.0,889.0,3.6184,no
2026-04,27101987,Oli per ingranaggi e riduttori,1787884.0,1054.7,1.6952,no
2026-05,27101987,Oli per ingranaggi e riduttori,2140524.0,987.0,2.1687,no
2026-06,27101987,Oli per ingranaggi e riduttori,63545.0,25.0,2.5399,si
2019-01,27101991,"Oli per lavorazione metalli, distacco stampi, anticorrosione",772426.0,415.4,1.8594,no
2019-02,27101991,"Oli per lavorazione metalli, distacco stampi, anticorrosione",534647.0,284.9,1.8764,no
2019-03,27101991,"Oli per lavorazione metalli, distacco stampi, anticorrosione",900806.0,570.1,1.5799,no
2019-04,27101991,"Oli per lavorazione metalli, distacco stampi, anticorrosione",651334.0,310.9,2.095,no
2019-05,27101991,"Oli per lavorazione metalli, distacco stampi, anticorrosione",809847.0,444.5,1.822,no
2019-06,27101991,"Oli per lavorazione metalli, distacco stampi, anticorrosione",516964.0,249.5,2.0716,no
2019-07,27101991,"Oli per lavorazione metalli, distacco stampi, anticorrosione",586360.0,270.8,2.165,no
2019-08,27101991,"Oli per lavorazione metalli, distacco stampi, anticorrosione",479889.0,239.4,2.0042,no
2019-09,27101991,"Oli per lavorazione metalli, distacco stampi, anticorrosione",708967.0,501.4,1.4138,no
2019-10,27101991,"Oli per lavorazione metalli, distacco stampi, anticorrosione",1321756.0,1117.8,1.1825,no
2019-11,27101991,"Oli per lavorazione metalli, distacco stampi, anticorrosione",805077.0,502.1,1.6035,no
2019-12,27101991,"Oli per lavorazione metalli, distacco stampi, anticorrosione",490034.0,254.4,1.9262,no
2020-01,27101991,"Oli per lavorazione metalli, distacco stampi, anticorrosione",931123.0,396.0,2.3511,no
2020-02,27101991,"Oli per lavorazione metalli, distacco stampi, anticorrosione",956420.0,400.3,2.389,no
2020-03,27101991,"Oli per lavorazione metalli, distacco stampi, anticorrosione",1512016.0,967.8,1.5623,no
2020-04,27101991,"Oli per lavorazione metalli, distacco stampi, anticorrosione",864411.0,573.3,1.5078,no
2020-05,27101991,"Oli per lavorazione metalli, distacco stampi, anticorrosione",902520.0,550.5,1.6395,no
2020-06,27101991,"Oli per lavorazione metalli, distacco stampi, anticorrosione",913724.0,377.2,2.4222,no
2020-07,27101991,"Oli per lavorazione metalli, distacco stampi, anticorrosione",1081040.0,457.6,2.3626,no
2020-08,27101991,"Oli per lavorazione metalli, distacco stampi, anticorrosione",785934.0,341.8,2.2992,no
2020-09,27101991,"Oli per lavorazione metalli, distacco stampi, anticorrosione",1215087.0,551.9,2.2016,no
2020-10,27101991,"Oli per lavorazione metalli, distacco stampi, anticorrosione",1210051.0,543.3,2.2271,no
2020-11,27101991,"Oli per lavorazione metalli, distacco stampi, anticorrosione",1164421.0,555.8,2.0952,no
2020-12,27101991,"Oli per lavorazione metalli, distacco stampi, anticorrosione",1228951.0,588.4,2.0885,no
2021-01,27101991,"Oli per lavorazione metalli, distacco stampi, anticorrosione",470421.0,255.4,1.842,no
2021-02,27101991,"Oli per lavorazione metalli, distacco stampi, anticorrosione",751008.0,427.8,1.7554,no
2021-03,27101991,"Oli per lavorazione metalli, distacco stampi, anticorrosione",785216.0,405.1,1.9382,no
2021-04,27101991,"Oli per lavorazione metalli, distacco stampi, anticorrosione",750644.0,377.5,1.9884,no
2021-05,27101991,"Oli per lavorazione metalli, distacco stampi, anticorrosione",854561.0,444.3,1.9235,no
2021-06,27101991,"Oli per lavorazione metalli, distacco stampi, anticorrosione",1056229.0,463.6,2.2782,no
2021-07,27101991,"Oli per lavorazione metalli, distacco stampi, anticorrosione",714494.0,320.8,2.2272,no
2021-08,27101991,"Oli per lavorazione metalli, distacco stampi, anticorrosione",648134.0,309.6,2.0934,no
2021-09,27101991,"Oli per lavorazione metalli, distacco stampi, anticorrosione",775918.0,363.1,2.1372,no
2021-10,27101991,"Oli per lavorazione metalli, distacco stampi, anticorrosione",892887.0,427.5,2.0885,no
2021-11,27101991,"Oli per lavorazione metalli, distacco stampi, anticorrosione",915912.0,446.1,2.0533,no
2021-12,27101991,"Oli per lavorazione metalli, distacco stampi, anticorrosione",742270.0,336.4,2.2065,no
2022-01,27101991,"Oli per lavorazione metalli, distacco stampi, anticorrosione",565757.0,250.7,2.2569,no
2022-02,27101991,"Oli per lavorazione metalli, distacco stampi, anticorrosione",1122762.0,494.0,2.273,no
2022-03,27101991,"Oli per lavorazione metalli, distacco stampi, anticorrosione",945675.0,439.9,2.1496,no
2022-04,27101991,"Oli per lavorazione metalli, distacco stampi, anticorrosione",902121.0,396.3,2.2761,no
2022-05,27101991,"Oli per lavorazione metalli, distacco stampi, anticorrosione",1341470.0,497.5,2.6966,no
2022-06,27101991,"Oli per lavorazione metalli, distacco stampi, anticorrosione",1383554.0,491.7,2.814,no
2022-07,27101991,"Oli per lavorazione metalli, distacco stampi, anticorrosione",1143796.0,409.7,2.7918,no
2022-08,27101991,"Oli per lavorazione metalli, distacco stampi, anticorrosione",651297.0,237.8,2.7391,no
2022-09,27101991,"Oli per lavorazione metalli, distacco stampi, anticorrosione",922605.0,329.2,2.8023,no
2022-10,27101991,"Oli per lavorazione metalli, distacco stampi, anticorrosione",1050167.0,375.6,2.7963,no
2022-11,27101991,"Oli per lavorazione metalli, distacco stampi, anticorrosione",826993.0,318.7,2.5952,no
2022-12,27101991,"Oli per lavorazione metalli, distacco stampi, anticorrosione",659777.0,239.0,2.7601,no
2023-01,27101991,"Oli per lavorazione metalli, distacco stampi, anticorrosione",630518.0,198.3,3.1792,no
2023-02,27101991,"Oli per lavorazione metalli, distacco stampi, anticorrosione",865486.0,281.3,3.0766,no
2023-03,27101991,"Oli per lavorazione metalli, distacco stampi, anticorrosione",941571.0,304.1,3.0961,no
2023-04,27101991,"Oli per lavorazione metalli, distacco stampi, anticorrosione",935877.0,282.1,3.3181,no
2023-05,27101991,"Oli per lavorazione metalli, distacco stampi, anticorrosione",1549650.0,534.4,2.8998,no
2023-06,27101991,"Oli per lavorazione metalli, distacco stampi, anticorrosione",953113.0,335.3,2.8422,no
2023-07,27101991,"Oli per lavorazione metalli, distacco stampi, anticorrosione",1191401.0,429.7,2.7724,no
2023-08,27101991,"Oli per lavorazione metalli, distacco stampi, anticorrosione",644913.0,222.9,2.8931,no
2023-09,27101991,"Oli per lavorazione metalli, distacco stampi, anticorrosione",909223.0,308.0,2.952,no
2023-10,27101991,"Oli per lavorazione metalli, distacco stampi, anticorrosione",786704.0,270.5,2.908,no
2023-11,27101991,"Oli per lavorazione metalli, distacco stampi, anticorrosione",1332313.0,449.2,2.9658,no
2023-12,27101991,"Oli per lavorazione metalli, distacco stampi, anticorrosione",692465.0,228.2,3.0339,no
2024-01,27101991,"Oli per lavorazione metalli, distacco stampi, anticorrosione",1043430.0,352.0,2.9641,no
2024-02,27101991,"Oli per lavorazione metalli, distacco stampi, anticorrosione",1096450.0,374.4,2.9289,no
2024-03,27101991,"Oli per lavorazione metalli, distacco stampi, anticorrosione",854456.0,287.5,2.9725,no
2024-04,27101991,"Oli per lavorazione metalli, distacco stampi, anticorrosione",877899.0,306.1,2.868,no
2024-05,27101991,"Oli per lavorazione metalli, distacco stampi, anticorrosione",802421.0,263.5,3.0451,no
2024-06,27101991,"Oli per lavorazione metalli, distacco stampi, anticorrosione",903583.0,334.3,2.703,no
2024-07,27101991,"Oli per lavorazione metalli, distacco stampi, anticorrosione",1547738.0,483.4,3.202,no
2024-08,27101991,"Oli per lavorazione metalli, distacco stampi, anticorrosione",698918.0,222.1,3.1475,no
2024-09,27101991,"Oli per lavorazione metalli, distacco stampi, anticorrosione",1072580.0,329.1,3.2594,no
2024-10,27101991,"Oli per lavorazione metalli, distacco stampi, anticorrosione",1256306.0,420.2,2.9901,no
2024-11,27101991,"Oli per lavorazione metalli, distacco stampi, anticorrosione",775421.0,263.5,2.943,no
2024-12,27101991,"Oli per lavorazione metalli, distacco stampi, anticorrosione",705931.0,241.0,2.9292,no
2025-01,27101991,"Oli per lavorazione metalli, distacco stampi, anticorrosione",1053611.0,402.2,2.6197,no
2025-02,27101991,"Oli per lavorazione metalli, distacco stampi, anticorrosione",1049045.0,393.1,2.6688,no
2025-03,27101991,"Oli per lavorazione metalli, distacco stampi, anticorrosione",1322893.0,482.2,2.7432,no
2025-04,27101991,"Oli per lavorazione metalli, distacco stampi, anticorrosione",908370.0,359.4,2.5272,no
2025-05,27101991,"Oli per lavorazione metalli, distacco stampi, anticorrosione",917389.0,312.0,2.9402,no
2025-06,27101991,"Oli per lavorazione metalli, distacco stampi, anticorrosione",1085194.0,406.0,2.6732,no
2025-07,27101991,"Oli per lavorazione metalli, distacco stampi, anticorrosione",921046.0,322.6,2.8553,no
2025-08,27101991,"Oli per lavorazione metalli, distacco stampi, anticorrosione",738491.0,276.0,2.6753,no
2025-09,27101991,"Oli per lavorazione metalli, distacco stampi, anticorrosione",963574.0,350.0,2.7529,no
2025-10,27101991,"Oli per lavorazione metalli, distacco stampi, anticorrosione",1101399.0,395.5,2.785,no
2025-11,27101991,"Oli per lavorazione metalli, distacco stampi, anticorrosione",1152809.0,409.2,2.817,no
2025-12,27101991,"Oli per lavorazione metalli, distacco stampi, anticorrosione",724651.0,299.8,2.4173,no
2026-01,27101991,"Oli per lavorazione metalli, distacco stampi, anticorrosione",916678.0,345.7,2.6514,no
2026-02,27101991,"Oli per lavorazione metalli, distacco stampi, anticorrosione",1064810.0,375.7,2.8343,no
2026-03,27101991,"Oli per lavorazione metalli, distacco stampi, anticorrosione",1302934.0,453.7,2.872,no
2026-04,27101991,"Oli per lavorazione metalli, distacco stampi, anticorrosione",1089612.0,381.2,2.8585,no
2026-05,27101991,"Oli per lavorazione metalli, distacco stampi, anticorrosione",1257613.0,379.5,3.314,no
2026-06,27101991,"Oli per lavorazione metalli, distacco stampi, anticorrosione",60624.0,15.8,3.8365,si
2019-01,27101993,Oli isolanti per uso elettrico,390447.0,344.0,1.1351,no
2019-02,27101993,Oli isolanti per uso elettrico,290399.0,269.5,1.0776,no
2019-03,27101993,Oli isolanti per uso elettrico,267021.0,230.8,1.157,no
2019-04,27101993,Oli isolanti per uso elettrico,489848.0,419.6,1.1676,no
2019-05,27101993,Oli isolanti per uso elettrico,1849692.0,2467.6,0.7496,no
2019-06,27101993,Oli isolanti per uso elettrico,1833276.0,2206.2,0.831,no
2019-07,27101993,Oli isolanti per uso elettrico,1317333.0,1748.9,0.7532,no
2019-08,27101993,Oli isolanti per uso elettrico,1264387.0,1265.3,0.9993,no
2019-09,27101993,Oli isolanti per uso elettrico,297624.0,274.4,1.0848,no
2019-10,27101993,Oli isolanti per uso elettrico,634025.0,528.1,1.2005,no
2019-11,27101993,Oli isolanti per uso elettrico,244904.0,265.6,0.9219,no
2019-12,27101993,Oli isolanti per uso elettrico,520529.0,395.9,1.3148,no
2020-01,27101993,Oli isolanti per uso elettrico,301003.0,258.7,1.1637,no
2020-02,27101993,Oli isolanti per uso elettrico,270151.0,257.5,1.0493,no
2020-03,27101993,Oli isolanti per uso elettrico,259588.0,306.6,0.8467,no
2020-04,27101993,Oli isolanti per uso elettrico,265116.0,244.2,1.0856,no
2020-05,27101993,Oli isolanti per uso elettrico,315582.0,211.6,1.4911,no
2020-06,27101993,Oli isolanti per uso elettrico,461070.0,440.9,1.0457,no
2020-07,27101993,Oli isolanti per uso elettrico,435611.0,470.5,0.9259,no
2020-08,27101993,Oli isolanti per uso elettrico,148640.0,186.4,0.7975,no
2020-09,27101993,Oli isolanti per uso elettrico,994849.0,591.6,1.6816,no
2020-10,27101993,Oli isolanti per uso elettrico,516975.0,508.9,1.0159,no
2020-11,27101993,Oli isolanti per uso elettrico,1077998.0,2033.7,0.5301,no
2020-12,27101993,Oli isolanti per uso elettrico,1047535.0,820.7,1.2764,no
2021-01,27101993,Oli isolanti per uso elettrico,262242.0,352.9,0.7432,no
2021-02,27101993,Oli isolanti per uso elettrico,3224464.0,4477.3,0.7202,no
2021-03,27101993,Oli isolanti per uso elettrico,1057453.0,954.5,1.1079,no
2021-04,27101993,Oli isolanti per uso elettrico,1232245.0,1047.1,1.1768,no
2021-05,27101993,Oli isolanti per uso elettrico,1087988.0,985.9,1.1036,no
2021-06,27101993,Oli isolanti per uso elettrico,4426491.0,3317.2,1.3344,no
2021-07,27101993,Oli isolanti per uso elettrico,5629976.0,4311.1,1.3059,no
2021-08,27101993,Oli isolanti per uso elettrico,1630404.0,1011.8,1.6114,no
2021-09,27101993,Oli isolanti per uso elettrico,2073764.0,1270.2,1.6326,no
2021-10,27101993,Oli isolanti per uso elettrico,2633446.0,1801.5,1.4618,no
2021-11,27101993,Oli isolanti per uso elettrico,1428908.0,974.3,1.4666,no
2021-12,27101993,Oli isolanti per uso elettrico,2152375.0,1252.4,1.7186,no
2022-01,27101993,Oli isolanti per uso elettrico,1376695.0,906.5,1.5186,no
2022-02,27101993,Oli isolanti per uso elettrico,2469060.0,1851.0,1.3339,no
2022-03,27101993,Oli isolanti per uso elettrico,2767881.0,2047.8,1.3516,no
2022-04,27101993,Oli isolanti per uso elettrico,2544975.0,1615.1,1.5757,no
2022-05,27101993,Oli isolanti per uso elettrico,3828776.0,2125.6,1.8012,no
2022-06,27101993,Oli isolanti per uso elettrico,1617041.0,847.8,1.9074,no
2022-07,27101993,Oli isolanti per uso elettrico,4503060.0,2085.6,2.1591,no
2022-08,27101993,Oli isolanti per uso elettrico,916518.0,512.3,1.7891,no
2022-09,27101993,Oli isolanti per uso elettrico,2642446.0,1287.6,2.0522,no
2022-10,27101993,Oli isolanti per uso elettrico,1261606.0,562.6,2.2424,no
2022-11,27101993,Oli isolanti per uso elettrico,1836882.0,876.2,2.0963,no
2022-12,27101993,Oli isolanti per uso elettrico,837596.0,383.4,2.1845,no
2023-01,27101993,Oli isolanti per uso elettrico,1033425.0,414.0,2.496,no
2023-02,27101993,Oli isolanti per uso elettrico,1589158.0,728.0,2.183,no
2023-03,27101993,Oli isolanti per uso elettrico,1700207.0,844.8,2.0125,no
2023-04,27101993,Oli isolanti per uso elettrico,1396123.0,688.2,2.0287,no
2023-05,27101993,Oli isolanti per uso elettrico,1545556.0,833.9,1.8533,no
2023-06,27101993,Oli isolanti per uso elettrico,2368981.0,1525.1,1.5533,no
2023-07,27101993,Oli isolanti per uso elettrico,1230174.0,616.9,1.9942,no
2023-08,27101993,Oli isolanti per uso elettrico,356485.0,204.9,1.7394,no
2023-09,27101993,Oli isolanti per uso elettrico,915613.0,428.8,2.1351,no
2023-10,27101993,Oli isolanti per uso elettrico,1232249.0,610.3,2.019,no
2023-11,27101993,Oli isolanti per uso elettrico,2761696.0,1855.2,1.4886,no
2023-12,27101993,Oli isolanti per uso elettrico,738473.0,429.5,1.7192,no
2024-01,27101993,Oli isolanti per uso elettrico,1417778.0,843.2,1.6814,no
2024-02,27101993,Oli isolanti per uso elettrico,820737.0,557.9,1.471,no
2024-03,27101993,Oli isolanti per uso elettrico,936154.0,572.4,1.6354,no
2024-04,27101993,Oli isolanti per uso elettrico,777636.0,464.8,1.6731,no
2024-05,27101993,Oli isolanti per uso elettrico,1095020.0,507.2,2.159,no
2024-06,27101993,Oli isolanti per uso elettrico,1081061.0,496.1,2.1791,no
2024-07,27101993,Oli isolanti per uso elettrico,1225124.0,520.2,2.355,no
2024-08,27101993,Oli isolanti per uso elettrico,562105.0,337.2,1.6672,no
2024-09,27101993,Oli isolanti per uso elettrico,1071292.0,573.6,1.8677,no
2024-10,27101993,Oli isolanti per uso elettrico,1341575.0,757.0,1.7723,no
2024-11,27101993,Oli isolanti per uso elettrico,1161522.0,671.0,1.731,no
2024-12,27101993,Oli isolanti per uso elettrico,1110848.0,468.7,2.3701,no
2025-01,27101993,Oli isolanti per uso elettrico,1132283.0,541.0,2.0928,no
2025-02,27101993,Oli isolanti per uso elettrico,2301706.0,1510.5,1.5238,no
2025-03,27101993,Oli isolanti per uso elettrico,1338696.0,626.2,2.1377,no
2025-04,27101993,Oli isolanti per uso elettrico,1049327.0,472.9,2.219,no
2025-05,27101993,Oli isolanti per uso elettrico,8396687.0,6330.4,1.3264,no
2025-06,27101993,Oli isolanti per uso elettrico,858029.0,442.1,1.9409,no
2025-07,27101993,Oli isolanti per uso elettrico,575565.0,414.3,1.3892,no
2025-08,27101993,Oli isolanti per uso elettrico,626015.0,330.4,1.8947,no
2025-09,27101993,Oli isolanti per uso elettrico,1476563.0,682.0,2.1649,no
2025-10,27101993,Oli isolanti per uso elettrico,1888565.0,678.1,2.7851,no
2025-11,27101993,Oli isolanti per uso elettrico,3416169.0,1957.6,1.7451,no
2025-12,27101993,Oli isolanti per uso elettrico,6773103.0,5649.3,1.1989,no
2026-01,27101993,Oli isolanti per uso elettrico,579750.0,375.4,1.5442,no
2026-02,27101993,Oli isolanti per uso elettrico,910657.0,567.5,1.6048,no
2026-03,27101993,Oli isolanti per uso elettrico,872546.0,492.4,1.7719,no
2026-04,27101993,Oli isolanti per uso elettrico,927600.0,554.9,1.6716,no
2026-05,27101993,Oli isolanti per uso elettrico,1338452.0,550.3,2.4321,no
2026-06,27101993,Oli isolanti per uso elettrico,472249.0,142.3,3.3183,si
2019-01,27101999,Altri oli lubrificanti (qui rientra la base GTL),22837626.0,30225.4,0.7556,no
2019-02,27101999,Altri oli lubrificanti (qui rientra la base GTL),25619953.0,31594.1,0.8109,no
2019-03,27101999,Altri oli lubrificanti (qui rientra la base GTL),24122913.0,27199.5,0.8869,no
2019-04,27101999,Altri oli lubrificanti (qui rientra la base GTL),19051999.0,19501.0,0.977,no
2019-05,27101999,Altri oli lubrificanti (qui rientra la base GTL),28889073.0,37061.2,0.7795,no
2019-06,27101999,Altri oli lubrificanti (qui rientra la base GTL),30366954.0,45816.0,0.6628,no
2019-07,27101999,Altri oli lubrificanti (qui rientra la base GTL),27994167.0,31418.0,0.891,no
2019-08,27101999,Altri oli lubrificanti (qui rientra la base GTL),20920182.0,27087.6,0.7723,no
2019-09,27101999,Altri oli lubrificanti (qui rientra la base GTL),24600268.0,37196.4,0.6614,no
2019-10,27101999,Altri oli lubrificanti (qui rientra la base GTL),26556521.0,37824.2,0.7021,no
2019-11,27101999,Altri oli lubrificanti (qui rientra la base GTL),20285442.0,23818.8,0.8517,no
2019-12,27101999,Altri oli lubrificanti (qui rientra la base GTL),17036218.0,31503.2,0.5408,no
2020-01,27101999,Altri oli lubrificanti (qui rientra la base GTL),24467705.0,39636.3,0.6173,no
2020-02,27101999,Altri oli lubrificanti (qui rientra la base GTL),19834054.0,23690.7,0.8372,no
2020-03,27101999,Altri oli lubrificanti (qui rientra la base GTL),25870325.0,31763.4,0.8145,no
2020-04,27101999,Altri oli lubrificanti (qui rientra la base GTL),18986004.0,25887.2,0.7334,no
2020-05,27101999,Altri oli lubrificanti (qui rientra la base GTL),10748743.0,12928.1,0.8314,no
2020-06,27101999,Altri oli lubrificanti (qui rientra la base GTL),11490116.0,12827.8,0.8957,no
2020-07,27101999,Altri oli lubrificanti (qui rientra la base GTL),19544699.0,29871.3,0.6543,no
2020-08,27101999,Altri oli lubrificanti (qui rientra la base GTL),16135519.0,32297.1,0.4996,no
2020-09,27101999,Altri oli lubrificanti (qui rientra la base GTL),16342015.0,21672.7,0.754,no
2020-10,27101999,Altri oli lubrificanti (qui rientra la base GTL),25153959.0,40716.5,0.6178,no
2020-11,27101999,Altri oli lubrificanti (qui rientra la base GTL),26041600.0,50883.6,0.5118,no
2020-12,27101999,Altri oli lubrificanti (qui rientra la base GTL),16175117.0,20456.7,0.7907,no
2021-01,27101999,Altri oli lubrificanti (qui rientra la base GTL),19220269.0,32655.9,0.5886,no
2021-02,27101999,Altri oli lubrificanti (qui rientra la base GTL),17318468.0,20877.6,0.8295,no
2021-03,27101999,Altri oli lubrificanti (qui rientra la base GTL),37814371.0,49922.0,0.7575,no
2021-04,27101999,Altri oli lubrificanti (qui rientra la base GTL),40928629.0,41445.4,0.9875,no
2021-05,27101999,Altri oli lubrificanti (qui rientra la base GTL),34692624.0,31125.1,1.1146,no
2021-06,27101999,Altri oli lubrificanti (qui rientra la base GTL),40313043.0,33744.5,1.1947,no
2021-07,27101999,Altri oli lubrificanti (qui rientra la base GTL),33013247.0,35701.7,0.9247,no
2021-08,27101999,Altri oli lubrificanti (qui rientra la base GTL),37615051.0,39272.6,0.9578,no
2021-09,27101999,Altri oli lubrificanti (qui rientra la base GTL),43134155.0,30875.6,1.397,no
2021-10,27101999,Altri oli lubrificanti (qui rientra la base GTL),41823775.0,42300.3,0.9887,no
2021-11,27101999,Altri oli lubrificanti (qui rientra la base GTL),34917267.0,37406.1,0.9335,no
2021-12,27101999,Altri oli lubrificanti (qui rientra la base GTL),37740758.0,38083.9,0.991,no
2022-01,27101999,Altri oli lubrificanti (qui rientra la base GTL),37364643.0,30697.0,1.2172,no
2022-02,27101999,Altri oli lubrificanti (qui rientra la base GTL),54332789.0,51984.1,1.0452,no
2022-03,27101999,Altri oli lubrificanti (qui rientra la base GTL),40597260.0,32054.1,1.2665,no
2022-04,27101999,Altri oli lubrificanti (qui rientra la base GTL),46643163.0,41505.2,1.1238,no
2022-05,27101999,Altri oli lubrificanti (qui rientra la base GTL),87362540.0,57370.2,1.5228,no
2022-06,27101999,Altri oli lubrificanti (qui rientra la base GTL),64936041.0,47387.0,1.3703,no
2022-07,27101999,Altri oli lubrificanti (qui rientra la base GTL),58061710.0,42548.0,1.3646,no
2022-08,27101999,Altri oli lubrificanti (qui rientra la base GTL),51349444.0,28239.3,1.8184,no
2022-09,27101999,Altri oli lubrificanti (qui rientra la base GTL),51144944.0,38735.7,1.3204,no
2022-10,27101999,Altri oli lubrificanti (qui rientra la base GTL),60420483.0,43500.9,1.3889,no
2022-11,27101999,Altri oli lubrificanti (qui rientra la base GTL),54504080.0,41171.8,1.3238,no
2022-12,27101999,Altri oli lubrificanti (qui rientra la base GTL),38038307.0,30710.5,1.2386,no
2023-01,27101999,Altri oli lubrificanti (qui rientra la base GTL),32158669.0,23235.1,1.3841,no
2023-02,27101999,Altri oli lubrificanti (qui rientra la base GTL),48043632.0,39601.9,1.2132,no
2023-03,27101999,Altri oli lubrificanti (qui rientra la base GTL),41419923.0,29898.1,1.3854,no
2023-04,27101999,Altri oli lubrificanti (qui rientra la base GTL),35302702.0,23728.9,1.4878,no
2023-05,27101999,Altri oli lubrificanti (qui rientra la base GTL),47646703.0,38485.2,1.2381,no
2023-06,27101999,Altri oli lubrificanti (qui rientra la base GTL),32881544.0,24325.6,1.3517,no
2023-07,27101999,Altri oli lubrificanti (qui rientra la base GTL),63844935.0,46994.3,1.3586,no
2023-08,27101999,Altri oli lubrificanti (qui rientra la base GTL),42837278.0,42760.2,1.0018,no
2023-09,27101999,Altri oli lubrificanti (qui rientra la base GTL),48213559.0,36793.0,1.3104,no
2023-10,27101999,Altri oli lubrificanti (qui rientra la base GTL),57569038.0,58511.1,0.9839,no
2023-11,27101999,Altri oli lubrificanti (qui rientra la base GTL),37734437.0,30259.2,1.247,no
2023-12,27101999,Altri oli lubrificanti (qui rientra la base GTL),34398152.0,27457.4,1.2528,no
2024-01,27101999,Altri oli lubrificanti (qui rientra la base GTL),41082709.0,35444.0,1.1591,no
2024-02,27101999,Altri oli lubrificanti (qui rientra la base GTL),33809496.0,30275.7,1.1167,no
2024-03,27101999,Altri oli lubrificanti (qui rientra la base GTL),45206295.0,47801.6,0.9457,no
2024-04,27101999,Altri oli lubrificanti (qui rientra la base GTL),50048705.0,48409.0,1.0339,no
2024-05,27101999,Altri oli lubrificanti (qui rientra la base GTL),55587733.0,50840.1,1.0934,no
2024-06,27101999,Altri oli lubrificanti (qui rientra la base GTL),59584774.0,59588.0,0.9999,no
2024-07,27101999,Altri oli lubrificanti (qui rientra la base GTL),91257934.0,77061.1,1.1842,no
2024-08,27101999,Altri oli lubrificanti (qui rientra la base GTL),40464381.0,31039.9,1.3036,no
2024-09,27101999,Altri oli lubrificanti (qui rientra la base GTL),50633430.0,39943.5,1.2676,no
2024-10,27101999,Altri oli lubrificanti (qui rientra la base GTL),66024823.0,52153.8,1.266,no
2024-11,27101999,Altri oli lubrificanti (qui rientra la base GTL),51542783.0,48232.0,1.0686,no
2024-12,27101999,Altri oli lubrificanti (qui rientra la base GTL),25995310.0,19785.9,1.3138,no
2025-01,27101999,Altri oli lubrificanti (qui rientra la base GTL),50323035.0,40177.9,1.2525,no
2025-02,27101999,Altri oli lubrificanti (qui rientra la base GTL),58176308.0,50914.1,1.1426,no
2025-03,27101999,Altri oli lubrificanti (qui rientra la base GTL),52104322.0,41255.0,1.263,no
2025-04,27101999,Altri oli lubrificanti (qui rientra la base GTL),53296797.0,47329.1,1.1261,no
2025-05,27101999,Altri oli lubrificanti (qui rientra la base GTL),55374930.0,46625.3,1.1877,no
2025-06,27101999,Altri oli lubrificanti (qui rientra la base GTL),51902850.0,49234.2,1.0542,no
2025-07,27101999,Altri oli lubrificanti (qui rientra la base GTL),40862110.0,31824.8,1.284,no
2025-08,27101999,Altri oli lubrificanti (qui rientra la base GTL),34703597.0,17937.2,1.9347,no
2025-09,27101999,Altri oli lubrificanti (qui rientra la base GTL),33509112.0,19601.9,1.7095,no
2025-10,27101999,Altri oli lubrificanti (qui rientra la base GTL),62701523.0,55405.0,1.1317,no
2025-11,27101999,Altri oli lubrificanti (qui rientra la base GTL),31576554.0,29257.3,1.0793,no
2025-12,27101999,Altri oli lubrificanti (qui rientra la base GTL),38555700.0,41284.8,0.9339,no
2026-01,27101999,Altri oli lubrificanti (qui rientra la base GTL),37764757.0,44043.3,0.8574,no
2026-02,27101999,Altri oli lubrificanti (qui rientra la base GTL),36054878.0,34562.8,1.0432,no
2026-03,27101999,Altri oli lubrificanti (qui rientra la base GTL),48451053.0,46783.5,1.0356,no
2026-04,27101999,Altri oli lubrificanti (qui rientra la base GTL),49915460.0,41493.7,1.203,no
2026-05,27101999,Altri oli lubrificanti (qui rientra la base GTL),73211984.0,48144.0,1.5207,no
2026-06,27101999,Altri oli lubrificanti (qui rientra la base GTL),12564620.0,8648.4,1.4528,si
